{
    "delete": {
        "baseline": {
            "cpu_util": 0.0,
            "disk_read": 0.8595709800720215,
            "disk_write": 15.526906967163086,
            "disk_used": 4.898754119873047,
            "disk_free": 23.103321075439453,
            "virtual_used": 1.7304039001464844,
            "virtual_free": 2.0165481567382812
        },
        "samples": [
            {
                "cpu_util": 0.0,
                "disk_read": 0.8595709800720215,
                "disk_write": 15.526910781860352,
                "disk_used": 4.898754119873047,
                "disk_free": 23.103321075439453,
                "virtual_used": 1.7304039001464844,
                "virtual_free": 2.0165481567382812,
                "sample": 1
            }
        ],
        "response_time": 0.0007939338684082031
    },
    "create": {
        "baseline": {
            "cpu_util": 0.0,
            "disk_read": 0.8595709800720215,
            "disk_write": 15.526910781860352,
            "disk_used": 4.898754119873047,
            "disk_free": 23.103321075439453,
            "virtual_used": 1.7304039001464844,
            "virtual_free": 2.0165481567382812
        },
        "samples": [
            {
                "cpu_util": 5.0,
                "disk_read": 0.8595709800720215,
                "disk_write": 15.527078628540039,
                "disk_used": 4.898761749267578,
                "disk_free": 23.103313446044922,
                "virtual_used": 1.7303848266601562,
                "virtual_free": 2.0165672302246094,
                "sample": 1
            }
        ],
        "response_time": 0.02024555206298828
    },
    "replaceOneUnstruct": {
        "baseline": {
            "cpu_util": 0.0,
            "disk_read": 0.8595709800720215,
            "disk_write": 15.527078628540039,
            "disk_used": 4.898761749267578,
            "disk_free": 23.103313446044922,
            "virtual_used": 1.7303848266601562,
            "virtual_free": 2.0165672302246094
        },
        "samples": [
            {
                "cpu_util": 0.0,
                "disk_read": 0.8595709800720215,
                "disk_write": 15.527082443237305,
                "disk_used": 4.898761749267578,
                "disk_free": 23.103313446044922,
                "virtual_used": 1.7303848266601562,
                "virtual_free": 2.0165672302246094,
                "sample": 1
            }
        ],
        "response_time": 0.0019030570983886719
    }
}