{
    "delete": {
        "baseline": {
            "cpu_util": 0.0,
            "disk_read": 53.64985704421997,
            "disk_write": 6.969560623168945,
            "disk_used": 5.890682220458984,
            "disk_free": 22.111392974853516,
            "virtual_used": 1.0269546508789062,
            "virtual_free": 0.8389091491699219
        },
        "samples": [
            {
                "cpu_util": 4.8,
                "disk_read": 53.64985704421997,
                "disk_write": 6.969564437866211,
                "disk_used": 5.890682220458984,
                "disk_free": 22.111392974853516,
                "virtual_used": 1.0269546508789062,
                "virtual_free": 0.8389091491699219,
                "sample": 1
            }
        ],
        "response_time": 0.0008842945098876953
    },
    "create": {
        "baseline": {
            "cpu_util": 0.0,
            "disk_read": 53.64985704421997,
            "disk_write": 6.969564437866211,
            "disk_used": 5.890682220458984,
            "disk_free": 22.111392974853516,
            "virtual_used": 1.0268516540527344,
            "virtual_free": 0.8390121459960938
        },
        "samples": [
            {
                "cpu_util": 14.3,
                "disk_read": 53.64985704421997,
                "disk_write": 6.969743728637695,
                "disk_used": 5.890689849853516,
                "disk_free": 22.111385345458984,
                "virtual_used": 1.0267982482910156,
                "virtual_free": 0.8390655517578125,
                "sample": 1
            }
        ],
        "response_time": 0.026023387908935547
    },
    "replaceOneStruct": {
        "baseline": {
            "cpu_util": 0.0,
            "disk_read": 53.64985704421997,
            "disk_write": 6.969816207885742,
            "disk_used": 5.890689849853516,
            "disk_free": 22.111385345458984,
            "virtual_used": 1.0267524719238281,
            "virtual_free": 0.839111328125
        },
        "samples": [
            {
                "cpu_util": 9.1,
                "disk_read": 53.64985704421997,
                "disk_write": 6.969820022583008,
                "disk_used": 5.890689849853516,
                "disk_free": 22.111385345458984,
                "virtual_used": 1.0267524719238281,
                "virtual_free": 0.839111328125,
                "sample": 1
            }
        ],
        "response_time": 0.004376888275146484
    }
}