{
    "delete": {
        "baseline": {
            "cpu_util": 0.0,
            "disk_read": 53.649967670440674,
            "disk_write": 7.268148422241211,
            "disk_used": 6.002948760986328,
            "disk_free": 21.999126434326172,
            "virtual_used": 1.0348091125488281,
            "virtual_free": 0.8310546875
        },
        "samples": [
            {
                "cpu_util": 0.0,
                "disk_read": 53.649967670440674,
                "disk_write": 7.268152236938477,
                "disk_used": 6.002952575683594,
                "disk_free": 21.999122619628906,
                "virtual_used": 1.0348091125488281,
                "virtual_free": 0.8310546875,
                "sample": 1
            }
        ],
        "response_time": 0.0008828639984130859
    },
    "create": {
        "baseline": {
            "cpu_util": 0.0,
            "disk_read": 53.649967670440674,
            "disk_write": 7.268152236938477,
            "disk_used": 6.002952575683594,
            "disk_free": 21.999122619628906,
            "virtual_used": 1.0348091125488281,
            "virtual_free": 0.8310546875
        },
        "samples": [
            {
                "cpu_util": 9.1,
                "disk_read": 53.649967670440674,
                "disk_write": 7.268346786499023,
                "disk_used": 6.002960205078125,
                "disk_free": 21.999114990234375,
                "virtual_used": 1.0347328186035156,
                "virtual_free": 0.8311309814453125,
                "sample": 1
            }
        ],
        "response_time": 0.021973609924316406
    },
    "insertOneThenUpdateBirthdayStruct": {
        "baseline": {
            "cpu_util": 0.0,
            "disk_read": 53.649967670440674,
            "disk_write": 7.268377304077148,
            "disk_used": 6.002960205078125,
            "disk_free": 21.999114990234375,
            "virtual_used": 1.03472900390625,
            "virtual_free": 0.8311347961425781
        },
        "samples": [
            {
                "cpu_util": 0.0,
                "disk_read": 53.649967670440674,
                "disk_write": 7.268381118774414,
                "disk_used": 6.002960205078125,
                "disk_free": 21.999114990234375,
                "virtual_used": 1.0347213745117188,
                "virtual_free": 0.8311424255371094,
                "sample": 1
            }
        ],
        "response_time": 0.0018451213836669922
    }
}