{
    "delete": {
        "baseline": {
            "cpu_util": 15.0,
            "disk_read": 53.649967670440674,
            "disk_write": 7.262731552124023,
            "disk_used": 6.002925872802734,
            "disk_free": 21.999149322509766,
            "virtual_used": 1.0346641540527344,
            "virtual_free": 0.8311996459960938
        },
        "samples": [
            {
                "cpu_util": 4.8,
                "disk_read": 53.649967670440674,
                "disk_write": 7.262735366821289,
                "disk_used": 6.002925872802734,
                "disk_free": 21.999149322509766,
                "virtual_used": 1.0346641540527344,
                "virtual_free": 0.8311996459960938,
                "sample": 1
            }
        ],
        "response_time": 0.000993967056274414
    },
    "create": {
        "baseline": {
            "cpu_util": 0.0,
            "disk_read": 53.649967670440674,
            "disk_write": 7.262735366821289,
            "disk_used": 6.002925872802734,
            "disk_free": 21.999149322509766,
            "virtual_used": 1.034881591796875,
            "virtual_free": 0.8309822082519531
        },
        "samples": [
            {
                "cpu_util": 5.0,
                "disk_read": 53.649967670440674,
                "disk_write": 7.262903213500977,
                "disk_used": 6.002933502197266,
                "disk_free": 21.999141693115234,
                "virtual_used": 1.0348129272460938,
                "virtual_free": 0.8310508728027344,
                "sample": 1
            }
        ],
        "response_time": 0.02030181884765625
    },
    "insertOneThenUpdateBirthdayStruct": {
        "baseline": {
            "cpu_util": 0.0,
            "disk_read": 53.649967670440674,
            "disk_write": 7.262903213500977,
            "disk_used": 6.002933502197266,
            "disk_free": 21.999141693115234,
            "virtual_used": 1.0348129272460938,
            "virtual_free": 0.8310508728027344
        },
        "samples": [
            {
                "cpu_util": 0.0,
                "disk_read": 53.649967670440674,
                "disk_write": 7.262907028198242,
                "disk_used": 6.002933502197266,
                "disk_free": 21.999141693115234,
                "virtual_used": 1.0348129272460938,
                "virtual_free": 0.8310508728027344,
                "sample": 1
            }
        ],
        "response_time": 0.0017070770263671875
    }
}