{
    "delete": {
        "baseline": {
            "cpu_util": 0.0,
            "disk_read": 53.649967670440674,
            "disk_write": 7.270685195922852,
            "disk_used": 6.003116607666016,
            "disk_free": 21.998958587646484,
            "virtual_used": 1.0354537963867188,
            "virtual_free": 0.8304100036621094
        },
        "samples": [
            {
                "cpu_util": 4.5,
                "disk_read": 53.649967670440674,
                "disk_write": 7.270689010620117,
                "disk_used": 6.003120422363281,
                "disk_free": 21.99895477294922,
                "virtual_used": 1.0354461669921875,
                "virtual_free": 0.8304176330566406,
                "sample": 1
            }
        ],
        "response_time": 0.001010894775390625
    },
    "create": {
        "baseline": {
            "cpu_util": 0.0,
            "disk_read": 53.649967670440674,
            "disk_write": 7.270689010620117,
            "disk_used": 6.003120422363281,
            "disk_free": 21.99895477294922,
            "virtual_used": 1.0354461669921875,
            "virtual_free": 0.8304176330566406
        },
        "samples": [
            {
                "cpu_util": 5.3,
                "disk_read": 53.649967670440674,
                "disk_write": 7.270872116088867,
                "disk_used": 6.0031280517578125,
                "disk_free": 21.998947143554688,
                "virtual_used": 1.0353965759277344,
                "virtual_free": 0.8304672241210938,
                "sample": 1
            }
        ],
        "response_time": 0.024054765701293945
    },
    "aggregateStruct": {
        "baseline": {
            "cpu_util": 0.0,
            "disk_read": 53.649967670440674,
            "disk_write": 7.27094841003418,
            "disk_used": 6.0031280517578125,
            "disk_free": 21.998947143554688,
            "virtual_used": 1.0353164672851562,
            "virtual_free": 0.8305473327636719
        },
        "samples": [
            {
                "cpu_util": 0.0,
                "disk_read": 53.649967670440674,
                "disk_write": 7.27094841003418,
                "disk_used": 6.0031280517578125,
                "disk_free": 21.998947143554688,
                "virtual_used": 1.0353164672851562,
                "virtual_free": 0.8305473327636719,
                "sample": 1
            }
        ],
        "response_time": 0.001733541488647461
    }
}