{
    "delete": {
        "baseline": {
            "cpu_util": 0.0,
            "disk_read": 0.8595709800720215,
            "disk_write": 15.493597030639648,
            "disk_used": 4.8584136962890625,
            "disk_free": 23.143661499023438,
            "virtual_used": 1.7962913513183594,
            "virtual_free": 1.9506607055664062
        },
        "samples": [
            {
                "cpu_util": 0.0,
                "disk_read": 0.8595709800720215,
                "disk_write": 15.493600845336914,
                "disk_used": 4.858417510986328,
                "disk_free": 23.143657684326172,
                "virtual_used": 1.7962875366210938,
                "virtual_free": 1.9506645202636719,
                "sample": 1
            }
        ],
        "response_time": 0.0009686946868896484
    },
    "create": {
        "baseline": {
            "cpu_util": 0.0,
            "disk_read": 0.8595709800720215,
            "disk_write": 15.493600845336914,
            "disk_used": 4.858417510986328,
            "disk_free": 23.143657684326172,
            "virtual_used": 1.7962875366210938,
            "virtual_free": 1.9506645202636719
        },
        "samples": [
            {
                "cpu_util": 71.4,
                "disk_read": 0.8595709800720215,
                "disk_write": 15.493768692016602,
                "disk_used": 4.868579864501953,
                "disk_free": 23.133495330810547,
                "virtual_used": 1.7970085144042969,
                "virtual_free": 1.9499435424804688,
                "sample": 1
            }
        ],
        "response_time": 0.01277780532836914
    },
    "insertManyUnstruct": {
        "baseline": {
            "cpu_util": 0.0,
            "disk_read": 0.8595709800720215,
            "disk_write": 15.493768692016602,
            "disk_used": 4.868587493896484,
            "disk_free": 23.133487701416016,
            "virtual_used": 1.796905517578125,
            "virtual_free": 1.9500465393066406
        },
        "samples": [
            {
                "cpu_util": 50.0,
                "disk_read": 0.8595709800720215,
                "disk_write": 15.493768692016602,
                "disk_used": 4.868587493896484,
                "disk_free": 23.133487701416016,
                "virtual_used": 1.7971458435058594,
                "virtual_free": 1.9498062133789062,
                "sample": 1
            },
            {
                "cpu_util": 52.6,
                "disk_read": 0.8595709800720215,
                "disk_write": 15.49537467956543,
                "disk_used": 4.868587493896484,
                "disk_free": 23.133487701416016,
                "virtual_used": 1.7870864868164062,
                "virtual_free": 1.9598655700683594,
                "sample": 2
            },
            {
                "cpu_util": 35.0,
                "disk_read": 0.8595709800720215,
                "disk_write": 15.502279281616211,
                "disk_used": 4.868587493896484,
                "disk_free": 23.133487701416016,
                "virtual_used": 1.7830162048339844,
                "virtual_free": 1.9639358520507812,
                "sample": 3
            }
        ],
        "response_time": 0.7563433647155762
    }
}