{
    "delete": {
        "baseline": {
            "cpu_util": 9.5,
            "disk_read": 12.457683563232422,
            "disk_write": 4.778280258178711,
            "disk_used": 4.070415496826172,
            "disk_free": 23.931659698486328,
            "virtual_used": 1.0697669982910156,
            "virtual_free": 0.7961006164550781
        },
        "samples": [
            {
                "cpu_util": 4.8,
                "disk_read": 12.457683563232422,
                "disk_write": 4.778284072875977,
                "disk_used": 4.070415496826172,
                "disk_free": 23.931659698486328,
                "virtual_used": 1.0697555541992188,
                "virtual_free": 0.796112060546875,
                "sample": 1
            }
        ],
        "response_time": 0.0013010501861572266
    },
    "create": {
        "baseline": {
            "cpu_util": 0.0,
            "disk_read": 12.457683563232422,
            "disk_write": 4.778284072875977,
            "disk_used": 4.070415496826172,
            "disk_free": 23.931659698486328,
            "virtual_used": 1.0697555541992188,
            "virtual_free": 0.796112060546875
        },
        "samples": [
            {
                "cpu_util": 45.5,
                "disk_read": 12.457683563232422,
                "disk_write": 4.778501510620117,
                "disk_used": 4.070423126220703,
                "disk_free": 23.931652069091797,
                "virtual_used": 1.069671630859375,
                "virtual_free": 0.7961959838867188,
                "sample": 1
            }
        ],
        "response_time": 0.1344926357269287
    },
    "insertOneThenUpdateBirthdayStruct": {
        "baseline": {
            "cpu_util": 0.0,
            "disk_read": 12.457683563232422,
            "disk_write": 4.778928756713867,
            "disk_used": 4.070423126220703,
            "disk_free": 23.931652069091797,
            "virtual_used": 1.0692634582519531,
            "virtual_free": 0.7966041564941406
        },
        "samples": [
            {
                "cpu_util": 9.1,
                "disk_read": 12.457683563232422,
                "disk_write": 4.778932571411133,
                "disk_used": 4.070423126220703,
                "disk_free": 23.931652069091797,
                "virtual_used": 1.0681571960449219,
                "virtual_free": 0.7977104187011719,
                "sample": 1
            }
        ],
        "response_time": 0.011984109878540039
    }
}