{
    "delete": {
        "baseline": {
            "cpu_util": 0.0,
            "disk_read": 0.7575182914733887,
            "disk_write": 15.662267684936523,
            "disk_used": 3.8613433837890625,
            "disk_free": 24.140731811523438,
            "virtual_used": 1.6008758544921875,
            "virtual_free": 2.1460800170898438
        },
        "samples": [
            {
                "cpu_util": 0.0,
                "disk_read": 0.7575182914733887,
                "disk_write": 15.662271499633789,
                "disk_used": 3.8613433837890625,
                "disk_free": 24.140731811523438,
                "virtual_used": 1.6007957458496094,
                "virtual_free": 2.146160125732422,
                "sample": 1
            }
        ],
        "response_time": 0.0008375644683837891
    },
    "create": {
        "baseline": {
            "cpu_util": 0.0,
            "disk_read": 0.7575182914733887,
            "disk_write": 15.662271499633789,
            "disk_used": 3.8613433837890625,
            "disk_free": 24.140731811523438,
            "virtual_used": 1.6007957458496094,
            "virtual_free": 2.146160125732422
        },
        "samples": [
            {
                "cpu_util": 9.1,
                "disk_read": 0.7575182914733887,
                "disk_write": 15.66248893737793,
                "disk_used": 3.8613510131835938,
                "disk_free": 24.140724182128906,
                "virtual_used": 1.6007347106933594,
                "virtual_free": 2.146221160888672,
                "sample": 1
            }
        ],
        "response_time": 0.01743030548095703
    },
    "aggregateStruct": {
        "baseline": {
            "cpu_util": 0.0,
            "disk_read": 0.7575182914733887,
            "disk_write": 15.66248893737793,
            "disk_used": 3.8613510131835938,
            "disk_free": 24.140724182128906,
            "virtual_used": 1.6007347106933594,
            "virtual_free": 2.146221160888672
        },
        "samples": [
            {
                "cpu_util": 0.0,
                "disk_read": 0.7575182914733887,
                "disk_write": 15.66248893737793,
                "disk_used": 3.8613510131835938,
                "disk_free": 24.140724182128906,
                "virtual_used": 1.6007347106933594,
                "virtual_free": 2.146221160888672,
                "sample": 1
            }
        ],
        "response_time": 0.0015628337860107422
    }
}