{
    "delete": {
        "baseline": {
            "cpu_util": 0.0,
            "disk_read": 0.7575182914733887,
            "disk_write": 15.663019180297852,
            "disk_used": 3.861370086669922,
            "disk_free": 24.140705108642578,
            "virtual_used": 1.6007270812988281,
            "virtual_free": 2.146228790283203
        },
        "samples": [
            {
                "cpu_util": 0.0,
                "disk_read": 0.7575182914733887,
                "disk_write": 15.663022994995117,
                "disk_used": 3.861370086669922,
                "disk_free": 24.140705108642578,
                "virtual_used": 1.6007270812988281,
                "virtual_free": 2.146228790283203,
                "sample": 1
            }
        ],
        "response_time": 0.0008573532104492188
    },
    "create": {
        "baseline": {
            "cpu_util": 0.0,
            "disk_read": 0.7575182914733887,
            "disk_write": 15.663022994995117,
            "disk_used": 3.861370086669922,
            "disk_free": 24.140705108642578,
            "virtual_used": 1.6006584167480469,
            "virtual_free": 2.1462974548339844
        },
        "samples": [
            {
                "cpu_util": 0.0,
                "disk_read": 0.7575182914733887,
                "disk_write": 15.663183212280273,
                "disk_used": 3.861377716064453,
                "disk_free": 24.140697479248047,
                "virtual_used": 1.6006011962890625,
                "virtual_free": 2.1463546752929688,
                "sample": 1
            }
        ],
        "response_time": 0.022114038467407227
    },
    "aggregateStruct": {
        "baseline": {
            "cpu_util": 0.0,
            "disk_read": 0.7575182914733887,
            "disk_write": 15.663248062133789,
            "disk_used": 3.861377716064453,
            "disk_free": 24.140697479248047,
            "virtual_used": 1.6006011962890625,
            "virtual_free": 2.1463546752929688
        },
        "samples": [
            {
                "cpu_util": 4.8,
                "disk_read": 0.7575182914733887,
                "disk_write": 15.663248062133789,
                "disk_used": 3.861377716064453,
                "disk_free": 24.140697479248047,
                "virtual_used": 1.6006011962890625,
                "virtual_free": 2.1463546752929688,
                "sample": 1
            }
        ],
        "response_time": 0.0015027523040771484
    }
}