{
    "delete": {
        "baseline": {
            "cpu_util": 4.8,
            "disk_read": 0.3494758605957031,
            "disk_write": 4.009702682495117,
            "disk_used": 3.8912734985351562,
            "disk_free": 24.110801696777344,
            "virtual_used": 1.1546096801757812,
            "virtual_free": 2.592357635498047
        },
        "samples": [
            {
                "cpu_util": 0.0,
                "disk_read": 0.3494758605957031,
                "disk_write": 4.009706497192383,
                "disk_used": 3.8912734985351562,
                "disk_free": 24.110801696777344,
                "virtual_used": 1.1546096801757812,
                "virtual_free": 2.592357635498047,
                "sample": 1
            }
        ],
        "response_time": 0.0008478164672851562
    },
    "create": {
        "baseline": {
            "cpu_util": 0.0,
            "disk_read": 0.3494758605957031,
            "disk_write": 4.009706497192383,
            "disk_used": 3.8912734985351562,
            "disk_free": 24.110801696777344,
            "virtual_used": 1.1546096801757812,
            "virtual_free": 2.592357635498047
        },
        "samples": [
            {
                "cpu_util": 0.0,
                "disk_read": 0.3494758605957031,
                "disk_write": 4.009870529174805,
                "disk_used": 3.8912811279296875,
                "disk_free": 24.110794067382812,
                "virtual_used": 1.1545982360839844,
                "virtual_free": 2.5923690795898438,
                "sample": 1
            }
        ],
        "response_time": 0.01933145523071289
    },
    "updateOneStruct": {
        "baseline": {
            "cpu_util": 0.0,
            "disk_read": 0.3494758605957031,
            "disk_write": 4.009904861450195,
            "disk_used": 3.8912811279296875,
            "disk_free": 24.110794067382812,
            "virtual_used": 1.1545982360839844,
            "virtual_free": 2.5923690795898438
        },
        "samples": [
            {
                "cpu_util": 0.0,
                "disk_read": 0.3494758605957031,
                "disk_write": 4.009908676147461,
                "disk_used": 3.8912811279296875,
                "disk_free": 24.110794067382812,
                "virtual_used": 1.1545791625976562,
                "virtual_free": 2.592388153076172,
                "sample": 1
            }
        ],
        "response_time": 0.0022029876708984375
    }
}