{
    "delete": {
        "baseline": {
            "cpu_util": 0.0,
            "disk_read": 0.3494758605957031,
            "disk_write": 2.855470657348633,
            "disk_used": 3.7529373168945312,
            "disk_free": 24.24913787841797,
            "virtual_used": 0.9869346618652344,
            "virtual_free": 2.7600326538085938
        },
        "samples": [
            {
                "cpu_util": 0.0,
                "disk_read": 0.3494758605957031,
                "disk_write": 2.8554744720458984,
                "disk_used": 3.752941131591797,
                "disk_free": 24.249134063720703,
                "virtual_used": 0.9871711730957031,
                "virtual_free": 2.759796142578125,
                "sample": 1
            }
        ],
        "response_time": 0.0008745193481445312
    },
    "create": {
        "baseline": {
            "cpu_util": 0.0,
            "disk_read": 0.3494758605957031,
            "disk_write": 2.8554744720458984,
            "disk_used": 3.752941131591797,
            "disk_free": 24.249134063720703,
            "virtual_used": 0.9871711730957031,
            "virtual_free": 2.759796142578125
        },
        "samples": [
            {
                "cpu_util": 28.6,
                "disk_read": 0.3494758605957031,
                "disk_write": 2.855783462524414,
                "disk_used": 3.752948760986328,
                "disk_free": 24.249126434326172,
                "virtual_used": 0.9883232116699219,
                "virtual_free": 2.7586441040039062,
                "sample": 1
            }
        ],
        "response_time": 0.08086347579956055
    },
    "insertOneStruct": {
        "baseline": {
            "cpu_util": 0.0,
            "disk_read": 0.3494758605957031,
            "disk_write": 2.856119155883789,
            "disk_used": 3.752948760986328,
            "disk_free": 24.249126434326172,
            "virtual_used": 0.9882659912109375,
            "virtual_free": 2.7587013244628906
        },
        "samples": [
            {
                "cpu_util": 0.0,
                "disk_read": 0.3494758605957031,
                "disk_write": 2.8561229705810547,
                "disk_used": 3.752948760986328,
                "disk_free": 24.249126434326172,
                "virtual_used": 0.9882659912109375,
                "virtual_free": 2.7587013244628906,
                "sample": 1
            }
        ],
        "response_time": 0.0009636878967285156
    }
}