{
    "delete": {
        "baseline": {
            "cpu_util": 0.0,
            "disk_read": 0.3494758605957031,
            "disk_write": 2.8567638397216797,
            "disk_used": 3.7529640197753906,
            "disk_free": 24.24911117553711,
            "virtual_used": 0.9618263244628906,
            "virtual_free": 2.7851409912109375
        },
        "samples": [
            {
                "cpu_util": 0.0,
                "disk_read": 0.3494758605957031,
                "disk_write": 2.8567676544189453,
                "disk_used": 3.7529640197753906,
                "disk_free": 24.24911117553711,
                "virtual_used": 0.9618263244628906,
                "virtual_free": 2.7851409912109375,
                "sample": 1
            }
        ],
        "response_time": 0.0008339881896972656
    },
    "create": {
        "baseline": {
            "cpu_util": 0.0,
            "disk_read": 0.3494758605957031,
            "disk_write": 2.8567676544189453,
            "disk_used": 3.7529640197753906,
            "disk_free": 24.24911117553711,
            "virtual_used": 0.9618263244628906,
            "virtual_free": 2.7851409912109375
        },
        "samples": [
            {
                "cpu_util": 38.1,
                "disk_read": 0.3494758605957031,
                "disk_write": 2.856912612915039,
                "disk_used": 3.7529754638671875,
                "disk_free": 24.249099731445312,
                "virtual_used": 0.9611129760742188,
                "virtual_free": 2.7858543395996094,
                "sample": 1
            }
        ],
        "response_time": 0.10455179214477539
    },
    "insertOneStruct": {
        "baseline": {
            "cpu_util": 14.3,
            "disk_read": 0.3494758605957031,
            "disk_write": 2.857389450073242,
            "disk_used": 3.7531585693359375,
            "disk_free": 24.248916625976562,
            "virtual_used": 0.9615974426269531,
            "virtual_free": 2.785369873046875
        },
        "samples": [
            {
                "cpu_util": 9.1,
                "disk_read": 0.3494758605957031,
                "disk_write": 2.857393264770508,
                "disk_used": 3.7531585693359375,
                "disk_free": 24.248916625976562,
                "virtual_used": 0.9625473022460938,
                "virtual_free": 2.7844200134277344,
                "sample": 1
            }
        ],
        "response_time": 0.0008985996246337891
    }
}