{
    "delete": {
        "baseline": {
            "cpu_util": 0.0,
            "disk_read": 16.939234256744385,
            "disk_write": 5.116628646850586,
            "disk_used": 3.876384735107422,
            "disk_free": 24.125690460205078,
            "virtual_used": 1.0669670104980469,
            "virtual_free": 0.7989006042480469
        },
        "samples": [
            {
                "cpu_util": 4.8,
                "disk_read": 16.939234256744385,
                "disk_write": 5.116632461547852,
                "disk_used": 3.8763885498046875,
                "disk_free": 24.125686645507812,
                "virtual_used": 1.0669593811035156,
                "virtual_free": 0.7989082336425781,
                "sample": 1
            }
        ],
        "response_time": 0.0008859634399414062
    },
    "create": {
        "baseline": {
            "cpu_util": 0.0,
            "disk_read": 16.939234256744385,
            "disk_write": 5.116708755493164,
            "disk_used": 3.8763885498046875,
            "disk_free": 24.125686645507812,
            "virtual_used": 1.0669593811035156,
            "virtual_free": 0.7989082336425781
        },
        "samples": [
            {
                "cpu_util": 13.6,
                "disk_read": 16.939234256744385,
                "disk_write": 5.116952896118164,
                "disk_used": 3.8763961791992188,
                "disk_free": 24.12567901611328,
                "virtual_used": 1.0668754577636719,
                "virtual_free": 0.7989921569824219,
                "sample": 1
            }
        ],
        "response_time": 0.019104480743408203
    },
    "updateOneStruct": {
        "baseline": {
            "cpu_util": 0.0,
            "disk_read": 16.939234256744385,
            "disk_write": 5.116952896118164,
            "disk_used": 3.8763961791992188,
            "disk_free": 24.12567901611328,
            "virtual_used": 1.0668754577636719,
            "virtual_free": 0.7989921569824219
        },
        "samples": [
            {
                "cpu_util": 0.0,
                "disk_read": 16.939234256744385,
                "disk_write": 5.11695671081543,
                "disk_used": 3.8763961791992188,
                "disk_free": 24.12567901611328,
                "virtual_used": 1.0668754577636719,
                "virtual_free": 0.7989921569824219,
                "sample": 1
            }
        ],
        "response_time": 0.0030431747436523438
    }
}