{
    "delete": {
        "baseline": {
            "cpu_util": 0.0,
            "disk_read": 0.8595709800720215,
            "disk_write": 15.525369644165039,
            "disk_used": 4.898681640625,
            "disk_free": 23.1033935546875,
            "virtual_used": 1.7305412292480469,
            "virtual_free": 2.0164108276367188
        },
        "samples": [
            {
                "cpu_util": 0.0,
                "disk_read": 0.8595709800720215,
                "disk_write": 15.525373458862305,
                "disk_used": 4.898681640625,
                "disk_free": 23.1033935546875,
                "virtual_used": 1.7305412292480469,
                "virtual_free": 2.0164108276367188,
                "sample": 1
            }
        ],
        "response_time": 0.0008375644683837891
    },
    "create": {
        "baseline": {
            "cpu_util": 0.0,
            "disk_read": 0.8595709800720215,
            "disk_write": 15.525373458862305,
            "disk_used": 4.898681640625,
            "disk_free": 23.1033935546875,
            "virtual_used": 1.7305335998535156,
            "virtual_free": 2.01641845703125
        },
        "samples": [
            {
                "cpu_util": 0.0,
                "disk_read": 0.8595709800720215,
                "disk_write": 15.525556564331055,
                "disk_used": 4.898689270019531,
                "disk_free": 23.10338592529297,
                "virtual_used": 1.73052978515625,
                "virtual_free": 2.0164222717285156,
                "sample": 1
            }
        ],
        "response_time": 0.018451929092407227
    },
    "updateManyUnstruct": {
        "baseline": {
            "cpu_util": 0.0,
            "disk_read": 0.8595709800720215,
            "disk_write": 15.525556564331055,
            "disk_used": 4.898689270019531,
            "disk_free": 23.10338592529297,
            "virtual_used": 1.73052978515625,
            "virtual_free": 2.0164222717285156
        },
        "samples": [
            {
                "cpu_util": 0.0,
                "disk_read": 0.8595709800720215,
                "disk_write": 15.525556564331055,
                "disk_used": 4.898689270019531,
                "disk_free": 23.10338592529297,
                "virtual_used": 1.73052978515625,
                "virtual_free": 2.0164222717285156,
                "sample": 1
            }
        ],
        "response_time": 0.0008218288421630859
    }
}