{
    "delete": {
        "baseline": {
            "cpu_util": 0.0,
            "disk_read": 0.3482065200805664,
            "disk_write": 4.194158554077148,
            "disk_used": 3.7815399169921875,
            "disk_free": 24.220535278320312,
            "virtual_used": 1.0951995849609375,
            "virtual_free": 2.6517601013183594
        },
        "samples": [
            {
                "cpu_util": 0.0,
                "disk_read": 0.3482065200805664,
                "disk_write": 4.194162368774414,
                "disk_used": 3.7815399169921875,
                "disk_free": 24.220535278320312,
                "virtual_used": 1.0951995849609375,
                "virtual_free": 2.6517601013183594,
                "sample": 1
            }
        ],
        "response_time": 0.0012774467468261719
    },
    "create": {
        "baseline": {
            "cpu_util": 0.0,
            "disk_read": 0.3482065200805664,
            "disk_write": 4.194162368774414,
            "disk_used": 3.7815399169921875,
            "disk_free": 24.220535278320312,
            "virtual_used": 1.0951995849609375,
            "virtual_free": 2.6517601013183594
        },
        "samples": [
            {
                "cpu_util": 9.1,
                "disk_read": 0.3482065200805664,
                "disk_write": 4.19434928894043,
                "disk_used": 3.7815475463867188,
                "disk_free": 24.22052764892578,
                "virtual_used": 1.0951919555664062,
                "virtual_free": 2.6517677307128906,
                "sample": 1
            }
        ],
        "response_time": 0.023186683654785156
    },
    "aggregateStruct": {
        "baseline": {
            "cpu_util": 0.0,
            "disk_read": 0.3482065200805664,
            "disk_write": 4.19434928894043,
            "disk_used": 3.7815475463867188,
            "disk_free": 24.22052764892578,
            "virtual_used": 1.0951766967773438,
            "virtual_free": 2.651782989501953
        },
        "samples": [
            {
                "cpu_util": 0.0,
                "disk_read": 0.3482065200805664,
                "disk_write": 4.19434928894043,
                "disk_used": 3.7815475463867188,
                "disk_free": 24.22052764892578,
                "virtual_used": 1.0951766967773438,
                "virtual_free": 2.651782989501953,
                "sample": 1
            }
        ],
        "response_time": 0.0013856887817382812
    }
}