{
    "delete": {
        "baseline": {
            "cpu_util": 0.0,
            "disk_read": 0.7575182914733887,
            "disk_write": 15.554407119750977,
            "disk_used": 4.0014190673828125,
            "disk_free": 24.000656127929688,
            "virtual_used": 1.591583251953125,
            "virtual_free": 2.1553726196289062
        },
        "samples": [
            {
                "cpu_util": 0.0,
                "disk_read": 0.7575182914733887,
                "disk_write": 15.554410934448242,
                "disk_used": 4.0014190673828125,
                "disk_free": 24.000656127929688,
                "virtual_used": 1.591583251953125,
                "virtual_free": 2.1553726196289062,
                "sample": 1
            }
        ],
        "response_time": 0.0010275840759277344
    },
    "create": {
        "baseline": {
            "cpu_util": 0.0,
            "disk_read": 0.7575182914733887,
            "disk_write": 15.554410934448242,
            "disk_used": 4.0014190673828125,
            "disk_free": 24.000656127929688,
            "virtual_used": 1.591583251953125,
            "virtual_free": 2.1553726196289062
        },
        "samples": [
            {
                "cpu_util": 5.0,
                "disk_read": 0.7575182914733887,
                "disk_write": 15.554574966430664,
                "disk_used": 4.001426696777344,
                "disk_free": 24.000648498535156,
                "virtual_used": 1.59173583984375,
                "virtual_free": 2.1552200317382812,
                "sample": 1
            }
        ],
        "response_time": 0.023819684982299805
    },
    "readManyStruct": {
        "baseline": {
            "cpu_util": 0.0,
            "disk_read": 0.7575182914733887,
            "disk_write": 15.554647445678711,
            "disk_used": 4.001426696777344,
            "disk_free": 24.000648498535156,
            "virtual_used": 1.59173583984375,
            "virtual_free": 2.1552200317382812
        },
        "samples": [
            {
                "cpu_util": 0.0,
                "disk_read": 0.7575182914733887,
                "disk_write": 15.554647445678711,
                "disk_used": 4.001426696777344,
                "disk_free": 24.000648498535156,
                "virtual_used": 1.59173583984375,
                "virtual_free": 2.1552200317382812,
                "sample": 1
            }
        ],
        "response_time": 9.632110595703125e-05
    }
}