{
    "delete": {
        "baseline": {
            "cpu_util": 0.0,
            "disk_read": 0.7575182914733887,
            "disk_write": 15.555089950561523,
            "disk_used": 4.001457214355469,
            "disk_free": 24.00061798095703,
            "virtual_used": 1.5920219421386719,
            "virtual_free": 2.1549339294433594
        },
        "samples": [
            {
                "cpu_util": 0.0,
                "disk_read": 0.7575182914733887,
                "disk_write": 15.555093765258789,
                "disk_used": 4.001457214355469,
                "disk_free": 24.00061798095703,
                "virtual_used": 1.5920181274414062,
                "virtual_free": 2.154937744140625,
                "sample": 1
            }
        ],
        "response_time": 0.001230478286743164
    },
    "create": {
        "baseline": {
            "cpu_util": 0.0,
            "disk_read": 0.7575182914733887,
            "disk_write": 15.555093765258789,
            "disk_used": 4.001457214355469,
            "disk_free": 24.00061798095703,
            "virtual_used": 1.5920181274414062,
            "virtual_free": 2.154937744140625
        },
        "samples": [
            {
                "cpu_util": 5.0,
                "disk_read": 0.7575182914733887,
                "disk_write": 15.55531120300293,
                "disk_used": 4.001468658447266,
                "disk_free": 24.000606536865234,
                "virtual_used": 1.5919570922851562,
                "virtual_free": 2.154998779296875,
                "sample": 1
            }
        ],
        "response_time": 0.023853540420532227
    },
    "readManyStruct": {
        "baseline": {
            "cpu_util": 0.0,
            "disk_read": 0.7575182914733887,
            "disk_write": 15.55531120300293,
            "disk_used": 4.001468658447266,
            "disk_free": 24.000606536865234,
            "virtual_used": 1.5919570922851562,
            "virtual_free": 2.154998779296875
        },
        "samples": [
            {
                "cpu_util": 0.0,
                "disk_read": 0.7575182914733887,
                "disk_write": 15.55531120300293,
                "disk_used": 4.001468658447266,
                "disk_free": 24.000606536865234,
                "virtual_used": 1.5919570922851562,
                "virtual_free": 2.154998779296875,
                "sample": 1
            }
        ],
        "response_time": 6.723403930664062e-05
    }
}