{
    "delete": {
        "baseline": {
            "cpu_util": 0.0,
            "disk_read": 0.3482065200805664,
            "disk_write": 2.866117477416992,
            "disk_used": 3.7565574645996094,
            "disk_free": 24.24551773071289,
            "virtual_used": 0.9577598571777344,
            "virtual_free": 2.7891998291015625
        },
        "samples": [
            {
                "cpu_util": 0.0,
                "disk_read": 0.3482065200805664,
                "disk_write": 2.866121292114258,
                "disk_used": 3.756561279296875,
                "disk_free": 24.245513916015625,
                "virtual_used": 0.9577598571777344,
                "virtual_free": 2.7891998291015625,
                "sample": 1
            }
        ],
        "response_time": 0.0008747577667236328
    },
    "create": {
        "baseline": {
            "cpu_util": 0.0,
            "disk_read": 0.3482065200805664,
            "disk_write": 2.866121292114258,
            "disk_used": 3.756561279296875,
            "disk_free": 24.245513916015625,
            "virtual_used": 0.9577484130859375,
            "virtual_free": 2.7892112731933594
        },
        "samples": [
            {
                "cpu_util": 45.0,
                "disk_read": 0.3482065200805664,
                "disk_write": 2.866262435913086,
                "disk_used": 3.7565689086914062,
                "disk_free": 24.245506286621094,
                "virtual_used": 0.9582977294921875,
                "virtual_free": 2.7886619567871094,
                "sample": 1
            }
        ],
        "response_time": 0.10549616813659668
    },
    "insertOneStruct": {
        "baseline": {
            "cpu_util": 0.0,
            "disk_read": 0.3482065200805664,
            "disk_write": 2.8667469024658203,
            "disk_used": 3.7565689086914062,
            "disk_free": 24.245506286621094,
            "virtual_used": 0.9582366943359375,
            "virtual_free": 2.7887229919433594
        },
        "samples": [
            {
                "cpu_util": 0.0,
                "disk_read": 0.3482065200805664,
                "disk_write": 2.866750717163086,
                "disk_used": 3.7565689086914062,
                "disk_free": 24.245506286621094,
                "virtual_used": 0.9584770202636719,
                "virtual_free": 2.788482666015625,
                "sample": 1
            }
        ],
        "response_time": 0.0008106231689453125
    }
}