{
    "delete": {
        "baseline": {
            "cpu_util": 0.0,
            "disk_read": 0.46952056884765625,
            "disk_write": 4.687780380249023,
            "disk_used": 4.001399993896484,
            "disk_free": 24.000675201416016,
            "virtual_used": 0.9591102600097656,
            "virtual_free": 0.9067573547363281
        },
        "samples": [
            {
                "cpu_util": 0.0,
                "disk_read": 0.46952056884765625,
                "disk_write": 4.687784194946289,
                "disk_used": 4.001399993896484,
                "disk_free": 24.000675201416016,
                "virtual_used": 0.9591102600097656,
                "virtual_free": 0.9067573547363281,
                "sample": 1
            }
        ],
        "response_time": 0.0012440681457519531
    },
    "create": {
        "baseline": {
            "cpu_util": 0.0,
            "disk_read": 0.46952056884765625,
            "disk_write": 4.687784194946289,
            "disk_used": 4.001399993896484,
            "disk_free": 24.000675201416016,
            "virtual_used": 0.9591102600097656,
            "virtual_free": 0.9067573547363281
        },
        "samples": [
            {
                "cpu_util": 0.0,
                "disk_read": 0.46952056884765625,
                "disk_write": 4.687948226928711,
                "disk_used": 4.001407623291016,
                "disk_free": 24.000667572021484,
                "virtual_used": 0.9590797424316406,
                "virtual_free": 0.9067878723144531,
                "sample": 1
            }
        ],
        "response_time": 0.019659757614135742
    },
    "aggregateStruct": {
        "baseline": {
            "cpu_util": 4.8,
            "disk_read": 0.46952056884765625,
            "disk_write": 4.687948226928711,
            "disk_used": 4.001407623291016,
            "disk_free": 24.000667572021484,
            "virtual_used": 0.9590797424316406,
            "virtual_free": 0.9067878723144531
        },
        "samples": [
            {
                "cpu_util": 0.0,
                "disk_read": 0.46952056884765625,
                "disk_write": 4.687948226928711,
                "disk_used": 4.001407623291016,
                "disk_free": 24.000667572021484,
                "virtual_used": 0.9590797424316406,
                "virtual_free": 0.9067878723144531,
                "sample": 1
            }
        ],
        "response_time": 0.0013725757598876953
    }
}