{
    "delete": {
        "baseline": {
            "cpu_util": 0.0,
            "disk_read": 0.34246397018432617,
            "disk_write": 2.9692554473876953,
            "disk_used": 3.800029754638672,
            "disk_free": 24.202045440673828,
            "virtual_used": 1.0886383056640625,
            "virtual_free": 2.6583175659179688
        },
        "samples": [
            {
                "cpu_util": 0.0,
                "disk_read": 0.34246397018432617,
                "disk_write": 2.969259262084961,
                "disk_used": 3.800029754638672,
                "disk_free": 24.202045440673828,
                "virtual_used": 1.0886344909667969,
                "virtual_free": 2.6583213806152344,
                "sample": 1
            }
        ],
        "response_time": 0.0008397102355957031
    },
    "create": {
        "baseline": {
            "cpu_util": 0.0,
            "disk_read": 0.34246397018432617,
            "disk_write": 2.969259262084961,
            "disk_used": 3.800029754638672,
            "disk_free": 24.202045440673828,
            "virtual_used": 1.0886344909667969,
            "virtual_free": 2.6583213806152344
        },
        "samples": [
            {
                "cpu_util": 5.0,
                "disk_read": 0.34246397018432617,
                "disk_write": 2.969442367553711,
                "disk_used": 3.8000411987304688,
                "disk_free": 24.20203399658203,
                "virtual_used": 1.0886116027832031,
                "virtual_free": 2.658344268798828,
                "sample": 1
            }
        ],
        "response_time": 0.018968820571899414
    },
    "updateOneUnstruct": {
        "baseline": {
            "cpu_util": 0.0,
            "disk_read": 0.34246397018432617,
            "disk_write": 2.969442367553711,
            "disk_used": 3.8000411987304688,
            "disk_free": 24.20203399658203,
            "virtual_used": 1.0875740051269531,
            "virtual_free": 2.659381866455078
        },
        "samples": [
            {
                "cpu_util": 0.0,
                "disk_read": 0.34246397018432617,
                "disk_write": 2.9694461822509766,
                "disk_used": 3.8000411987304688,
                "disk_free": 24.20203399658203,
                "virtual_used": 1.0875740051269531,
                "virtual_free": 2.659381866455078,
                "sample": 1
            }
        ],
        "response_time": 0.0017328262329101562
    }
}