{
    "delete": {
        "baseline": {
            "cpu_util": 0.0,
            "disk_read": 0.4695167541503906,
            "disk_write": 4.511186599731445,
            "disk_used": 3.9815635681152344,
            "disk_free": 24.020511627197266,
            "virtual_used": 0.9782371520996094,
            "virtual_free": 0.8876304626464844
        },
        "samples": [
            {
                "cpu_util": 0.0,
                "disk_read": 0.4695167541503906,
                "disk_write": 4.511190414428711,
                "disk_used": 3.9815673828125,
                "disk_free": 24.0205078125,
                "virtual_used": 0.9782371520996094,
                "virtual_free": 0.8876304626464844,
                "sample": 1
            }
        ],
        "response_time": 0.001161336898803711
    },
    "create": {
        "baseline": {
            "cpu_util": 0.0,
            "disk_read": 0.4695167541503906,
            "disk_write": 4.511190414428711,
            "disk_used": 3.9815673828125,
            "disk_free": 24.0205078125,
            "virtual_used": 0.9782371520996094,
            "virtual_free": 0.8876304626464844
        },
        "samples": [
            {
                "cpu_util": 5.3,
                "disk_read": 0.4695167541503906,
                "disk_write": 4.511350631713867,
                "disk_used": 3.981578826904297,
                "disk_free": 24.020496368408203,
                "virtual_used": 0.9782371520996094,
                "virtual_free": 0.8876304626464844,
                "sample": 1
            }
        ],
        "response_time": 0.024064064025878906
    },
    "updateOneStruct": {
        "baseline": {
            "cpu_util": 0.0,
            "disk_read": 0.4695167541503906,
            "disk_write": 4.511373519897461,
            "disk_used": 3.981578826904297,
            "disk_free": 24.020496368408203,
            "virtual_used": 0.9782371520996094,
            "virtual_free": 0.8876304626464844
        },
        "samples": [
            {
                "cpu_util": 5.0,
                "disk_read": 0.4695167541503906,
                "disk_write": 4.511377334594727,
                "disk_used": 3.981578826904297,
                "disk_free": 24.020496368408203,
                "virtual_used": 0.9782371520996094,
                "virtual_free": 0.8876304626464844,
                "sample": 1
            }
        ],
        "response_time": 0.001871347427368164
    }
}