{
    "delete": {
        "baseline": {
            "cpu_util": 0.0,
            "disk_read": 0.4695167541503906,
            "disk_write": 4.510984420776367,
            "disk_used": 3.981548309326172,
            "disk_free": 24.020526885986328,
            "virtual_used": 0.9780960083007812,
            "virtual_free": 0.8877716064453125
        },
        "samples": [
            {
                "cpu_util": 0.0,
                "disk_read": 0.4695167541503906,
                "disk_write": 4.510988235473633,
                "disk_used": 3.9815521240234375,
                "disk_free": 24.020523071289062,
                "virtual_used": 0.9780960083007812,
                "virtual_free": 0.8877716064453125,
                "sample": 1
            }
        ],
        "response_time": 0.0008800029754638672
    },
    "create": {
        "baseline": {
            "cpu_util": 0.0,
            "disk_read": 0.4695167541503906,
            "disk_write": 4.510988235473633,
            "disk_used": 3.9815521240234375,
            "disk_free": 24.020523071289062,
            "virtual_used": 0.978057861328125,
            "virtual_free": 0.8878097534179688
        },
        "samples": [
            {
                "cpu_util": 5.0,
                "disk_read": 0.4695167541503906,
                "disk_write": 4.511148452758789,
                "disk_used": 3.9815597534179688,
                "disk_free": 24.02051544189453,
                "virtual_used": 0.9782447814941406,
                "virtual_free": 0.8876228332519531,
                "sample": 1
            }
        ],
        "response_time": 0.019905805587768555
    },
    "updateOneStruct": {
        "baseline": {
            "cpu_util": 0.0,
            "disk_read": 0.4695167541503906,
            "disk_write": 4.51118278503418,
            "disk_used": 3.9815597534179688,
            "disk_free": 24.02051544189453,
            "virtual_used": 0.9782371520996094,
            "virtual_free": 0.8876304626464844
        },
        "samples": [
            {
                "cpu_util": 9.1,
                "disk_read": 0.4695167541503906,
                "disk_write": 4.511186599731445,
                "disk_used": 3.9815597534179688,
                "disk_free": 24.02051544189453,
                "virtual_used": 0.9782371520996094,
                "virtual_free": 0.8876304626464844,
                "sample": 1
            }
        ],
        "response_time": 0.0020155906677246094
    }
}