{
    "delete": {
        "baseline": {
            "cpu_util": 0.0,
            "disk_read": 0.5854582786560059,
            "disk_write": 3.9284229278564453,
            "disk_used": 5.607444763183594,
            "disk_free": 22.394630432128906,
            "virtual_used": 0.9342765808105469,
            "virtual_free": 0.9315872192382812
        },
        "samples": [
            {
                "cpu_util": 0.0,
                "disk_read": 0.5854582786560059,
                "disk_write": 3.928426742553711,
                "disk_used": 5.607444763183594,
                "disk_free": 22.394630432128906,
                "virtual_used": 0.9342765808105469,
                "virtual_free": 0.9315872192382812,
                "sample": 1
            }
        ],
        "response_time": 0.0008461475372314453
    },
    "create": {
        "baseline": {
            "cpu_util": 0.0,
            "disk_read": 0.5854582786560059,
            "disk_write": 3.928426742553711,
            "disk_used": 5.607444763183594,
            "disk_free": 22.394630432128906,
            "virtual_used": 0.9342765808105469,
            "virtual_free": 0.9315872192382812
        },
        "samples": [
            {
                "cpu_util": 5.0,
                "disk_read": 0.5854582786560059,
                "disk_write": 3.9286022186279297,
                "disk_used": 5.607452392578125,
                "disk_free": 22.394622802734375,
                "virtual_used": 0.93426513671875,
                "virtual_free": 0.9315986633300781,
                "sample": 1
            }
        ],
        "response_time": 0.02008676528930664
    },
    "readManyUnstruct": {
        "baseline": {
            "cpu_util": 0.0,
            "disk_read": 0.5854582786560059,
            "disk_write": 3.9286022186279297,
            "disk_used": 5.607452392578125,
            "disk_free": 22.394622802734375,
            "virtual_used": 0.93426513671875,
            "virtual_free": 0.9315986633300781
        },
        "samples": [
            {
                "cpu_util": 0.0,
                "disk_read": 0.5854582786560059,
                "disk_write": 3.9286022186279297,
                "disk_used": 5.607452392578125,
                "disk_free": 22.394622802734375,
                "virtual_used": 0.93426513671875,
                "virtual_free": 0.9315986633300781,
                "sample": 1
            }
        ],
        "response_time": 7.414817810058594e-05
    }
}