{
    "delete": {
        "baseline": {
            "cpu_util": 0.0,
            "disk_read": 0.5854582786560059,
            "disk_write": 3.928071975708008,
            "disk_used": 5.607418060302734,
            "disk_free": 22.394657135009766,
            "virtual_used": 0.9372787475585938,
            "virtual_free": 0.9285850524902344
        },
        "samples": [
            {
                "cpu_util": 0.0,
                "disk_read": 0.5854582786560059,
                "disk_write": 3.9280757904052734,
                "disk_used": 5.607418060302734,
                "disk_free": 22.394657135009766,
                "virtual_used": 0.9372787475585938,
                "virtual_free": 0.9285850524902344,
                "sample": 1
            }
        ],
        "response_time": 0.0009336471557617188
    },
    "create": {
        "baseline": {
            "cpu_util": 0.0,
            "disk_read": 0.5854582786560059,
            "disk_write": 3.9280757904052734,
            "disk_used": 5.607418060302734,
            "disk_free": 22.394657135009766,
            "virtual_used": 0.9372787475585938,
            "virtual_free": 0.9285850524902344
        },
        "samples": [
            {
                "cpu_util": 5.3,
                "disk_read": 0.5854582786560059,
                "disk_write": 3.9282474517822266,
                "disk_used": 5.607429504394531,
                "disk_free": 22.39464569091797,
                "virtual_used": 0.9374923706054688,
                "virtual_free": 0.9283714294433594,
                "sample": 1
            }
        ],
        "response_time": 0.019543170928955078
    },
    "readManyUnstruct": {
        "baseline": {
            "cpu_util": 0.0,
            "disk_read": 0.5854582786560059,
            "disk_write": 3.9282474517822266,
            "disk_used": 5.607429504394531,
            "disk_free": 22.39464569091797,
            "virtual_used": 0.9362106323242188,
            "virtual_free": 0.9296531677246094
        },
        "samples": [
            {
                "cpu_util": 0.0,
                "disk_read": 0.5854582786560059,
                "disk_write": 3.9282474517822266,
                "disk_used": 5.607429504394531,
                "disk_free": 22.39464569091797,
                "virtual_used": 0.9361534118652344,
                "virtual_free": 0.9297103881835938,
                "sample": 1
            }
        ],
        "response_time": 6.794929504394531e-05
    }
}