{
    "delete": {
        "baseline": {
            "cpu_util": 0.0,
            "disk_read": 0.4398331642150879,
            "disk_write": 3.7585506439208984,
            "disk_used": 3.985950469970703,
            "disk_free": 24.016124725341797,
            "virtual_used": 1.0633926391601562,
            "virtual_free": 0.8024749755859375
        },
        "samples": [
            {
                "cpu_util": 4.8,
                "disk_read": 0.4398331642150879,
                "disk_write": 3.758554458618164,
                "disk_used": 3.985950469970703,
                "disk_free": 24.016124725341797,
                "virtual_used": 1.0633888244628906,
                "virtual_free": 0.8024787902832031,
                "sample": 1
            }
        ],
        "response_time": 0.0009062290191650391
    },
    "create": {
        "baseline": {
            "cpu_util": 0.0,
            "disk_read": 0.4398331642150879,
            "disk_write": 3.758573532104492,
            "disk_used": 3.985950469970703,
            "disk_free": 24.016124725341797,
            "virtual_used": 1.0633888244628906,
            "virtual_free": 0.8024787902832031
        },
        "samples": [
            {
                "cpu_util": 5.0,
                "disk_read": 0.4398331642150879,
                "disk_write": 3.7587413787841797,
                "disk_used": 3.9859580993652344,
                "disk_free": 24.016117095947266,
                "virtual_used": 1.0633773803710938,
                "virtual_free": 0.802490234375,
                "sample": 1
            }
        ],
        "response_time": 0.016660451889038086
    },
    "insertOneThenUpdateTimestampUnstruct": {
        "baseline": {
            "cpu_util": 0.0,
            "disk_read": 0.4398331642150879,
            "disk_write": 3.7587413787841797,
            "disk_used": 3.9859580993652344,
            "disk_free": 24.016117095947266,
            "virtual_used": 1.0633773803710938,
            "virtual_free": 0.802490234375
        },
        "samples": [
            {
                "cpu_util": 0.0,
                "disk_read": 0.4398331642150879,
                "disk_write": 3.7587451934814453,
                "disk_used": 3.9859580993652344,
                "disk_free": 24.016117095947266,
                "virtual_used": 1.0633773803710938,
                "virtual_free": 0.802490234375,
                "sample": 1
            }
        ],
        "response_time": 0.0013551712036132812
    }
}