{
    "delete": {
        "baseline": {
            "cpu_util": 0.0,
            "disk_read": 0.501838207244873,
            "disk_write": 4.752859115600586,
            "disk_used": 3.8557777404785156,
            "disk_free": 24.146297454833984,
            "virtual_used": 1.1066055297851562,
            "virtual_free": 0.7592620849609375
        },
        "samples": [
            {
                "cpu_util": 14.3,
                "disk_read": 0.501838207244873,
                "disk_write": 4.752862930297852,
                "disk_used": 3.8557777404785156,
                "disk_free": 24.146297454833984,
                "virtual_used": 1.1066055297851562,
                "virtual_free": 0.7592620849609375,
                "sample": 1
            }
        ],
        "response_time": 0.0008752346038818359
    },
    "create": {
        "baseline": {
            "cpu_util": 0.0,
            "disk_read": 0.501838207244873,
            "disk_write": 4.752862930297852,
            "disk_used": 3.8557777404785156,
            "disk_free": 24.146297454833984,
            "virtual_used": 1.1065673828125,
            "virtual_free": 0.7593002319335938
        },
        "samples": [
            {
                "cpu_util": 57.1,
                "disk_read": 0.501838207244873,
                "disk_write": 4.752862930297852,
                "disk_used": 3.8557777404785156,
                "disk_free": 24.146297454833984,
                "virtual_used": 1.1068077087402344,
                "virtual_free": 0.7590599060058594,
                "sample": 1
            },
            {
                "cpu_util": 55.0,
                "disk_read": 0.501838207244873,
                "disk_write": 4.753316879272461,
                "disk_used": 3.8558349609375,
                "disk_free": 24.146240234375,
                "virtual_used": 1.1072769165039062,
                "virtual_free": 0.7585906982421875,
                "sample": 2
            },
            {
                "cpu_util": 81.0,
                "disk_read": 0.501838207244873,
                "disk_write": 4.755277633666992,
                "disk_used": 3.858318328857422,
                "disk_free": 24.143756866455078,
                "virtual_used": 1.1037063598632812,
                "virtual_free": 0.7621612548828125,
                "sample": 3
            },
            {
                "cpu_util": 84.2,
                "disk_read": 0.501838207244873,
                "disk_write": 4.756719589233398,
                "disk_used": 3.862842559814453,
                "disk_free": 24.139232635498047,
                "virtual_used": 1.1004905700683594,
                "virtual_free": 0.7653770446777344,
                "sample": 4
            }
        ],
        "response_time": 1.1663501262664795
    },
    "replaceOneStruct": {
        "baseline": {
            "cpu_util": 0.0,
            "disk_read": 0.501838207244873,
            "disk_write": 4.757715225219727,
            "disk_used": 3.862842559814453,
            "disk_free": 24.139232635498047,
            "virtual_used": 1.1004905700683594,
            "virtual_free": 0.7653770446777344
        },
        "samples": [
            {
                "cpu_util": 30.0,
                "disk_read": 0.501838207244873,
                "disk_write": 4.757730484008789,
                "disk_used": 3.862842559814453,
                "disk_free": 24.139232635498047,
                "virtual_used": 1.1004829406738281,
                "virtual_free": 0.7653846740722656,
                "sample": 1
            }
        ],
        "response_time": 0.05256056785583496
    }
}