{
    "delete": {
        "baseline": {
            "cpu_util": 0.0,
            "disk_read": 0.6195502281188965,
            "disk_write": 4.286924362182617,
            "disk_used": 3.9758949279785156,
            "disk_free": 24.026180267333984,
            "virtual_used": 1.2188758850097656,
            "virtual_free": 2.5280838012695312
        },
        "samples": [
            {
                "cpu_util": 0.0,
                "disk_read": 0.6195502281188965,
                "disk_write": 4.286962509155273,
                "disk_used": 3.9758949279785156,
                "disk_free": 24.026180267333984,
                "virtual_used": 1.2188529968261719,
                "virtual_free": 2.528106689453125,
                "sample": 1
            }
        ],
        "response_time": 0.0009486675262451172
    },
    "create": {
        "baseline": {
            "cpu_util": 0.0,
            "disk_read": 0.6195502281188965,
            "disk_write": 4.286962509155273,
            "disk_used": 3.9758949279785156,
            "disk_free": 24.026180267333984,
            "virtual_used": 1.2188529968261719,
            "virtual_free": 2.528106689453125
        },
        "samples": [
            {
                "cpu_util": 5.0,
                "disk_read": 0.6195502281188965,
                "disk_write": 4.287088394165039,
                "disk_used": 3.975902557373047,
                "disk_free": 24.026172637939453,
                "virtual_used": 1.2188491821289062,
                "virtual_free": 2.5281105041503906,
                "sample": 1
            }
        ],
        "response_time": 0.01779460906982422
    },
    "updateOneStruct": {
        "baseline": {
            "cpu_util": 0.0,
            "disk_read": 0.6195502281188965,
            "disk_write": 4.28712272644043,
            "disk_used": 3.9759063720703125,
            "disk_free": 24.026168823242188,
            "virtual_used": 1.218841552734375,
            "virtual_free": 2.528118133544922
        },
        "samples": [
            {
                "cpu_util": 5.0,
                "disk_read": 0.6195502281188965,
                "disk_write": 4.287126541137695,
                "disk_used": 3.9759063720703125,
                "disk_free": 24.026168823242188,
                "virtual_used": 1.218841552734375,
                "virtual_free": 2.528118133544922,
                "sample": 1
            }
        ],
        "response_time": 0.002132415771484375
    }
}