{
    "delete": {
        "baseline": {
            "cpu_util": 0.0,
            "disk_read": 0.43982934951782227,
            "disk_write": 3.537973403930664,
            "disk_used": 3.9907608032226562,
            "disk_free": 24.011314392089844,
            "virtual_used": 1.0567665100097656,
            "virtual_free": 0.8091011047363281
        },
        "samples": [
            {
                "cpu_util": 0.0,
                "disk_read": 0.43982934951782227,
                "disk_write": 3.5379772186279297,
                "disk_used": 3.9907608032226562,
                "disk_free": 24.011314392089844,
                "virtual_used": 1.0567626953125,
                "virtual_free": 0.8091049194335938,
                "sample": 1
            }
        ],
        "response_time": 0.0009429454803466797
    },
    "create": {
        "baseline": {
            "cpu_util": 0.0,
            "disk_read": 0.43982934951782227,
            "disk_write": 3.5379772186279297,
            "disk_used": 3.9907608032226562,
            "disk_free": 24.011314392089844,
            "virtual_used": 1.0566902160644531,
            "virtual_free": 0.8091773986816406
        },
        "samples": [
            {
                "cpu_util": 5.0,
                "disk_read": 0.43982934951782227,
                "disk_write": 3.5381832122802734,
                "disk_used": 3.9907684326171875,
                "disk_free": 24.011306762695312,
                "virtual_used": 1.0566825866699219,
                "virtual_free": 0.8091850280761719,
                "sample": 1
            }
        ],
        "response_time": 0.01855921745300293
    },
    "readThenDeleteManyLikesUnstruct": {
        "baseline": {
            "cpu_util": 0.0,
            "disk_read": 0.43982934951782227,
            "disk_write": 3.5381832122802734,
            "disk_used": 3.9907684326171875,
            "disk_free": 24.011306762695312,
            "virtual_used": 1.0566825866699219,
            "virtual_free": 0.8091850280761719
        },
        "samples": [
            {
                "cpu_util": 0.0,
                "disk_read": 0.43982934951782227,
                "disk_write": 3.5381832122802734,
                "disk_used": 3.9907684326171875,
                "disk_free": 24.011306762695312,
                "virtual_used": 1.0566825866699219,
                "virtual_free": 0.8091850280761719,
                "sample": 1
            }
        ],
        "response_time": 0.0016162395477294922
    }
}