{
    "delete": {
        "baseline": {
            "cpu_util": 4.8,
            "disk_read": 0.43982934951782227,
            "disk_write": 3.5371341705322266,
            "disk_used": 3.990703582763672,
            "disk_free": 24.011371612548828,
            "virtual_used": 1.0600090026855469,
            "virtual_free": 0.8058586120605469
        },
        "samples": [
            {
                "cpu_util": 9.5,
                "disk_read": 0.43982934951782227,
                "disk_write": 3.537137985229492,
                "disk_used": 3.990703582763672,
                "disk_free": 24.011371612548828,
                "virtual_used": 1.0600090026855469,
                "virtual_free": 0.8058586120605469,
                "sample": 1
            }
        ],
        "response_time": 0.001417398452758789
    },
    "create": {
        "baseline": {
            "cpu_util": 0.0,
            "disk_read": 0.43982934951782227,
            "disk_write": 3.537137985229492,
            "disk_used": 3.990703582763672,
            "disk_free": 24.011371612548828,
            "virtual_used": 1.0600090026855469,
            "virtual_free": 0.8058586120605469
        },
        "samples": [
            {
                "cpu_util": 9.5,
                "disk_read": 0.43982934951782227,
                "disk_write": 3.537332534790039,
                "disk_used": 3.990711212158203,
                "disk_free": 24.011363983154297,
                "virtual_used": 1.0599899291992188,
                "virtual_free": 0.805877685546875,
                "sample": 1
            }
        ],
        "response_time": 0.017229557037353516
    },
    "readThenDeleteManyLikesUnstruct": {
        "baseline": {
            "cpu_util": 0.0,
            "disk_read": 0.43982934951782227,
            "disk_write": 3.537332534790039,
            "disk_used": 3.990711212158203,
            "disk_free": 24.011363983154297,
            "virtual_used": 1.0599899291992188,
            "virtual_free": 0.805877685546875
        },
        "samples": [
            {
                "cpu_util": 0.0,
                "disk_read": 0.43982934951782227,
                "disk_write": 3.537332534790039,
                "disk_used": 3.990711212158203,
                "disk_free": 24.011363983154297,
                "virtual_used": 1.0599899291992188,
                "virtual_free": 0.805877685546875,
                "sample": 1
            }
        ],
        "response_time": 0.0011410713195800781
    }
}