{
    "delete": {
        "baseline": {
            "cpu_util": 0.0,
            "disk_read": 53.649967670440674,
            "disk_write": 7.213808059692383,
            "disk_used": 5.885593414306641,
            "disk_free": 22.11648178100586,
            "virtual_used": 1.0459060668945312,
            "virtual_free": 0.8199577331542969
        },
        "samples": [
            {
                "cpu_util": 0.0,
                "disk_read": 53.649967670440674,
                "disk_write": 7.213811874389648,
                "disk_used": 5.885593414306641,
                "disk_free": 22.11648178100586,
                "virtual_used": 1.0458946228027344,
                "virtual_free": 0.8199691772460938,
                "sample": 1
            }
        ],
        "response_time": 0.0010268688201904297
    },
    "create": {
        "baseline": {
            "cpu_util": 0.0,
            "disk_read": 53.649967670440674,
            "disk_write": 7.213811874389648,
            "disk_used": 5.885593414306641,
            "disk_free": 22.11648178100586,
            "virtual_used": 1.0458946228027344,
            "virtual_free": 0.8199691772460938
        },
        "samples": [
            {
                "cpu_util": 8.7,
                "disk_read": 53.649967670440674,
                "disk_write": 7.213968276977539,
                "disk_used": 5.8856048583984375,
                "disk_free": 22.116470336914062,
                "virtual_used": 1.0458641052246094,
                "virtual_free": 0.8199996948242188,
                "sample": 1
            }
        ],
        "response_time": 0.018019914627075195
    },
    "updateManyStruct": {
        "baseline": {
            "cpu_util": 0.0,
            "disk_read": 53.649967670440674,
            "disk_write": 7.213972091674805,
            "disk_used": 5.8856048583984375,
            "disk_free": 22.116470336914062,
            "virtual_used": 1.0458641052246094,
            "virtual_free": 0.8199996948242188
        },
        "samples": [
            {
                "cpu_util": 0.0,
                "disk_read": 53.649967670440674,
                "disk_write": 7.21397590637207,
                "disk_used": 5.8856048583984375,
                "disk_free": 22.116470336914062,
                "virtual_used": 1.0458641052246094,
                "virtual_free": 0.8199996948242188,
                "sample": 1
            }
        ],
        "response_time": 0.001062154769897461
    }
}