{
    "delete": {
        "baseline": {
            "cpu_util": 0.0,
            "disk_read": 0.3494758605957031,
            "disk_write": 3.9722537994384766,
            "disk_used": 3.7703399658203125,
            "disk_free": 24.231735229492188,
            "virtual_used": 1.157257080078125,
            "virtual_free": 2.589710235595703
        },
        "samples": [
            {
                "cpu_util": 0.0,
                "disk_read": 0.3494758605957031,
                "disk_write": 3.972257614135742,
                "disk_used": 3.7703399658203125,
                "disk_free": 24.231735229492188,
                "virtual_used": 1.157257080078125,
                "virtual_free": 2.589710235595703,
                "sample": 1
            }
        ],
        "response_time": 0.000904083251953125
    },
    "create": {
        "baseline": {
            "cpu_util": 5.0,
            "disk_read": 0.3494758605957031,
            "disk_write": 3.972257614135742,
            "disk_used": 3.7703399658203125,
            "disk_free": 24.231735229492188,
            "virtual_used": 1.157257080078125,
            "virtual_free": 2.589710235595703
        },
        "samples": [
            {
                "cpu_util": 10.0,
                "disk_read": 0.3494758605957031,
                "disk_write": 3.972475051879883,
                "disk_used": 3.7703475952148438,
                "disk_free": 24.231727600097656,
                "virtual_used": 1.157135009765625,
                "virtual_free": 2.589832305908203,
                "sample": 1
            }
        ],
        "response_time": 0.03832697868347168
    },
    "aggregateStruct": {
        "baseline": {
            "cpu_util": 0.0,
            "disk_read": 0.3494758605957031,
            "disk_write": 3.972475051879883,
            "disk_used": 3.7703514099121094,
            "disk_free": 24.23172378540039,
            "virtual_used": 1.157135009765625,
            "virtual_free": 2.589832305908203
        },
        "samples": [
            {
                "cpu_util": 4.8,
                "disk_read": 0.3494758605957031,
                "disk_write": 3.972475051879883,
                "disk_used": 3.7703514099121094,
                "disk_free": 24.23172378540039,
                "virtual_used": 1.157135009765625,
                "virtual_free": 2.589832305908203,
                "sample": 1
            }
        ],
        "response_time": 0.0016908645629882812
    }
}