{
    "delete": {
        "baseline": {
            "cpu_util": 10.0,
            "disk_read": 0.3395957946777344,
            "disk_write": 0.7003040313720703,
            "disk_used": 3.7432174682617188,
            "disk_free": 24.25885772705078,
            "virtual_used": 0.8662910461425781,
            "virtual_free": 2.88067626953125
        },
        "samples": [
            {
                "cpu_util": 4.8,
                "disk_read": 0.3395957946777344,
                "disk_write": 0.7003078460693359,
                "disk_used": 3.7432174682617188,
                "disk_free": 24.25885772705078,
                "virtual_used": 0.8662834167480469,
                "virtual_free": 2.8806838989257812,
                "sample": 1
            }
        ],
        "response_time": 0.0009264945983886719
    },
    "create": {
        "baseline": {
            "cpu_util": 4.8,
            "disk_read": 0.3395957946777344,
            "disk_write": 0.7003078460693359,
            "disk_used": 3.7432174682617188,
            "disk_free": 24.25885772705078,
            "virtual_used": 0.8662834167480469,
            "virtual_free": 2.8806838989257812
        },
        "samples": [
            {
                "cpu_util": 42.9,
                "disk_read": 0.3395957946777344,
                "disk_write": 0.7004604339599609,
                "disk_used": 3.74322509765625,
                "disk_free": 24.25885009765625,
                "virtual_used": 0.8485603332519531,
                "virtual_free": 2.898406982421875,
                "sample": 1
            }
        ],
        "response_time": 0.09296631813049316
    },
    "insertManyUnstruct": {
        "baseline": {
            "cpu_util": 0.0,
            "disk_read": 0.3395957946777344,
            "disk_write": 0.7014217376708984,
            "disk_used": 3.74322509765625,
            "disk_free": 24.25885009765625,
            "virtual_used": 0.8484077453613281,
            "virtual_free": 2.8985595703125
        },
        "samples": [
            {
                "cpu_util": 62.5,
                "disk_read": 0.3395957946777344,
                "disk_write": 0.7014446258544922,
                "disk_used": 3.7432289123535156,
                "disk_free": 24.258846282958984,
                "virtual_used": 0.8509597778320312,
                "virtual_free": 2.896007537841797,
                "sample": 1
            },
            {
                "cpu_util": 60.9,
                "disk_read": 0.3395957946777344,
                "disk_write": 0.7014446258544922,
                "disk_used": 3.7432289123535156,
                "disk_free": 24.258846282958984,
                "virtual_used": 0.8798980712890625,
                "virtual_free": 2.8670692443847656,
                "sample": 2
            },
            {
                "cpu_util": 52.4,
                "disk_read": 0.3395957946777344,
                "disk_write": 0.7064151763916016,
                "disk_used": 3.7432289123535156,
                "disk_free": 24.258846282958984,
                "virtual_used": 0.8833389282226562,
                "virtual_free": 2.863628387451172,
                "sample": 3
            },
            {
                "cpu_util": 35.0,
                "disk_read": 0.3395957946777344,
                "disk_write": 0.7108860015869141,
                "disk_used": 3.7432289123535156,
                "disk_free": 24.258846282958984,
                "virtual_used": 0.8980255126953125,
                "virtual_free": 2.8489418029785156,
                "sample": 4
            }
        ],
        "response_time": 0.8568058013916016
    }
}