{
    "delete": {
        "baseline": {
            "cpu_util": 0.0,
            "disk_read": 0.3482065200805664,
            "disk_write": 4.195261001586914,
            "disk_used": 3.7816162109375,
            "disk_free": 24.220458984375,
            "virtual_used": 1.9713020324707031,
            "virtual_free": 1.7756576538085938
        },
        "samples": [
            {
                "cpu_util": 0.0,
                "disk_read": 0.3482065200805664,
                "disk_write": 4.195261001586914,
                "disk_used": 3.7816162109375,
                "disk_free": 24.220458984375,
                "virtual_used": 1.9713020324707031,
                "virtual_free": 1.7756576538085938,
                "sample": 1
            }
        ],
        "response_time": 0.0006046295166015625
    },
    "create": {
        "baseline": {
            "cpu_util": 0.0,
            "disk_read": 0.3482065200805664,
            "disk_write": 4.195261001586914,
            "disk_used": 3.7816162109375,
            "disk_free": 24.220458984375,
            "virtual_used": 1.9712905883789062,
            "virtual_free": 1.7756690979003906
        },
        "samples": [
            {
                "cpu_util": 51.7,
                "disk_read": 0.3482065200805664,
                "disk_write": 4.195261001586914,
                "disk_used": 3.7816162109375,
                "disk_free": 24.220458984375,
                "virtual_used": 1.941009521484375,
                "virtual_free": 1.8059501647949219,
                "sample": 1
            },
            {
                "cpu_util": 50.0,
                "disk_read": 0.3482065200805664,
                "disk_write": 4.195283889770508,
                "disk_used": 3.7816162109375,
                "disk_free": 24.220458984375,
                "virtual_used": 1.941009521484375,
                "virtual_free": 1.8059501647949219,
                "sample": 2
            },
            {
                "cpu_util": 53.8,
                "disk_read": 0.3482065200805664,
                "disk_write": 4.195283889770508,
                "disk_used": 3.7816162109375,
                "disk_free": 24.220458984375,
                "virtual_used": 1.941009521484375,
                "virtual_free": 1.8059501647949219,
                "sample": 3
            },
            {
                "cpu_util": 60.0,
                "disk_read": 0.3482065200805664,
                "disk_write": 4.195283889770508,
                "disk_used": 3.7816162109375,
                "disk_free": 24.220458984375,
                "virtual_used": 1.92718505859375,
                "virtual_free": 1.8197746276855469,
                "sample": 4
            },
            {
                "cpu_util": 50.0,
                "disk_read": 0.3482065200805664,
                "disk_write": 4.195283889770508,
                "disk_used": 3.7816162109375,
                "disk_free": 24.220458984375,
                "virtual_used": 1.92718505859375,
                "virtual_free": 1.8197746276855469,
                "sample": 5
            },
            {
                "cpu_util": 50.0,
                "disk_read": 0.3482065200805664,
                "disk_write": 4.195283889770508,
                "disk_used": 3.7816162109375,
                "disk_free": 24.220458984375,
                "virtual_used": 1.9274215698242188,
                "virtual_free": 1.8195381164550781,
                "sample": 6
            },
            {
                "cpu_util": 50.0,
                "disk_read": 0.3482065200805664,
                "disk_write": 4.195283889770508,
                "disk_used": 3.7816162109375,
                "disk_free": 24.220458984375,
                "virtual_used": 1.9274177551269531,
                "virtual_free": 1.8195419311523438,
                "sample": 7
            },
            {
                "cpu_util": 51.0,
                "disk_read": 0.3482065200805664,
                "disk_write": 4.200525283813477,
                "disk_used": 3.7816162109375,
                "disk_free": 24.220458984375,
                "virtual_used": 1.9348678588867188,
                "virtual_free": 1.8120918273925781,
                "sample": 8
            },
            {
                "cpu_util": 52.0,
                "disk_read": 0.3482065200805664,
                "disk_write": 4.200525283813477,
                "disk_used": 3.7816162109375,
                "disk_free": 24.220458984375,
                "virtual_used": 1.9502487182617188,
                "virtual_free": 1.7967109680175781,
                "sample": 9
            },
            {
                "cpu_util": 50.0,
                "disk_read": 0.3482065200805664,
                "disk_write": 4.200525283813477,
                "disk_used": 3.7816162109375,
                "disk_free": 24.220458984375,
                "virtual_used": 1.9596710205078125,
                "virtual_free": 1.7872886657714844,
                "sample": 10
            },
            {
                "cpu_util": 50.0,
                "disk_read": 0.3482065200805664,
                "disk_write": 4.200544357299805,
                "disk_used": 3.7816162109375,
                "disk_free": 24.220458984375,
                "virtual_used": 1.9596710205078125,
                "virtual_free": 1.7872886657714844,
                "sample": 11
            },
            {
                "cpu_util": 52.2,
                "disk_read": 0.3482065200805664,
                "disk_write": 4.200681686401367,
                "disk_used": 3.7816162109375,
                "disk_free": 24.220458984375,
                "virtual_used": 1.9623031616210938,
                "virtual_free": 1.7846565246582031,
                "sample": 12
            },
            {
                "cpu_util": 50.0,
                "disk_read": 0.3482065200805664,
                "disk_write": 4.200681686401367,
                "disk_used": 3.7816162109375,
                "disk_free": 24.220458984375,
                "virtual_used": 1.9702339172363281,
                "virtual_free": 1.7767257690429688,
                "sample": 13
            },
            {
                "cpu_util": 52.0,
                "disk_read": 0.3482065200805664,
                "disk_write": 4.200681686401367,
                "disk_used": 3.7816162109375,
                "disk_free": 24.220458984375,
                "virtual_used": 1.9702339172363281,
                "virtual_free": 1.7767257690429688,
                "sample": 14
            },
            {
                "cpu_util": 47.8,
                "disk_read": 0.3482065200805664,
                "disk_write": 4.200681686401367,
                "disk_used": 3.7816162109375,
                "disk_free": 24.220458984375,
                "virtual_used": 1.9702339172363281,
                "virtual_free": 1.7767257690429688,
                "sample": 15
            },
            {
                "cpu_util": 50.0,
                "disk_read": 0.3482065200805664,
                "disk_write": 4.203737258911133,
                "disk_used": 3.7816162109375,
                "disk_free": 24.220458984375,
                "virtual_used": 1.9738388061523438,
                "virtual_free": 1.7731208801269531,
                "sample": 16
            },
            {
                "cpu_util": 50.0,
                "disk_read": 0.3482065200805664,
                "disk_write": 4.207830429077148,
                "disk_used": 3.7816162109375,
                "disk_free": 24.220458984375,
                "virtual_used": 1.9755210876464844,
                "virtual_free": 1.7714385986328125,
                "sample": 17
            },
            {
                "cpu_util": 50.0,
                "disk_read": 0.3482065200805664,
                "disk_write": 4.207830429077148,
                "disk_used": 3.7816162109375,
                "disk_free": 24.220458984375,