{
    "delete": {
        "baseline": {
            "cpu_util": 0.0,
            "disk_read": 0.3482065200805664,
            "disk_write": 4.407564163208008,
            "disk_used": 3.966480255126953,
            "disk_free": 24.035594940185547,
            "virtual_used": 2.2298583984375,
            "virtual_free": 1.5171012878417969
        },
        "samples": [
            {
                "cpu_util": 0.0,
                "disk_read": 0.3482065200805664,
                "disk_write": 4.407567977905273,
                "disk_used": 3.966480255126953,
                "disk_free": 24.035594940185547,
                "virtual_used": 2.2298507690429688,
                "virtual_free": 1.5171089172363281,
                "sample": 1
            }
        ],
        "response_time": 0.0009696483612060547
    },
    "create": {
        "baseline": {
            "cpu_util": 0.0,
            "disk_read": 0.3482065200805664,
            "disk_write": 4.407567977905273,
            "disk_used": 3.966480255126953,
            "disk_free": 24.035594940185547,
            "virtual_used": 2.2298507690429688,
            "virtual_free": 1.5171089172363281
        },
        "samples": [
            {
                "cpu_util": 50.0,
                "disk_read": 0.3482065200805664,
                "disk_write": 4.407567977905273,
                "disk_used": 3.966480255126953,
                "disk_free": 24.035594940185547,
                "virtual_used": 2.2298507690429688,
                "virtual_free": 1.5171089172363281,
                "sample": 1
            },
            {
                "cpu_util": 47.8,
                "disk_read": 0.3482065200805664,
                "disk_write": 4.407716751098633,
                "disk_used": 3.966480255126953,
                "disk_free": 24.035594940185547,
                "virtual_used": 2.2298507690429688,
                "virtual_free": 1.5171089172363281,
                "sample": 2
            },
            {
                "cpu_util": 51.5,
                "disk_read": 0.3482065200805664,
                "disk_write": 4.407716751098633,
                "disk_used": 3.966480255126953,
                "disk_free": 24.035594940185547,
                "virtual_used": 2.2298507690429688,
                "virtual_free": 1.5171089172363281,
                "sample": 3
            },
            {
                "cpu_util": 53.8,
                "disk_read": 0.3482065200805664,
                "disk_write": 4.407716751098633,
                "disk_used": 3.966480255126953,
                "disk_free": 24.035594940185547,
                "virtual_used": 2.2298507690429688,
                "virtual_free": 1.5171089172363281,
                "sample": 4
            },
            {
                "cpu_util": 50.0,
                "disk_read": 0.3482065200805664,
                "disk_write": 4.407716751098633,
                "disk_used": 3.966480255126953,
                "disk_free": 24.035594940185547,
                "virtual_used": 2.2298507690429688,
                "virtual_free": 1.5171089172363281,
                "sample": 5
            },
            {
                "cpu_util": 51.9,
                "disk_read": 0.3482065200805664,
                "disk_write": 4.407716751098633,
                "disk_used": 3.966480255126953,
                "disk_free": 24.035594940185547,
                "virtual_used": 2.230571746826172,
                "virtual_free": 1.516387939453125,
                "sample": 6
            },
            {
                "cpu_util": 36.4,
                "disk_read": 0.3482065200805664,
                "disk_write": 4.407892227172852,
                "disk_used": 3.9664878845214844,
                "disk_free": 24.035587310791016,
                "virtual_used": 2.246227264404297,
                "virtual_free": 1.500732421875,
                "sample": 7
            },
            {
                "cpu_util": 52.6,
                "disk_read": 0.3482065200805664,
                "disk_write": 4.409856796264648,
                "disk_used": 3.9664878845214844,
                "disk_free": 24.035587310791016,
                "virtual_used": 2.2476959228515625,
                "virtual_free": 1.4992637634277344,
                "sample": 8
            },
            {
                "cpu_util": 52.2,
                "disk_read": 0.3482065200805664,
                "disk_write": 4.412580490112305,
                "disk_used": 3.96649169921875,
                "disk_free": 24.03558349609375,
                "virtual_used": 2.2496871948242188,
                "virtual_free": 1.4972724914550781,
                "sample": 9
            },
            {
                "cpu_util": 50.0,
                "disk_read": 0.3482065200805664,
                "disk_write": 4.41493034362793,
                "disk_used": 3.96649169921875,
                "disk_free": 24.03558349609375,
                "virtual_used": 2.245594024658203,
                "virtual_free": 1.5013656616210938,
                "sample": 10
            },
            {
                "cpu_util": 100.0,
                "disk_read": 0.3482065200805664,
                "disk_write": 4.417291641235352,
                "disk_used": 3.9722747802734375,
                "disk_free": 24.029800415039062,
                "virtual_used": 2.267963409423828,
                "virtual_free": 1.4789962768554688,
                "sample": 11
            },
            {
                "cpu_util": 60.9,
                "disk_read": 0.3482065200805664,
                "disk_write": 4.417291641235352,
                "disk_used": 3.9766693115234375,
                "disk_free": 24.025405883789062,
                "virtual_used": 2.3108901977539062,
                "virtual_free": 1.4360694885253906,
                "sample": 12
            },
            {
                "cpu_util": 50.0,
                "disk_read": 0.3482065200805664,
                "disk_write": 4.41960334777832,
                "disk_used": 3.9766693115234375,
                "disk_free": 24.025405883789062,
                "virtual_used": 2.284587860107422,
                "virtual_free": 1.462371826171875,
                "sample": 13
            },
            {
                "cpu_util": 52.0,
                "disk_read": 0.3482065200805664,
                "disk_write": 4.421991348266602,
                "disk_used": 3.9766693115234375,
                "disk_free": 24.025405883789062,
                "virtual_used": 2.3027992248535156,
                "virtual_free": 1.4441604614257812,
                "sample": 14
            },
            {
                "cpu_util": 52.6,
                "disk_read": 0.3482065200805664,
                "disk_write": 4.424505233764648,
                "disk_used": 3.9766693115234375,
                "disk_free": 24.025405883789062,
                "virtual_used": 2.2749710083007812,
                "virtual_free": 1.4719886779785156,
                "sample": 15
            },
            {
                "cpu_util": 68.2,
                "disk_read": 0.3482065200805664,
                "disk_write": 4.426412582397461,
                "disk_used": 3.97772216796875,
                "disk_free": 24.02435302734375,
                "virtual_used": 2.2773056030273438,
                "virtual_free": 1.4696540832519531,
                "sample": 16
            },
            {
                "cpu_util": 100.0,
                "disk_read": 0.3482065200805664,
                "disk_write": 4.426664352416992,
                "disk_used": 3.9850082397460938,
                "disk_free": 24.017066955566406,
                "virtual_used": 2.3092803955078125,
                "virtual_free": 1.4376792907714844,
                "sample": 17
            },
            {
                "cpu_util": 52.4,
                "disk_read": 0.3482065200805664,
                "disk_write": 4.427427291870117,