{
    "delete": {
        "baseline": {
            "cpu_util": 0.0,
            "disk_read": 0.6195502281188965,
            "disk_write": 4.397653579711914,
            "disk_used": 3.874225616455078,
            "disk_free": 24.127849578857422,
            "virtual_used": 1.2004852294921875,
            "virtual_free": 2.5464744567871094
        },
        "samples": [
            {
                "cpu_util": 5.0,
                "disk_read": 0.6195502281188965,
                "disk_write": 4.39765739440918,
                "disk_used": 3.874225616455078,
                "disk_free": 24.127849578857422,
                "virtual_used": 1.2004852294921875,
                "virtual_free": 2.5464744567871094,
                "sample": 1
            }
        ],
        "response_time": 0.0008540153503417969
    },
    "create": {
        "baseline": {
            "cpu_util": 0.0,
            "disk_read": 0.6195502281188965,
            "disk_write": 4.39765739440918,
            "disk_used": 3.874225616455078,
            "disk_free": 24.127849578857422,
            "virtual_used": 1.2004852294921875,
            "virtual_free": 2.5464744567871094
        },
        "samples": [
            {
                "cpu_util": 8.7,
                "disk_read": 0.6195502281188965,
                "disk_write": 4.397806167602539,
                "disk_used": 3.8742332458496094,
                "disk_free": 24.12784194946289,
                "virtual_used": 1.2004814147949219,
                "virtual_free": 2.546478271484375,
                "sample": 1
            }
        ],
        "response_time": 0.018758296966552734
    },
    "readManyStruct": {
        "baseline": {
            "cpu_util": 0.0,
            "disk_read": 0.6195502281188965,
            "disk_write": 4.397806167602539,
            "disk_used": 3.8742332458496094,
            "disk_free": 24.12784194946289,
            "virtual_used": 1.2004814147949219,
            "virtual_free": 2.546478271484375
        },
        "samples": [
            {
                "cpu_util": 0.0,
                "disk_read": 0.6195502281188965,
                "disk_write": 4.397806167602539,
                "disk_used": 3.8742332458496094,
                "disk_free": 24.12784194946289,
                "virtual_used": 1.2004814147949219,
                "virtual_free": 2.546478271484375,
                "sample": 1
            }
        ],
        "response_time": 8.654594421386719e-05
    }
}