{
    "delete": {
        "baseline": {
            "cpu_util": 0.0,
            "disk_read": 0.46949005126953125,
            "disk_write": 4.394601821899414,
            "disk_used": 3.8755645751953125,
            "disk_free": 24.126510620117188,
            "virtual_used": 0.9634628295898438,
            "virtual_free": 0.90240478515625
        },
        "samples": [
            {
                "cpu_util": 0.0,
                "disk_read": 0.46949005126953125,
                "disk_write": 4.39460563659668,
                "disk_used": 3.8755645751953125,
                "disk_free": 24.126510620117188,
                "virtual_used": 0.9634628295898438,
                "virtual_free": 0.90240478515625,
                "sample": 1
            }
        ],
        "response_time": 0.001055002212524414
    },
    "create": {
        "baseline": {
            "cpu_util": 0.0,
            "disk_read": 0.46949005126953125,
            "disk_write": 4.39460563659668,
            "disk_used": 3.8755645751953125,
            "disk_free": 24.126510620117188,
            "virtual_used": 0.9634628295898438,
            "virtual_free": 0.90240478515625
        },
        "samples": [
            {
                "cpu_util": 0.0,
                "disk_read": 0.46949005126953125,
                "disk_write": 4.394758224487305,
                "disk_used": 3.8755760192871094,
                "disk_free": 24.12649917602539,
                "virtual_used": 0.9634437561035156,
                "virtual_free": 0.9024238586425781,
                "sample": 1
            }
        ],
        "response_time": 0.026272296905517578
    },
    "readOneStruct": {
        "baseline": {
            "cpu_util": 0.0,
            "disk_read": 0.46949005126953125,
            "disk_write": 4.394830703735352,
            "disk_used": 3.8755760192871094,
            "disk_free": 24.12649917602539,
            "virtual_used": 0.9633979797363281,
            "virtual_free": 0.9024696350097656
        },
        "samples": [
            {
                "cpu_util": 5.0,
                "disk_read": 0.46949005126953125,
                "disk_write": 4.394830703735352,
                "disk_used": 3.8755760192871094,
                "disk_free": 24.12649917602539,
                "virtual_used": 0.9633979797363281,
                "virtual_free": 0.9024696350097656,
                "sample": 1
            }
        ],
        "response_time": 0.0026454925537109375
    }
}