{
    "delete": {
        "baseline": {
            "cpu_util": 0.0,
            "disk_read": 0.43436670303344727,
            "disk_write": 1.7230358123779297,
            "disk_used": 4.227516174316406,
            "disk_free": 23.774559020996094,
            "virtual_used": 1.1436004638671875,
            "virtual_free": 0.7222671508789062
        },
        "samples": [
            {
                "cpu_util": 0.0,
                "disk_read": 0.43436670303344727,
                "disk_write": 1.7230396270751953,
                "disk_used": 4.227519989013672,
                "disk_free": 23.774555206298828,
                "virtual_used": 1.1436004638671875,
                "virtual_free": 0.7222671508789062,
                "sample": 1
            }
        ],
        "response_time": 0.0008978843688964844
    },
    "create": {
        "baseline": {
            "cpu_util": 0.0,
            "disk_read": 0.43436670303344727,
            "disk_write": 1.7230396270751953,
            "disk_used": 4.227519989013672,
            "disk_free": 23.774555206298828,
            "virtual_used": 1.1436004638671875,
            "virtual_free": 0.7222671508789062
        },
        "samples": [
            {
                "cpu_util": 52.0,
                "disk_read": 0.43436670303344727,
                "disk_write": 1.7230396270751953,
                "disk_used": 4.227519989013672,
                "disk_free": 23.774555206298828,
                "virtual_used": 1.1436004638671875,
                "virtual_free": 0.7222671508789062,
                "sample": 1
            },
            {
                "cpu_util": 54.2,
                "disk_read": 0.43436670303344727,
                "disk_write": 1.7236995697021484,
                "disk_used": 4.227527618408203,
                "disk_free": 23.774547576904297,
                "virtual_used": 1.1480178833007812,
                "virtual_free": 0.7178497314453125,
                "sample": 2
            },
            {
                "cpu_util": 52.4,
                "disk_read": 0.43436670303344727,
                "disk_write": 1.7295551300048828,
                "disk_used": 4.227527618408203,
                "disk_free": 23.774547576904297,
                "virtual_used": 1.1569862365722656,
                "virtual_free": 0.7088813781738281,
                "sample": 3
            },
            {
                "cpu_util": 57.9,
                "disk_read": 0.43436670303344727,
                "disk_write": 1.7326412200927734,
                "disk_used": 4.235939025878906,
                "disk_free": 23.766136169433594,
                "virtual_used": 1.1606292724609375,
                "virtual_free": 0.7052383422851562,
                "sample": 4
            }
        ],
        "response_time": 0.8778645992279053
    },
    "readManyUnstruct": {
        "baseline": {
            "cpu_util": 10.5,
            "disk_read": 0.43436670303344727,
            "disk_write": 1.7326412200927734,
            "disk_used": 4.238037109375,
            "disk_free": 23.7640380859375,
            "virtual_used": 1.1583747863769531,
            "virtual_free": 0.7074928283691406
        },
        "samples": [
            {
                "cpu_util": 4.8,
                "disk_read": 0.43436670303344727,
                "disk_write": 1.7326412200927734,
                "disk_used": 4.238037109375,
                "disk_free": 23.7640380859375,
                "virtual_used": 1.1583747863769531,
                "virtual_free": 0.7074928283691406,
                "sample": 1
            }
        ],
        "response_time": 7.152557373046875e-05
    }
}