{
    "delete": {
        "baseline": {
            "cpu_util": 0.0,
            "disk_read": 0.6195502281188965,
            "disk_write": 3.187368392944336,
            "disk_used": 3.9785995483398438,
            "disk_free": 24.023475646972656,
            "virtual_used": 1.0747604370117188,
            "virtual_free": 2.672199249267578
        },
        "samples": [
            {
                "cpu_util": 4.8,
                "disk_read": 0.6195502281188965,
                "disk_write": 3.1873722076416016,
                "disk_used": 3.9785995483398438,
                "disk_free": 24.023475646972656,
                "virtual_used": 1.0747604370117188,
                "virtual_free": 2.672199249267578,
                "sample": 1
            }
        ],
        "response_time": 0.0009512901306152344
    },
    "create": {
        "baseline": {
            "cpu_util": 0.0,
            "disk_read": 0.6195502281188965,
            "disk_write": 3.1873722076416016,
            "disk_used": 3.9785995483398438,
            "disk_free": 24.023475646972656,
            "virtual_used": 1.0747604370117188,
            "virtual_free": 2.672199249267578
        },
        "samples": [
            {
                "cpu_util": 31.8,
                "disk_read": 0.6195502281188965,
                "disk_write": 3.1875247955322266,
                "disk_used": 3.978607177734375,
                "disk_free": 24.023468017578125,
                "virtual_used": 1.0736770629882812,
                "virtual_free": 2.6732826232910156,
                "sample": 1
            }
        ],
        "response_time": 0.0861964225769043
    },
    "replaceOneStruct": {
        "baseline": {
            "cpu_util": 0.0,
            "disk_read": 0.6195502281188965,
            "disk_write": 3.188009262084961,
            "disk_used": 3.978607177734375,
            "disk_free": 24.023468017578125,
            "virtual_used": 1.0735206604003906,
            "virtual_free": 2.6734390258789062
        },
        "samples": [
            {
                "cpu_util": 5.0,
                "disk_read": 0.6195502281188965,
                "disk_write": 3.1880130767822266,
                "disk_used": 3.978607177734375,
                "disk_free": 24.023468017578125,
                "virtual_used": 1.073760986328125,
                "virtual_free": 2.673198699951172,
                "sample": 1
            }
        ],
        "response_time": 0.00782155990600586
    }
}