{
    "delete": {
        "baseline": {
            "cpu_util": 0.0,
            "disk_read": 0.6195502281188965,
            "disk_write": 3.1886463165283203,
            "disk_used": 3.978626251220703,
            "disk_free": 24.023448944091797,
            "virtual_used": 1.0731849670410156,
            "virtual_free": 2.6737747192382812
        },
        "samples": [
            {
                "cpu_util": 0.0,
                "disk_read": 0.6195502281188965,
                "disk_write": 3.188650131225586,
                "disk_used": 3.978626251220703,
                "disk_free": 24.023448944091797,
                "virtual_used": 1.07318115234375,
                "virtual_free": 2.673778533935547,
                "sample": 1
            }
        ],
        "response_time": 0.0010068416595458984
    },
    "create": {
        "baseline": {
            "cpu_util": 0.0,
            "disk_read": 0.6195502281188965,
            "disk_write": 3.188650131225586,
            "disk_used": 3.9806480407714844,
            "disk_free": 24.021427154541016,
            "virtual_used": 1.0738754272460938,
            "virtual_free": 2.673084259033203
        },
        "samples": [
            {
                "cpu_util": 27.3,
                "disk_read": 0.6195502281188965,
                "disk_write": 3.188802719116211,
                "disk_used": 3.9806556701660156,
                "disk_free": 24.021419525146484,
                "virtual_used": 1.0730781555175781,
                "virtual_free": 2.6738815307617188,
                "sample": 1
            }
        ],
        "response_time": 0.07920002937316895
    },
    "replaceOneStruct": {
        "baseline": {
            "cpu_util": 0.0,
            "disk_read": 0.6195502281188965,
            "disk_write": 3.1892871856689453,
            "disk_used": 3.9806556701660156,
            "disk_free": 24.021419525146484,
            "virtual_used": 1.0729713439941406,
            "virtual_free": 2.6739883422851562
        },
        "samples": [
            {
                "cpu_util": 4.8,
                "disk_read": 0.6195502281188965,
                "disk_write": 3.189291000366211,
                "disk_used": 3.9806556701660156,
                "disk_free": 24.021419525146484,
                "virtual_used": 1.073150634765625,
                "virtual_free": 2.673809051513672,
                "sample": 1
            }
        ],
        "response_time": 0.0071735382080078125
    }
}