{
    "delete": {
        "baseline": {
            "cpu_util": 0.0,
            "disk_read": 0.6195502281188965,
            "disk_write": 3.302877426147461,
            "disk_used": 3.844024658203125,
            "disk_free": 24.158050537109375,
            "virtual_used": 1.10498046875,
            "virtual_free": 2.641979217529297
        },
        "samples": [
            {
                "cpu_util": 0.0,
                "disk_read": 0.6195502281188965,
                "disk_write": 3.3028812408447266,
                "disk_used": 3.844024658203125,
                "disk_free": 24.158050537109375,
                "virtual_used": 1.10498046875,
                "virtual_free": 2.641979217529297,
                "sample": 1
            }
        ],
        "response_time": 0.0008900165557861328
    },
    "create": {
        "baseline": {
            "cpu_util": 0.0,
            "disk_read": 0.6195502281188965,
            "disk_write": 3.3028812408447266,
            "disk_used": 3.844024658203125,
            "disk_free": 24.158050537109375,
            "virtual_used": 1.1049766540527344,
            "virtual_free": 2.6419830322265625
        },
        "samples": [
            {
                "cpu_util": 34.8,
                "disk_read": 0.6195502281188965,
                "disk_write": 3.3035106658935547,
                "disk_used": 3.844036102294922,
                "disk_free": 24.158039093017578,
                "virtual_used": 1.102752685546875,
                "virtual_free": 2.644207000732422,
                "sample": 1
            }
        ],
        "response_time": 0.0877683162689209
    },
    "aggregateStruct": {
        "baseline": {
            "cpu_util": 15.0,
            "disk_read": 0.6195502281188965,
            "disk_write": 3.3035106658935547,
            "disk_used": 3.8446273803710938,
            "disk_free": 24.157447814941406,
            "virtual_used": 1.1031417846679688,
            "virtual_free": 2.643817901611328
        },
        "samples": [
            {
                "cpu_util": 20.0,
                "disk_read": 0.6195502281188965,
                "disk_write": 3.3035106658935547,
                "disk_used": 3.8459434509277344,
                "disk_free": 24.156131744384766,
                "virtual_used": 1.1028633117675781,
                "virtual_free": 2.6440963745117188,
                "sample": 1
            }
        ],
        "response_time": 0.00836181640625
    }
}