{
    "delete": {
        "baseline": {
            "cpu_util": 4.8,
            "disk_read": 0.6195502281188965,
            "disk_write": 3.3009777069091797,
            "disk_used": 3.8439865112304688,
            "disk_free": 24.15808868408203,
            "virtual_used": 1.1069984436035156,
            "virtual_free": 2.6399612426757812
        },
        "samples": [
            {
                "cpu_util": 0.0,
                "disk_read": 0.6195502281188965,
                "disk_write": 3.3009815216064453,
                "disk_used": 3.8439865112304688,
                "disk_free": 24.15808868408203,
                "virtual_used": 1.1069984436035156,
                "virtual_free": 2.6399612426757812,
                "sample": 1
            }
        ],
        "response_time": 0.0016372203826904297
    },
    "create": {
        "baseline": {
            "cpu_util": 0.0,
            "disk_read": 0.6195502281188965,
            "disk_write": 3.3009815216064453,
            "disk_used": 3.8439865112304688,
            "disk_free": 24.15808868408203,
            "virtual_used": 1.1069412231445312,
            "virtual_free": 2.6400184631347656
        },
        "samples": [
            {
                "cpu_util": 33.3,
                "disk_read": 0.6195502281188965,
                "disk_write": 3.301126480102539,
                "disk_used": 3.843994140625,
                "disk_free": 24.1580810546875,
                "virtual_used": 1.10687255859375,
                "virtual_free": 2.640087127685547,
                "sample": 1
            }
        ],
        "response_time": 0.08829903602600098
    },
    "aggregateStruct": {
        "baseline": {
            "cpu_util": 0.0,
            "disk_read": 0.6195502281188965,
            "disk_write": 3.3016109466552734,
            "disk_used": 3.843994140625,
            "disk_free": 24.1580810546875,
            "virtual_used": 1.1072959899902344,
            "virtual_free": 2.6396636962890625
        },
        "samples": [
            {
                "cpu_util": 5.0,
                "disk_read": 0.6195502281188965,
                "disk_write": 3.3016109466552734,
                "disk_used": 3.843994140625,
                "disk_free": 24.1580810546875,
                "virtual_used": 1.1072959899902344,
                "virtual_free": 2.6396636962890625,
                "sample": 1
            }
        ],
        "response_time": 0.00541377067565918
    }
}