{
    "delete": {
        "baseline": {
            "cpu_util": 0.0,
            "disk_read": 0.6195502281188965,
            "disk_write": 3.3016109466552734,
            "disk_used": 3.8439979553222656,
            "disk_free": 24.158077239990234,
            "virtual_used": 1.1072959899902344,
            "virtual_free": 2.6396636962890625
        },
        "samples": [
            {
                "cpu_util": 0.0,
                "disk_read": 0.6195502281188965,
                "disk_write": 3.301614761352539,
                "disk_used": 3.8440017700195312,
                "disk_free": 24.15807342529297,
                "virtual_used": 1.1072959899902344,
                "virtual_free": 2.6396636962890625,
                "sample": 1
            }
        ],
        "response_time": 0.0010385513305664062
    },
    "create": {
        "baseline": {
            "cpu_util": 0.0,
            "disk_read": 0.6195502281188965,
            "disk_write": 3.301614761352539,
            "disk_used": 3.8440017700195312,
            "disk_free": 24.15807342529297,
            "virtual_used": 1.1072921752929688,
            "virtual_free": 2.639667510986328
        },
        "samples": [
            {
                "cpu_util": 30.0,
                "disk_read": 0.6195502281188965,
                "disk_write": 3.301759719848633,
                "disk_used": 3.8440093994140625,
                "disk_free": 24.158065795898438,
                "virtual_used": 1.1068763732910156,
                "virtual_free": 2.6400833129882812,
                "sample": 1
            }
        ],
        "response_time": 0.0872488021850586
    },
    "aggregateStruct": {
        "baseline": {
            "cpu_util": 0.0,
            "disk_read": 0.6195502281188965,
            "disk_write": 3.302244186401367,
            "disk_used": 3.8440093994140625,
            "disk_free": 24.158065795898438,
            "virtual_used": 1.1071052551269531,
            "virtual_free": 2.6398544311523438
        },
        "samples": [
            {
                "cpu_util": 5.0,
                "disk_read": 0.6195502281188965,
                "disk_write": 3.302244186401367,
                "disk_used": 3.8440093994140625,
                "disk_free": 24.158065795898438,
                "virtual_used": 1.1071052551269531,
                "virtual_free": 2.6398544311523438,
                "sample": 1
            }
        ],
        "response_time": 0.005318164825439453
    }
}