{
    "delete": {
        "baseline": {
            "cpu_util": 0.0,
            "disk_read": 0.4398331642150879,
            "disk_write": 3.7597599029541016,
            "disk_used": 3.9860382080078125,
            "disk_free": 24.016036987304688,
            "virtual_used": 1.058807373046875,
            "virtual_free": 0.8070602416992188
        },
        "samples": [
            {
                "cpu_util": 0.0,
                "disk_read": 0.4398331642150879,
                "disk_write": 3.759763717651367,
                "disk_used": 3.9860382080078125,
                "disk_free": 24.016036987304688,
                "virtual_used": 1.0588035583496094,
                "virtual_free": 0.8070640563964844,
                "sample": 1
            }
        ],
        "response_time": 0.0009982585906982422
    },
    "create": {
        "baseline": {
            "cpu_util": 0.0,
            "disk_read": 0.4398331642150879,
            "disk_write": 3.759763717651367,
            "disk_used": 3.9860382080078125,
            "disk_free": 24.016036987304688,
            "virtual_used": 1.0587921142578125,
            "virtual_free": 0.8070755004882812
        },
        "samples": [
            {
                "cpu_util": 4.8,
                "disk_read": 0.4398331642150879,
                "disk_write": 3.759950637817383,
                "disk_used": 3.9860458374023438,
                "disk_free": 24.016029357910156,
                "virtual_used": 1.0571746826171875,
                "virtual_free": 0.8086929321289062,
                "sample": 1
            }
        ],
        "response_time": 0.013158559799194336
    },
    "readThenDeleteManyLikesUnstruct": {
        "baseline": {
            "cpu_util": 0.0,
            "disk_read": 0.4398331642150879,
            "disk_write": 3.759950637817383,
            "disk_used": 3.9860458374023438,
            "disk_free": 24.016029357910156,
            "virtual_used": 1.0571746826171875,
            "virtual_free": 0.8086929321289062
        },
        "samples": [
            {
                "cpu_util": 0.0,
                "disk_read": 0.4398331642150879,
                "disk_write": 3.759950637817383,
                "disk_used": 3.9860458374023438,
                "disk_free": 24.016029357910156,
                "virtual_used": 1.0571746826171875,
                "virtual_free": 0.8086929321289062,
                "sample": 1
            }
        ],
        "response_time": 0.0010833740234375
    }
}