{
    "delete": {
        "baseline": {
            "cpu_util": 38.1,
            "disk_read": 12.483039855957031,
            "disk_write": 6.024393081665039,
            "disk_used": 4.154163360595703,
            "disk_free": 23.847911834716797,
            "virtual_used": 1.0020484924316406,
            "virtual_free": 0.8638191223144531
        },
        "samples": [
            {
                "cpu_util": 5.0,
                "disk_read": 12.483039855957031,
                "disk_write": 6.029088973999023,
                "disk_used": 4.154167175292969,
                "disk_free": 23.84790802001953,
                "virtual_used": 1.0018463134765625,
                "virtual_free": 0.8640213012695312,
                "sample": 1
            }
        ],
        "response_time": 0.0009202957153320312
    },
    "create": {
        "baseline": {
            "cpu_util": 15.0,
            "disk_read": 12.483039855957031,
            "disk_write": 6.030885696411133,
            "disk_used": 4.056697845458984,
            "disk_free": 23.945377349853516,
            "virtual_used": 1.0301475524902344,
            "virtual_free": 0.8357200622558594
        },
        "samples": [
            {
                "cpu_util": 13.6,
                "disk_read": 12.483039855957031,
                "disk_write": 6.031522750854492,
                "disk_used": 4.049938201904297,
                "disk_free": 23.952136993408203,
                "virtual_used": 1.0298881530761719,
                "virtual_free": 0.8359794616699219,
                "sample": 1
            }
        ],
        "response_time": 0.019973039627075195
    },
    "insertOneThenUpdateBirthdayStruct": {
        "baseline": {
            "cpu_util": 5.0,
            "disk_read": 12.483039855957031,
            "disk_write": 6.032217025756836,
            "disk_used": 4.015140533447266,
            "disk_free": 23.986934661865234,
            "virtual_used": 1.0171928405761719,
            "virtual_free": 0.8486747741699219
        },
        "samples": [
            {
                "cpu_util": 0.0,
                "disk_read": 12.483039855957031,
                "disk_write": 6.032220840454102,
                "disk_used": 4.015140533447266,
                "disk_free": 23.986934661865234,
                "virtual_used": 1.0171928405761719,
                "virtual_free": 0.8486747741699219,
                "sample": 1
            }
        ],
        "response_time": 0.0014569759368896484
    }
}