{
    "delete": {
        "baseline": {
            "cpu_util": 0.0,
            "disk_read": 0.3303985595703125,
            "disk_write": 1.7409114837646484,
            "disk_used": 3.823841094970703,
            "disk_free": 24.178234100341797,
            "virtual_used": 1.1470832824707031,
            "virtual_free": 0.7187843322753906
        },
        "samples": [
            {
                "cpu_util": 0.0,
                "disk_read": 0.3303985595703125,
                "disk_write": 1.740915298461914,
                "disk_used": 3.823841094970703,
                "disk_free": 24.178234100341797,
                "virtual_used": 1.1470832824707031,
                "virtual_free": 0.7187843322753906,
                "sample": 1
            }
        ],
        "response_time": 0.0008342266082763672
    },
    "create": {
        "baseline": {
            "cpu_util": 0.0,
            "disk_read": 0.3303985595703125,
            "disk_write": 1.740915298461914,
            "disk_used": 3.823841094970703,
            "disk_free": 24.178234100341797,
            "virtual_used": 1.1470832824707031,
            "virtual_free": 0.7187843322753906
        },
        "samples": [
            {
                "cpu_util": 50.0,
                "disk_read": 0.3303985595703125,
                "disk_write": 1.740915298461914,
                "disk_used": 3.823841094970703,
                "disk_free": 24.178234100341797,
                "virtual_used": 1.1470832824707031,
                "virtual_free": 0.7187843322753906,
                "sample": 1
            },
            {
                "cpu_util": 55.0,
                "disk_read": 0.3303985595703125,
                "disk_write": 1.7427730560302734,
                "disk_used": 3.8238487243652344,
                "disk_free": 24.178226470947266,
                "virtual_used": 1.1496925354003906,
                "virtual_free": 0.7161750793457031,
                "sample": 2
            },
            {
                "cpu_util": 80.0,
                "disk_read": 0.3303985595703125,
                "disk_write": 1.7474842071533203,
                "disk_used": 3.826435089111328,
                "disk_free": 24.175640106201172,
                "virtual_used": 1.1471977233886719,
                "virtual_free": 0.7186698913574219,
                "sample": 3
            },
            {
                "cpu_util": 47.4,
                "disk_read": 0.3303985595703125,
                "disk_write": 1.7505207061767578,
                "disk_used": 3.830127716064453,
                "disk_free": 24.171947479248047,
                "virtual_used": 1.1485595703125,
                "virtual_free": 0.7173080444335938,
                "sample": 4
            }
        ],
        "response_time": 0.8348166942596436
    },
    "updateManyUnstruct": {
        "baseline": {
            "cpu_util": 13.6,
            "disk_read": 0.3303985595703125,
            "disk_write": 1.7505207061767578,
            "disk_used": 3.830127716064453,
            "disk_free": 24.171947479248047,
            "virtual_used": 1.1562423706054688,
            "virtual_free": 0.709625244140625
        },
        "samples": [
            {
                "cpu_util": 66.7,
                "disk_read": 0.3303985595703125,
                "disk_write": 1.7513751983642578,
                "disk_used": 3.8302345275878906,
                "disk_free": 24.17184066772461,
                "virtual_used": 1.1440200805664062,
                "virtual_free": 0.7218475341796875,
                "sample": 1
            },
            {
                "cpu_util": 61.9,
                "disk_read": 0.3303985595703125,
                "disk_write": 1.7523822784423828,
                "disk_used": 3.8302574157714844,
                "disk_free": 24.171817779541016,
                "virtual_used": 1.142486572265625,
                "virtual_free": 0.7233810424804688,
                "sample": 2
            },
            {
                "cpu_util": 63.6,
                "disk_read": 0.3303985595703125,
                "disk_write": 1.7543926239013672,
                "disk_used": 3.8302574157714844,
                "disk_free": 24.171817779541016,
                "virtual_used": 1.1416091918945312,
                "virtual_free": 0.7242584228515625,
                "sample": 3
            },
            {
                "cpu_util": 54.5,
                "disk_read": 0.3303985595703125,
                "disk_write": 1.7556133270263672,
                "disk_used": 3.83221435546875,
                "disk_free": 24.16986083984375,
                "virtual_used": 1.1385688781738281,
                "virtual_free": 0.7272987365722656,
                "sample": 4
            },
            {
                "cpu_util": 52.4,
                "disk_read": 0.3303985595703125,
                "disk_write": 1.7575054168701172,
                "disk_used": 3.83221435546875,
                "disk_free": 24.16986083984375,
                "virtual_used": 1.1517181396484375,
                "virtual_free": 0.7141494750976562,
                "sample": 5
            },
            {
                "cpu_util": 55.0,
                "disk_read": 0.3303985595703125,
                "disk_write": 1.7596607208251953,
                "disk_used": 3.8322486877441406,
                "disk_free": 24.16982650756836,
                "virtual_used": 1.1497955322265625,
                "virtual_free": 0.7160720825195312,
                "sample": 6
            },
            {
                "cpu_util": 52.6,
                "disk_read": 0.3303985595703125,
                "disk_write": 1.7614154815673828,
                "disk_used": 3.8341331481933594,
                "disk_free": 24.16794204711914,
                "virtual_used": 1.1463127136230469,
                "virtual_free": 0.7195549011230469,
                "sample": 7
            }
        ],
        "response_time": 1.3288028240203857
    }
}