{
    "delete": {
        "baseline": {
            "cpu_util": 0.0,
            "disk_read": 53.649303913116455,
            "disk_write": 6.418218612670898,
            "disk_used": 6.21795654296875,
            "disk_free": 21.78411865234375,
            "virtual_used": 1.1951866149902344,
            "virtual_free": 0.6706771850585938
        },
        "samples": [
            {
                "cpu_util": 4.8,
                "disk_read": 53.649303913116455,
                "disk_write": 6.418222427368164,
                "disk_used": 6.21795654296875,
                "disk_free": 21.78411865234375,
                "virtual_used": 1.19384765625,
                "virtual_free": 0.6720161437988281,
                "sample": 1
            }
        ],
        "response_time": 0.0010919570922851562
    },
    "create": {
        "baseline": {
            "cpu_util": 0.0,
            "disk_read": 53.649303913116455,
            "disk_write": 6.418222427368164,
            "disk_used": 6.21795654296875,
            "disk_free": 21.78411865234375,
            "virtual_used": 1.1935577392578125,
            "virtual_free": 0.6723060607910156
        },
        "samples": [
            {
                "cpu_util": 47.8,
                "disk_read": 53.649303913116455,
                "disk_write": 6.418222427368164,
                "disk_used": 6.21795654296875,
                "disk_free": 21.78411865234375,
                "virtual_used": 1.1942596435546875,
                "virtual_free": 0.6716041564941406,
                "sample": 1
            },
            {
                "cpu_util": 50.0,
                "disk_read": 53.649303913116455,
                "disk_write": 6.418874740600586,
                "disk_used": 6.217967987060547,
                "disk_free": 21.784107208251953,
                "virtual_used": 1.2025032043457031,
                "virtual_free": 0.663360595703125,
                "sample": 2
            },
            {
                "cpu_util": 52.4,
                "disk_read": 53.649303913116455,
                "disk_write": 6.420835494995117,
                "disk_used": 6.217967987060547,
                "disk_free": 21.784107208251953,
                "virtual_used": 1.2028579711914062,
                "virtual_free": 0.6630058288574219,
                "sample": 3
            }
        ],
        "response_time": 0.6825382709503174
    },
    "updateManyStruct": {
        "baseline": {
            "cpu_util": 10.0,
            "disk_read": 53.649303913116455,
            "disk_write": 6.423044204711914,
            "disk_used": 6.223003387451172,
            "disk_free": 21.779071807861328,
            "virtual_used": 1.2008285522460938,
            "virtual_free": 0.6650352478027344
        },
        "samples": [
            {
                "cpu_util": 52.9,
                "disk_read": 53.649303913116455,
                "disk_write": 6.425790786743164,
                "disk_used": 6.223003387451172,
                "disk_free": 21.779071807861328,
                "virtual_used": 1.207183837890625,
                "virtual_free": 0.6586799621582031,
                "sample": 1
            },
            {
                "cpu_util": 52.6,
                "disk_read": 53.649303913116455,
                "disk_write": 6.429937362670898,
                "disk_used": 6.223003387451172,
                "disk_free": 21.779071807861328,
                "virtual_used": 1.2032203674316406,
                "virtual_free": 0.6626434326171875,
                "sample": 2
            },
            {
                "cpu_util": 52.6,
                "disk_read": 53.649303913116455,
                "disk_write": 6.434213638305664,
                "disk_used": 6.223003387451172,
                "disk_free": 21.779071807861328,
                "virtual_used": 1.1998481750488281,
                "virtual_free": 0.666015625,
                "sample": 3
            },
            {
                "cpu_util": 50.0,
                "disk_read": 53.649303913116455,
                "disk_write": 6.438474655151367,
                "disk_used": 6.223003387451172,
                "disk_free": 21.779071807861328,
                "virtual_used": 1.2035140991210938,
                "virtual_free": 0.6623497009277344,
                "sample": 4
            },
            {
                "cpu_util": 55.0,
                "disk_read": 53.649303913116455,
                "disk_write": 6.442564010620117,
                "disk_used": 6.223030090332031,
                "disk_free": 21.77904510498047,
                "virtual_used": 1.2005805969238281,
                "virtual_free": 0.665283203125,
                "sample": 5
            },
            {
                "cpu_util": 52.6,
                "disk_read": 53.649303913116455,
                "disk_write": 6.446660995483398,
                "disk_used": 6.223030090332031,
                "disk_free": 21.77904510498047,
                "virtual_used": 1.1967430114746094,
                "virtual_free": 0.6691207885742188,
                "sample": 6
            },
            {
                "cpu_util": 10.0,
                "disk_read": 53.649303913116455,
                "disk_write": 6.449762344360352,
                "disk_used": 6.222896575927734,
                "disk_free": 21.779178619384766,
                "virtual_used": 1.1960601806640625,
                "virtual_free": 0.6698036193847656,
                "sample": 7
            }
        ],
        "response_time": 1.2293200492858887
    }
}