{
    "delete": {
        "baseline": {
            "cpu_util": 0.0,
            "disk_read": 53.649303913116455,
            "disk_write": 6.478727340698242,
            "disk_used": 6.325706481933594,
            "disk_free": 21.676368713378906,
            "virtual_used": 1.2085456848144531,
            "virtual_free": 0.657318115234375
        },
        "samples": [
            {
                "cpu_util": 15.8,
                "disk_read": 53.64938020706177,
                "disk_write": 6.499639511108398,
                "disk_used": 6.326335906982422,
                "disk_free": 21.675739288330078,
                "virtual_used": 1.20770263671875,
                "virtual_free": 0.6581611633300781,
                "sample": 1
            }
        ],
        "response_time": 0.0009036064147949219
    },
    "create": {
        "baseline": {
            "cpu_util": 28.6,
            "disk_read": 53.649391651153564,
            "disk_write": 6.501382827758789,
            "disk_used": 6.034053802490234,
            "disk_free": 21.968021392822266,
            "virtual_used": 1.2017593383789062,
            "virtual_free": 0.6641044616699219
        },
        "samples": [
            {
                "cpu_util": 50.0,
                "disk_read": 53.649391651153564,
                "disk_write": 6.501382827758789,
                "disk_used": 6.034053802490234,
                "disk_free": 21.968021392822266,
                "virtual_used": 1.2017593383789062,
                "virtual_free": 0.6641044616699219,
                "sample": 1
            },
            {
                "cpu_util": 55.0,
                "disk_read": 53.649391651153564,
                "disk_write": 6.503103256225586,
                "disk_used": 6.034061431884766,
                "disk_free": 21.968013763427734,
                "virtual_used": 1.2036018371582031,
                "virtual_free": 0.662261962890625,
                "sample": 2
            },
            {
                "cpu_util": 95.0,
                "disk_read": 53.649391651153564,
                "disk_write": 6.506109237670898,
                "disk_used": 6.037868499755859,
                "disk_free": 21.96420669555664,
                "virtual_used": 1.2051239013671875,
                "virtual_free": 0.6607398986816406,
                "sample": 3
            }
        ],
        "response_time": 0.6673176288604736
    },
    "updateManyStruct": {
        "baseline": {
            "cpu_util": 0.0,
            "disk_read": 53.649391651153564,
            "disk_write": 6.506254196166992,
            "disk_used": 6.038585662841797,
            "disk_free": 21.963489532470703,
            "virtual_used": 1.2042999267578125,
            "virtual_free": 0.6615638732910156
        },
        "samples": [
            {
                "cpu_util": 52.6,
                "disk_read": 53.649391651153564,
                "disk_write": 6.50813102722168,
                "disk_used": 6.038585662841797,
                "disk_free": 21.963489532470703,
                "virtual_used": 1.2101478576660156,
                "virtual_free": 0.6557159423828125,
                "sample": 1
            },
            {
                "cpu_util": 70.0,
                "disk_read": 53.649391651153564,
                "disk_write": 6.513437271118164,
                "disk_used": 5.948909759521484,
                "disk_free": 22.053165435791016,
                "virtual_used": 1.2195167541503906,
                "virtual_free": 0.6463470458984375,
                "sample": 2
            },
            {
                "cpu_util": 68.4,
                "disk_read": 53.649391651153564,
                "disk_write": 6.518434524536133,
                "disk_used": 5.877220153808594,
                "disk_free": 22.124855041503906,
                "virtual_used": 1.1831512451171875,
                "virtual_free": 0.6827125549316406,
                "sample": 3
            },
            {
                "cpu_util": 55.0,
                "disk_read": 53.649391651153564,
                "disk_write": 6.521036148071289,
                "disk_used": 5.862823486328125,
                "disk_free": 22.139251708984375,
                "virtual_used": 1.1595001220703125,
                "virtual_free": 0.7063636779785156,
                "sample": 4
            },
            {
                "cpu_util": 52.4,
                "disk_read": 53.649391651153564,
                "disk_write": 6.52418327331543,
                "disk_used": 5.863349914550781,
                "disk_free": 22.13872528076172,
                "virtual_used": 1.1677627563476562,
                "virtual_free": 0.6981010437011719,
                "sample": 5
            },
            {
                "cpu_util": 50.0,
                "disk_read": 53.649391651153564,
                "disk_write": 6.527887344360352,
                "disk_used": 5.863349914550781,
                "disk_free": 22.13872528076172,
                "virtual_used": 1.1673927307128906,
                "virtual_free": 0.6984710693359375,
                "sample": 6
            },
            {
                "cpu_util": 50.0,
                "disk_read": 53.649391651153564,
                "disk_write": 6.532018661499023,
                "disk_used": 5.863349914550781,
                "disk_free": 22.13872528076172,
                "virtual_used": 1.1621780395507812,
                "virtual_free": 0.7036857604980469,
                "sample": 7
            }
        ],
        "response_time": 1.3382387161254883
    }
}