{
    "delete": {
        "baseline": {
            "cpu_util": 0.0,
            "disk_read": 16.93926477432251,
            "disk_write": 5.275838851928711,
            "disk_used": 3.897491455078125,
            "disk_free": 24.104583740234375,
            "virtual_used": 1.0338287353515625,
            "virtual_free": 0.8320388793945312
        },
        "samples": [
            {
                "cpu_util": 0.0,
                "disk_read": 16.93926477432251,
                "disk_write": 5.275903701782227,
                "disk_used": 3.897491455078125,
                "disk_free": 24.104583740234375,
                "virtual_used": 1.0338287353515625,
                "virtual_free": 0.8320388793945312,
                "sample": 1
            }
        ],
        "response_time": 0.0008895397186279297
    },
    "create": {
        "baseline": {
            "cpu_util": 0.0,
            "disk_read": 16.93926477432251,
            "disk_write": 5.275903701782227,
            "disk_used": 3.897491455078125,
            "disk_free": 24.104583740234375,
            "virtual_used": 1.0338287353515625,
            "virtual_free": 0.8320388793945312
        },
        "samples": [
            {
                "cpu_util": 9.5,
                "disk_read": 16.93926477432251,
                "disk_write": 5.276071548461914,
                "disk_used": 3.8974990844726562,
                "disk_free": 24.104576110839844,
                "virtual_used": 1.033782958984375,
                "virtual_free": 0.8320846557617188,
                "sample": 1
            }
        ],
        "response_time": 0.020672321319580078
    },
    "insertOneStruct": {
        "baseline": {
            "cpu_util": 0.0,
            "disk_read": 16.93926477432251,
            "disk_write": 5.27607536315918,
            "disk_used": 3.8974990844726562,
            "disk_free": 24.104576110839844,
            "virtual_used": 1.033782958984375,
            "virtual_free": 0.8320846557617188
        },
        "samples": [
            {
                "cpu_util": 0.0,
                "disk_read": 16.93926477432251,
                "disk_write": 5.276079177856445,
                "disk_used": 3.8974990844726562,
                "disk_free": 24.104576110839844,
                "virtual_used": 1.033782958984375,
                "virtual_free": 0.8320846557617188,
                "sample": 1
            }
        ],
        "response_time": 0.00095367431640625
    }
}