{
    "delete": {
        "baseline": {
            "cpu_util": 0.0,
            "disk_read": 0.3494758605957031,
            "disk_write": 3.973691940307617,
            "disk_used": 3.7704620361328125,
            "disk_free": 24.231613159179688,
            "virtual_used": 1.1573562622070312,
            "virtual_free": 2.589611053466797
        },
        "samples": [
            {
                "cpu_util": 9.1,
                "disk_read": 0.3494758605957031,
                "disk_write": 3.973695755004883,
                "disk_used": 3.7704620361328125,
                "disk_free": 24.231613159179688,
                "virtual_used": 1.1573562622070312,
                "virtual_free": 2.589611053466797,
                "sample": 1
            }
        ],
        "response_time": 0.0016818046569824219
    },
    "create": {
        "baseline": {
            "cpu_util": 0.0,
            "disk_read": 0.3494758605957031,
            "disk_write": 3.973695755004883,
            "disk_used": 3.770465850830078,
            "disk_free": 24.231609344482422,
            "virtual_used": 1.1573562622070312,
            "virtual_free": 2.589611053466797
        },
        "samples": [
            {
                "cpu_util": 5.0,
                "disk_read": 0.3494758605957031,
                "disk_write": 3.9738712310791016,
                "disk_used": 3.7704734802246094,
                "disk_free": 24.23160171508789,
                "virtual_used": 1.1573486328125,
                "virtual_free": 2.589618682861328,
                "sample": 1
            }
        ],
        "response_time": 0.020384550094604492
    },
    "insertOneStruct": {
        "baseline": {
            "cpu_util": 0.0,
            "disk_read": 0.3494758605957031,
            "disk_write": 3.9738712310791016,
            "disk_used": 3.7704734802246094,
            "disk_free": 24.23160171508789,
            "virtual_used": 1.1573486328125,
            "virtual_free": 2.589618682861328
        },
        "samples": [
            {
                "cpu_util": 0.0,
                "disk_read": 0.3494758605957031,
                "disk_write": 3.973875045776367,
                "disk_used": 3.7704734802246094,
                "disk_free": 24.23160171508789,
                "virtual_used": 1.1573486328125,
                "virtual_free": 2.589618682861328,
                "sample": 1
            }
        ],
        "response_time": 0.0009999275207519531
    }
}