{
    "delete": {
        "baseline": {
            "cpu_util": 0.0,
            "disk_read": 12.482589721679688,
            "disk_write": 5.180585861206055,
            "disk_used": 4.0334320068359375,
            "disk_free": 23.968643188476562,
            "virtual_used": 1.1550025939941406,
            "virtual_free": 0.7108650207519531
        },
        "samples": [
            {
                "cpu_util": 0.0,
                "disk_read": 12.482589721679688,
                "disk_write": 5.18058967590332,
                "disk_used": 4.033435821533203,
                "disk_free": 23.968639373779297,
                "virtual_used": 1.154998779296875,
                "virtual_free": 0.7108688354492188,
                "sample": 1
            }
        ],
        "response_time": 0.0008168220520019531
    },
    "create": {
        "baseline": {
            "cpu_util": 15.0,
            "disk_read": 12.482589721679688,
            "disk_write": 5.18058967590332,
            "disk_used": 4.0334625244140625,
            "disk_free": 23.968612670898438,
            "virtual_used": 1.1549911499023438,
            "virtual_free": 0.71087646484375
        },
        "samples": [
            {
                "cpu_util": 51.8,
                "disk_read": 12.482589721679688,
                "disk_write": 5.18058967590332,
                "disk_used": 4.0334625244140625,
                "disk_free": 23.968612670898438,
                "virtual_used": 1.1549911499023438,
                "virtual_free": 0.71087646484375,
                "sample": 1
            },
            {
                "cpu_util": 54.5,
                "disk_read": 12.482589721679688,
                "disk_write": 5.181100845336914,
                "disk_used": 4.033470153808594,
                "disk_free": 23.968605041503906,
                "virtual_used": 1.1471977233886719,
                "virtual_free": 0.7186698913574219,
                "sample": 2
            },
            {
                "cpu_util": 54.5,
                "disk_read": 12.482589721679688,
                "disk_write": 5.184968948364258,
                "disk_used": 4.033294677734375,
                "disk_free": 23.968780517578125,
                "virtual_used": 1.1489219665527344,
                "virtual_free": 0.7169456481933594,
                "sample": 3
            }
        ],
        "response_time": 0.8624050617218018
    },
    "updateManyStruct": {
        "baseline": {
            "cpu_util": 0.0,
            "disk_read": 12.482589721679688,
            "disk_write": 5.185461044311523,
            "disk_used": 4.037815093994141,
            "disk_free": 23.96426010131836,
            "virtual_used": 1.1493759155273438,
            "virtual_free": 0.71649169921875
        },
        "samples": [
            {
                "cpu_util": 55.0,
                "disk_read": 12.482589721679688,
                "disk_write": 5.186666488647461,
                "disk_used": 4.037815093994141,
                "disk_free": 23.96426010131836,
                "virtual_used": 1.1477622985839844,
                "virtual_free": 0.7181053161621094,
                "sample": 1
            },
            {
                "cpu_util": 52.4,
                "disk_read": 12.482589721679688,
                "disk_write": 5.189577102661133,
                "disk_used": 4.037815093994141,
                "disk_free": 23.96426010131836,
                "virtual_used": 1.1450233459472656,
                "virtual_free": 0.7208442687988281,
                "sample": 2
            },
            {
                "cpu_util": 50.0,
                "disk_read": 12.482589721679688,
                "disk_write": 5.192449569702148,
                "disk_used": 4.135471343994141,
                "disk_free": 23.86660385131836,
                "virtual_used": 1.1431236267089844,
                "virtual_free": 0.7227439880371094,
                "sample": 3
            },
            {
                "cpu_util": 59.1,
                "disk_read": 12.482589721679688,
                "disk_write": 5.19416618347168,
                "disk_used": 4.135498046875,
                "disk_free": 23.8665771484375,
                "virtual_used": 1.1431312561035156,
                "virtual_free": 0.7227363586425781,
                "sample": 4
            },
            {
                "cpu_util": 50.0,
                "disk_read": 12.482589721679688,
                "disk_write": 5.197504043579102,
                "disk_used": 4.135498046875,
                "disk_free": 23.8665771484375,
                "virtual_used": 1.1431083679199219,
                "virtual_free": 0.7227592468261719,
                "sample": 5
            },
            {
                "cpu_util": 61.1,
                "disk_read": 12.482589721679688,
                "disk_write": 5.201543807983398,
                "disk_used": 4.135524749755859,
                "disk_free": 23.86655044555664,
                "virtual_used": 1.1470909118652344,
                "virtual_free": 0.7187767028808594,
                "sample": 6
            },
            {
                "cpu_util": 52.6,
                "disk_read": 12.482589721679688,
                "disk_write": 5.20515251159668,
                "disk_used": 4.135524749755859,
                "disk_free": 23.86655044555664,
                "virtual_used": 1.1438026428222656,
                "virtual_free": 0.7220649719238281,
                "sample": 7
            },
            {
                "cpu_util": 38.1,
                "disk_read": 12.482589721679688,
                "disk_write": 5.209024429321289,
                "disk_used": 4.135524749755859,
                "disk_free": 23.86655044555664,
                "virtual_used": 1.1482582092285156,
                "virtual_free": 0.7176094055175781,
                "sample": 8
            }
        ],
        "response_time": 1.4806709289550781
    }
}