{
    "delete": {
        "baseline": {
            "cpu_util": 20.0,
            "disk_read": 0.6195502281188965,
            "disk_write": 3.7118663787841797,
            "disk_used": 3.98150634765625,
            "disk_free": 24.02056884765625,
            "virtual_used": 1.31219482421875,
            "virtual_free": 2.434764862060547
        },
        "samples": [
            {
                "cpu_util": 5.0,
                "disk_read": 0.6195502281188965,
                "disk_write": 3.7118701934814453,
                "disk_used": 3.98150634765625,
                "disk_free": 24.02056884765625,
                "virtual_used": 1.31219482421875,
                "virtual_free": 2.434764862060547,
                "sample": 1
            }
        ],
        "response_time": 0.004506349563598633
    },
    "create": {
        "baseline": {
            "cpu_util": 0.0,
            "disk_read": 0.6195502281188965,
            "disk_write": 3.7118701934814453,
            "disk_used": 3.98150634765625,
            "disk_free": 24.02056884765625,
            "virtual_used": 1.3121070861816406,
            "virtual_free": 2.4348526000976562
        },
        "samples": [
            {
                "cpu_util": 51.4,
                "disk_read": 0.6195502281188965,
                "disk_write": 3.7118701934814453,
                "disk_used": 3.98150634765625,
                "disk_free": 24.02056884765625,
                "virtual_used": 1.3130683898925781,
                "virtual_free": 2.4338912963867188,
                "sample": 1
            },
            {
                "cpu_util": 51.9,
                "disk_read": 0.6195502281188965,
                "disk_write": 3.7118701934814453,
                "disk_used": 3.98150634765625,
                "disk_free": 24.02056884765625,
                "virtual_used": 1.3299179077148438,
                "virtual_free": 2.417041778564453,
                "sample": 2
            },
            {
                "cpu_util": 57.1,
                "disk_read": 0.6195502281188965,
                "disk_write": 3.7139835357666016,
                "disk_used": 3.981517791748047,
                "disk_free": 24.020557403564453,
                "virtual_used": 1.3094749450683594,
                "virtual_free": 2.4374847412109375,
                "sample": 3
            },
            {
                "cpu_util": 47.4,
                "disk_read": 0.6195502281188965,
                "disk_write": 3.7157344818115234,
                "disk_used": 3.981517791748047,
                "disk_free": 24.020557403564453,
                "virtual_used": 1.3116378784179688,
                "virtual_free": 2.435321807861328,
                "sample": 4
            }
        ],
        "response_time": 1.2233002185821533
    },
    "updateManyStruct": {
        "baseline": {
            "cpu_util": 0.0,
            "disk_read": 0.6195502281188965,
            "disk_write": 3.716703414916992,
            "disk_used": 3.981517791748047,
            "disk_free": 24.020557403564453,
            "virtual_used": 1.3038406372070312,
            "virtual_free": 2.4431190490722656
        },
        "samples": [
            {
                "cpu_util": 50.0,
                "disk_read": 0.6195502281188965,
                "disk_write": 3.717794418334961,
                "disk_used": 3.981517791748047,
                "disk_free": 24.020557403564453,
                "virtual_used": 1.303985595703125,
                "virtual_free": 2.442974090576172,
                "sample": 1
            },
            {
                "cpu_util": 52.6,
                "disk_read": 0.6195502281188965,
                "disk_write": 3.7189693450927734,
                "disk_used": 3.9828758239746094,
                "disk_free": 24.01919937133789,
                "virtual_used": 1.3062934875488281,
                "virtual_free": 2.4406661987304688,
                "sample": 2
            },
            {
                "cpu_util": 86.4,
                "disk_read": 0.6195502281188965,
                "disk_write": 3.720834732055664,
                "disk_used": 3.9865951538085938,
                "disk_free": 24.015480041503906,
                "virtual_used": 1.3008956909179688,
                "virtual_free": 2.446063995361328,
                "sample": 3
            },
            {
                "cpu_util": 52.6,
                "disk_read": 0.6195502281188965,
                "disk_write": 3.722799301147461,
                "disk_used": 3.9865951538085938,
                "disk_free": 24.015480041503906,
                "virtual_used": 1.3065948486328125,
                "virtual_free": 2.4403648376464844,
                "sample": 4
            },
            {
                "cpu_util": 57.1,
                "disk_read": 0.6195502281188965,
                "disk_write": 3.7250308990478516,
                "disk_used": 3.9865951538085938,
                "disk_free": 24.015480041503906,
                "virtual_used": 1.3040428161621094,
                "virtual_free": 2.4429168701171875,
                "sample": 5
            },
            {
                "cpu_util": 52.4,
                "disk_read": 0.6195502281188965,
                "disk_write": 3.7284107208251953,
                "disk_used": 3.9865951538085938,
                "disk_free": 24.015480041503906,
                "virtual_used": 1.3007392883300781,
                "virtual_free": 2.4462203979492188,
                "sample": 6
            },
            {
                "cpu_util": 50.0,
                "disk_read": 0.6195502281188965,
                "disk_write": 3.7314510345458984,
                "disk_used": 3.9865951538085938,
                "disk_free": 24.015480041503906,
                "virtual_used": 1.3059844970703125,
                "virtual_free": 2.4409751892089844,
                "sample": 7
            },
            {
                "cpu_util": 52.6,
                "disk_read": 0.6195502281188965,
                "disk_write": 3.7333850860595703,
                "disk_used": 3.9865951538085938,
                "disk_free": 24.015480041503906,
                "virtual_used": 1.30419921875,
                "virtual_free": 2.442760467529297,
                "sample": 8
            },
            {
                "cpu_util": 50.0,
                "disk_read": 0.6195502281188965,
                "disk_write": 3.735605239868164,
                "disk_used": 3.9865951538085938,
                "disk_free": 24.015480041503906,
                "virtual_used": 1.3021736145019531,
                "virtual_free": 2.4447860717773438,
                "sample": 9
            },
            {
                "cpu_util": 52.4,
                "disk_read": 0.6195502281188965,
                "disk_write": 3.7377567291259766,
                "disk_used": 3.9865951538085938,
                "disk_free": 24.015480041503906,
                "virtual_used": 1.3076133728027344,
                "virtual_free": 2.4393463134765625,
                "sample": 10
            },
            {
                "cpu_util": 52.4,
                "disk_read": 0.6195502281188965,
                "disk_write": 3.740530014038086,
                "disk_used": 3.9865951538085938,
                "disk_free": 24.015480041503906,
                "virtual_used": 1.3128166198730469,
                "virtual_free": 2.43414306640625,
                "sample": 11
            }
        ],
        "response_time": 2.1647050380706787
    }
}