{
    "delete": {
        "baseline": {
            "cpu_util": 0.0,
            "disk_read": 12.483009338378906,
            "disk_write": 5.658781051635742,
            "disk_used": 4.035831451416016,
            "disk_free": 23.966243743896484,
            "virtual_used": 1.0514144897460938,
            "virtual_free": 0.814453125
        },
        "samples": [
            {
                "cpu_util": 4.8,
                "disk_read": 12.483009338378906,
                "disk_write": 5.658784866333008,
                "disk_used": 4.035831451416016,
                "disk_free": 23.966243743896484,
                "virtual_used": 1.0514144897460938,
                "virtual_free": 0.814453125,
                "sample": 1
            }
        ],
        "response_time": 0.0010843276977539062
    },
    "create": {
        "baseline": {
            "cpu_util": 0.0,
            "disk_read": 12.483009338378906,
            "disk_write": 5.658784866333008,
            "disk_used": 4.035831451416016,
            "disk_free": 23.966243743896484,
            "virtual_used": 1.0514144897460938,
            "virtual_free": 0.814453125
        },
        "samples": [
            {
                "cpu_util": 13.6,
                "disk_read": 12.483009338378906,
                "disk_write": 5.658937454223633,
                "disk_used": 4.035839080810547,
                "disk_free": 23.966236114501953,
                "virtual_used": 1.0513992309570312,
                "virtual_free": 0.8144683837890625,
                "sample": 1
            }
        ],
        "response_time": 0.03262805938720703
    },
    "insertOneStruct": {
        "baseline": {
            "cpu_util": 4.8,
            "disk_read": 12.483009338378906,
            "disk_write": 5.659002304077148,
            "disk_used": 4.035839080810547,
            "disk_free": 23.966236114501953,
            "virtual_used": 1.0513839721679688,
            "virtual_free": 0.814483642578125
        },
        "samples": [
            {
                "cpu_util": 0.0,
                "disk_read": 12.483009338378906,
                "disk_write": 5.659002304077148,
                "disk_used": 4.035839080810547,
                "disk_free": 23.966236114501953,
                "virtual_used": 1.0513839721679688,
                "virtual_free": 0.814483642578125,
                "sample": 1
            }
        ],
        "response_time": 0.003247976303100586
    }
}