{
    "delete": {
        "baseline": {
            "cpu_util": 0.0,
            "disk_read": 53.64985704421997,
            "disk_write": 6.965642929077148,
            "disk_used": 5.890125274658203,
            "disk_free": 22.111949920654297,
            "virtual_used": 1.0367050170898438,
            "virtual_free": 0.8291587829589844
        },
        "samples": [
            {
                "cpu_util": 4.8,
                "disk_read": 53.64985704421997,
                "disk_write": 6.965646743774414,
                "disk_used": 5.890129089355469,
                "disk_free": 22.11194610595703,
                "virtual_used": 1.0367050170898438,
                "virtual_free": 0.8291587829589844,
                "sample": 1
            }
        ],
        "response_time": 0.0009706020355224609
    },
    "create": {
        "baseline": {
            "cpu_util": 0.0,
            "disk_read": 53.64985704421997,
            "disk_write": 6.965646743774414,
            "disk_used": 5.890129089355469,
            "disk_free": 22.11194610595703,
            "virtual_used": 1.0366058349609375,
            "virtual_free": 0.8292579650878906
        },
        "samples": [
            {
                "cpu_util": 5.3,
                "disk_read": 53.64985704421997,
                "disk_write": 6.965864181518555,
                "disk_used": 5.89013671875,
                "disk_free": 22.1119384765625,
                "virtual_used": 1.0288314819335938,
                "virtual_free": 0.8370323181152344,
                "sample": 1
            }
        ],
        "response_time": 0.025418996810913086
    },
    "updateOneStruct": {
        "baseline": {
            "cpu_util": 0.0,
            "disk_read": 53.64985704421997,
            "disk_write": 6.965864181518555,
            "disk_used": 5.89013671875,
            "disk_free": 22.1119384765625,
            "virtual_used": 1.0288314819335938,
            "virtual_free": 0.8370323181152344
        },
        "samples": [
            {
                "cpu_util": 0.0,
                "disk_read": 53.64985704421997,
                "disk_write": 6.96586799621582,
                "disk_used": 5.89013671875,
                "disk_free": 22.1119384765625,
                "virtual_used": 1.0288276672363281,
                "virtual_free": 0.8370361328125,
                "sample": 1
            }
        ],
        "response_time": 0.0025272369384765625
    }
}