{
    "delete": {
        "baseline": {
            "cpu_util": 0.0,
            "disk_read": 0.8625273704528809,
            "disk_write": 16.17613410949707,
            "disk_used": 4.951210021972656,
            "disk_free": 23.050865173339844,
            "virtual_used": 1.6917762756347656,
            "virtual_free": 2.05517578125
        },
        "samples": [
            {
                "cpu_util": 0.0,
                "disk_read": 0.8625273704528809,
                "disk_write": 16.176179885864258,
                "disk_used": 4.951213836669922,
                "disk_free": 23.050861358642578,
                "virtual_used": 1.6917724609375,
                "virtual_free": 2.0551795959472656,
                "sample": 1
            }
        ],
        "response_time": 0.0010280609130859375
    },
    "create": {
        "baseline": {
            "cpu_util": 0.0,
            "disk_read": 0.8625273704528809,
            "disk_write": 16.176179885864258,
            "disk_used": 4.951213836669922,
            "disk_free": 23.050861358642578,
            "virtual_used": 1.691680908203125,
            "virtual_free": 2.0552711486816406
        },
        "samples": [
            {
                "cpu_util": 47.8,
                "disk_read": 0.8625273704528809,
                "disk_write": 16.17630958557129,
                "disk_used": 4.951221466064453,
                "disk_free": 23.050853729248047,
                "virtual_used": 1.6928443908691406,
                "virtual_free": 2.054107666015625,
                "sample": 1
            }
        ],
        "response_time": 0.1717851161956787
    },
    "aggregateUnstruct": {
        "baseline": {
            "cpu_util": 0.0,
            "disk_read": 0.8625273704528809,
            "disk_write": 16.177270889282227,
            "disk_used": 4.951221466064453,
            "disk_free": 23.050853729248047,
            "virtual_used": 1.691986083984375,
            "virtual_free": 2.0549659729003906
        },
        "samples": [
            {
                "cpu_util": 5.0,
                "disk_read": 0.8625273704528809,
                "disk_write": 16.177270889282227,
                "disk_used": 4.951221466064453,
                "disk_free": 23.050853729248047,
                "virtual_used": 1.691986083984375,
                "virtual_free": 2.0549659729003906,
                "sample": 1
            }
        ],
        "response_time": 0.00897526741027832
    }
}