{
    "delete": {
        "baseline": {
            "cpu_util": 0.0,
            "disk_read": 1.213029384613037,
            "disk_write": 25.587862014770508,
            "disk_used": 5.822010040283203,
            "disk_free": 22.180065155029297,
            "virtual_used": 2.881011962890625,
            "virtual_free": 0.8659400939941406
        },
        "samples": [
            {
                "cpu_util": 0.0,
                "disk_read": 1.213029384613037,
                "disk_write": 25.587915420532227,
                "disk_used": 5.822010040283203,
                "disk_free": 22.180065155029297,
                "virtual_used": 2.8811721801757812,
                "virtual_free": 0.8657798767089844,
                "sample": 1
            }
        ],
        "response_time": 0.0010120868682861328
    },
    "create": {
        "baseline": {
            "cpu_util": 0.0,
            "disk_read": 1.213029384613037,
            "disk_write": 25.587915420532227,
            "disk_used": 5.822010040283203,
            "disk_free": 22.180065155029297,
            "virtual_used": 2.8811721801757812,
            "virtual_free": 0.8657798767089844
        },
        "samples": [
            {
                "cpu_util": 51.2,
                "disk_read": 1.213029384613037,
                "disk_write": 25.587915420532227,
                "disk_used": 5.822010040283203,
                "disk_free": 22.180065155029297,
                "virtual_used": 2.8736915588378906,
                "virtual_free": 0.873260498046875,
                "sample": 1
            },
            {
                "cpu_util": 59.3,
                "disk_read": 1.2130522727966309,
                "disk_write": 25.677766799926758,
                "disk_used": 5.825138092041016,
                "disk_free": 22.176937103271484,
                "virtual_used": 2.881378173828125,
                "virtual_free": 0.8655738830566406,
                "sample": 2
            },
            {
                "cpu_util": 50.0,
                "disk_read": 1.2130522727966309,
                "disk_write": 25.677766799926758,
                "disk_used": 5.337619781494141,
                "disk_free": 22.66445541381836,
                "virtual_used": 2.8655052185058594,
                "virtual_free": 0.8814468383789062,
                "sample": 3
            },
            {
                "cpu_util": 50.0,
                "disk_read": 1.2130522727966309,
                "disk_write": 25.677766799926758,
                "disk_used": 5.327205657958984,
                "disk_free": 22.674869537353516,
                "virtual_used": 2.8772811889648438,
                "virtual_free": 0.8696708679199219,
                "sample": 4
            },
            {
                "cpu_util": 77.3,
                "disk_read": 1.2130522727966309,
                "disk_write": 25.678071975708008,
                "disk_used": 4.749153137207031,
                "disk_free": 23.25292205810547,
                "virtual_used": 2.7379722595214844,
                "virtual_free": 1.0089797973632812,
                "sample": 5
            },
            {
                "cpu_util": 52.0,
                "disk_read": 1.2130522727966309,
                "disk_write": 25.678071975708008,
                "disk_used": 4.749153137207031,
                "disk_free": 23.25292205810547,
                "virtual_used": 2.8067054748535156,
                "virtual_free": 0.94024658203125,
                "sample": 6
            },
            {
                "cpu_util": 52.2,
                "disk_read": 1.2130522727966309,
                "disk_write": 25.679590225219727,
                "disk_used": 4.7491607666015625,
                "disk_free": 23.252914428710938,
                "virtual_used": 2.8152542114257812,
                "virtual_free": 0.9316978454589844,
                "sample": 7
            },
            {
                "cpu_util": 50.0,
                "disk_read": 1.2130522727966309,
                "disk_write": 25.687658309936523,
                "disk_used": 4.749164581298828,
                "disk_free": 23.252910614013672,
                "virtual_used": 2.8115272521972656,
                "virtual_free": 0.9354248046875,
                "sample": 8
            },
            {
                "cpu_util": 95.0,
                "disk_read": 1.2130522727966309,
                "disk_write": 25.68941307067871,
                "disk_used": 4.7568511962890625,
                "disk_free": 23.245223999023438,
                "virtual_used": 2.8157119750976562,
                "virtual_free": 0.9312400817871094,
                "sample": 9
            },
            {
                "cpu_util": 54.5,
                "disk_read": 1.2130522727966309,
                "disk_write": 25.694726943969727,
                "disk_used": 4.7568511962890625,
                "disk_free": 23.245223999023438,
                "virtual_used": 2.8403358459472656,
                "virtual_free": 0.9066162109375,
                "sample": 10
            },
            {
                "cpu_util": 100.0,
                "disk_read": 1.2130522727966309,
                "disk_write": 25.701143264770508,
                "disk_used": 4.763759613037109,
                "disk_free": 23.23831558227539,
                "virtual_used": 2.8183822631835938,
                "virtual_free": 0.9285697937011719,
                "sample": 11
            },
            {
                "cpu_util": 78.9,
                "disk_read": 1.2130522727966309,
                "disk_write": 25.7031307220459,
                "disk_used": 4.772182464599609,
                "disk_free": 23.22989273071289,
                "virtual_used": 2.824840545654297,
                "virtual_free": 0.9221115112304688,
                "sample": 12
            },
            {
                "cpu_util": 54.5,
                "disk_read": 1.2130522727966309,
                "disk_write": 25.706628799438477,
                "disk_used": 4.772182464599609,
                "disk_free": 23.22989273071289,
                "virtual_used": 2.8054885864257812,
                "virtual_free": 0.9414634704589844,
                "sample": 13
            },
            {
                "cpu_util": 70.0,
                "disk_read": 1.2130522727966309,
                "disk_write": 25.709680557250977,
                "disk_used": 4.778038024902344,
                "disk_free": 23.224037170410156,
                "virtual_used": 2.8091583251953125,
                "virtual_free": 0.9377937316894531,
                "sample": 14
            },
            {
                "cpu_util": 50.0,
                "disk_read": 1.2130522727966309,
                "disk_write": 25.715909957885742,
                "disk_used": 4.778038024902344,
                "disk_free": 23.224037170410156,
                "virtual_used": 2.842498779296875,
                "virtual_free": 0.9044532775878906,
                "sample": 15
            },
            {
                "cpu_util": 52.6,
                "disk_read": 1.2130522727966309,
                "disk_write": 25.719282150268555,
                "disk_used": 4.778038024902344,
                "disk_free": 23.224037170410156,
                "virtual_used": 2.8130226135253906,
                "virtual_free": 0.933929443359375,
                "sample": 16
            },
            {
                "cpu_util": 100.0,
                "disk_read": 1.2130522727966309,
                "disk_write": 25.724977493286133,
                "disk_used": 4.7940673828125,
                "disk_free": 23.2080078125,
                "virtual_used": 2.8187904357910156,
                "virtual_free": 0.92816162109375,
                "sample": 17
            },
            {
                "cpu_util": 52.6,
                "disk_read": 1.2130522727966309,
                "disk_write": 25.725278854370117,