{
    "delete": {
        "baseline": {
            "cpu_util": 0.0,
            "disk_read": 0.3506317138671875,
            "disk_write": 2.7375736236572266,
            "disk_used": 3.8513031005859375,
            "disk_free": 24.150772094726562,
            "virtual_used": 1.0882453918457031,
            "virtual_free": 0.7776222229003906
        },
        "samples": [
            {
                "cpu_util": 0.0,
                "disk_read": 0.3506317138671875,
                "disk_write": 2.737577438354492,
                "disk_used": 3.8513031005859375,
                "disk_free": 24.150772094726562,
                "virtual_used": 1.0884857177734375,
                "virtual_free": 0.7773818969726562,
                "sample": 1
            }
        ],
        "response_time": 0.0008420944213867188
    },
    "create": {
        "baseline": {
            "cpu_util": 0.0,
            "disk_read": 0.3506317138671875,
            "disk_write": 2.737577438354492,
            "disk_used": 3.8513031005859375,
            "disk_free": 24.150772094726562,
            "virtual_used": 1.0806236267089844,
            "virtual_free": 0.7852439880371094
        },
        "samples": [
            {
                "cpu_util": 52.2,
                "disk_read": 0.3506317138671875,
                "disk_write": 2.737577438354492,
                "disk_used": 3.8513031005859375,
                "disk_free": 24.150772094726562,
                "virtual_used": 1.0806236267089844,
                "virtual_free": 0.7852439880371094,
                "sample": 1
            },
            {
                "cpu_util": 54.5,
                "disk_read": 0.3506317138671875,
                "disk_write": 2.7392444610595703,
                "disk_used": 3.8513107299804688,
                "disk_free": 24.15076446533203,
                "virtual_used": 1.0803260803222656,
                "virtual_free": 0.7855415344238281,
                "sample": 2
            },
            {
                "cpu_util": 55.0,
                "disk_read": 0.3506317138671875,
                "disk_write": 2.7436046600341797,
                "disk_used": 3.8513107299804688,
                "disk_free": 24.15076446533203,
                "virtual_used": 1.0767097473144531,
                "virtual_free": 0.7891578674316406,
                "sample": 3
            },
            {
                "cpu_util": 71.4,
                "disk_read": 0.3506317138671875,
                "disk_write": 2.7451305389404297,
                "disk_used": 3.8599700927734375,
                "disk_free": 24.142105102539062,
                "virtual_used": 1.0707168579101562,
                "virtual_free": 0.7951507568359375,
                "sample": 4
            }
        ],
        "response_time": 0.8960084915161133
    },
    "aggregateUnstruct": {
        "baseline": {
            "cpu_util": 0.0,
            "disk_read": 0.3506317138671875,
            "disk_write": 2.7472896575927734,
            "disk_used": 3.958831787109375,
            "disk_free": 24.043243408203125,
            "virtual_used": 1.0667533874511719,
            "virtual_free": 0.7991142272949219
        },
        "samples": [
            {
                "cpu_util": 42.1,
                "disk_read": 0.3506317138671875,
                "disk_write": 2.7472896575927734,
                "disk_used": 3.958831787109375,
                "disk_free": 24.043243408203125,
                "virtual_used": 1.0667533874511719,
                "virtual_free": 0.7991142272949219,
                "sample": 1
            }
        ],
        "response_time": 0.07586455345153809
    }
}