{
    "delete": {
        "baseline": {
            "cpu_util": 0.0,
            "disk_read": 0.3506317138671875,
            "disk_write": 2.7472896575927734,
            "disk_used": 3.9588356018066406,
            "disk_free": 24.04323959350586,
            "virtual_used": 1.0667533874511719,
            "virtual_free": 0.7991142272949219
        },
        "samples": [
            {
                "cpu_util": 0.0,
                "disk_read": 0.3506317138671875,
                "disk_write": 2.747293472290039,
                "disk_used": 3.9588356018066406,
                "disk_free": 24.04323959350586,
                "virtual_used": 1.0667533874511719,
                "virtual_free": 0.7991142272949219,
                "sample": 1
            }
        ],
        "response_time": 0.001157999038696289
    },
    "create": {
        "baseline": {
            "cpu_util": 0.0,
            "disk_read": 0.3506317138671875,
            "disk_write": 2.747293472290039,
            "disk_used": 3.9588356018066406,
            "disk_free": 24.04323959350586,
            "virtual_used": 1.0667533874511719,
            "virtual_free": 0.7991142272949219
        },
        "samples": [
            {
                "cpu_util": 51.6,
                "disk_read": 0.3506317138671875,
                "disk_write": 2.747293472290039,
                "disk_used": 3.9588356018066406,
                "disk_free": 24.04323959350586,
                "virtual_used": 1.0669746398925781,
                "virtual_free": 0.7988929748535156,
                "sample": 1
            },
            {
                "cpu_util": 57.9,
                "disk_read": 0.3506317138671875,
                "disk_write": 2.7480220794677734,
                "disk_used": 3.958843231201172,
                "disk_free": 24.043231964111328,
                "virtual_used": 1.0638236999511719,
                "virtual_free": 0.8020439147949219,
                "sample": 2
            },
            {
                "cpu_util": 55.0,
                "disk_read": 0.3506317138671875,
                "disk_write": 2.7526607513427734,
                "disk_used": 3.958843231201172,
                "disk_free": 24.043231964111328,
                "virtual_used": 1.0665855407714844,
                "virtual_free": 0.7992820739746094,
                "sample": 3
            },
            {
                "cpu_util": 100.0,
                "disk_read": 0.3506317138671875,
                "disk_write": 2.7552242279052734,
                "disk_used": 3.9659461975097656,
                "disk_free": 24.036128997802734,
                "virtual_used": 1.0718154907226562,
                "virtual_free": 0.7940521240234375,
                "sample": 4
            },
            {
                "cpu_util": 19.0,
                "disk_read": 0.3506317138671875,
                "disk_write": 2.758260726928711,
                "disk_used": 3.9670333862304688,
                "disk_free": 24.03504180908203,
                "virtual_used": 1.0690383911132812,
                "virtual_free": 0.7968292236328125,
                "sample": 5
            }
        ],
        "response_time": 1.1857194900512695
    },
    "aggregateUnstruct": {
        "baseline": {
            "cpu_util": 5.0,
            "disk_read": 0.3506317138671875,
            "disk_write": 2.758291244506836,
            "disk_used": 3.9687957763671875,
            "disk_free": 24.033279418945312,
            "virtual_used": 1.06719970703125,
            "virtual_free": 0.7986679077148438
        },
        "samples": [
            {
                "cpu_util": 52.4,
                "disk_read": 0.3506317138671875,
                "disk_write": 2.758291244506836,
                "disk_used": 3.9687957763671875,
                "disk_free": 24.033279418945312,
                "virtual_used": 1.0582656860351562,
                "virtual_free": 0.8076019287109375,
                "sample": 1
            }
        ],
        "response_time": 0.10042166709899902
    }
}