{
    "delete": {
        "baseline": {
            "cpu_util": 0.0,
            "disk_read": 0.3506317138671875,
            "disk_write": 2.7278881072998047,
            "disk_used": 3.8434181213378906,
            "disk_free": 24.15865707397461,
            "virtual_used": 1.1120414733886719,
            "virtual_free": 0.7538261413574219
        },
        "samples": [
            {
                "cpu_util": 5.0,
                "disk_read": 0.3506317138671875,
                "disk_write": 2.7278919219970703,
                "disk_used": 3.8434181213378906,
                "disk_free": 24.15865707397461,
                "virtual_used": 1.1120414733886719,
                "virtual_free": 0.7538261413574219,
                "sample": 1
            }
        ],
        "response_time": 0.006616830825805664
    },
    "create": {
        "baseline": {
            "cpu_util": 0.0,
            "disk_read": 0.3506317138671875,
            "disk_write": 2.7278919219970703,
            "disk_used": 3.8434181213378906,
            "disk_free": 24.15865707397461,
            "virtual_used": 1.1119842529296875,
            "virtual_free": 0.7538833618164062
        },
        "samples": [
            {
                "cpu_util": 54.2,
                "disk_read": 0.3506317138671875,
                "disk_write": 2.7278919219970703,
                "disk_used": 3.8434181213378906,
                "disk_free": 24.15865707397461,
                "virtual_used": 1.1119842529296875,
                "virtual_free": 0.7538833618164062,
                "sample": 1
            },
            {
                "cpu_util": 48.0,
                "disk_read": 0.3506317138671875,
                "disk_write": 2.7278919219970703,
                "disk_used": 3.8434181213378906,
                "disk_free": 24.15865707397461,
                "virtual_used": 1.1132659912109375,
                "virtual_free": 0.7526016235351562,
                "sample": 2
            },
            {
                "cpu_util": 50.0,
                "disk_read": 0.3506317138671875,
                "disk_write": 2.728544235229492,
                "disk_used": 3.843425750732422,
                "disk_free": 24.158649444580078,
                "virtual_used": 1.0973587036132812,
                "virtual_free": 0.7685089111328125,
                "sample": 3
            },
            {
                "cpu_util": 57.1,
                "disk_read": 0.3506317138671875,
                "disk_write": 2.7318782806396484,
                "disk_used": 3.843425750732422,
                "disk_free": 24.158649444580078,
                "virtual_used": 1.105224609375,
                "virtual_free": 0.7606430053710938,
                "sample": 4
            },
            {
                "cpu_util": 100.0,
                "disk_read": 0.3506317138671875,
                "disk_write": 2.7352733612060547,
                "disk_used": 3.8512954711914062,
                "disk_free": 24.150779724121094,
                "virtual_used": 1.099884033203125,
                "virtual_free": 0.7659835815429688,
                "sample": 5
            }
        ],
        "response_time": 1.170689582824707
    },
    "aggregateUnstruct": {
        "baseline": {
            "cpu_util": 0.0,
            "disk_read": 0.3506317138671875,
            "disk_write": 2.7375736236572266,
            "disk_used": 3.851299285888672,
            "disk_free": 24.150775909423828,
            "virtual_used": 1.0882453918457031,
            "virtual_free": 0.7776222229003906
        },
        "samples": [
            {
                "cpu_util": 54.5,
                "disk_read": 0.3506317138671875,
                "disk_write": 2.7375736236572266,
                "disk_used": 3.851299285888672,
                "disk_free": 24.150775909423828,
                "virtual_used": 1.0882453918457031,
                "virtual_free": 0.7776222229003906,
                "sample": 1
            }
        ],
        "response_time": 0.12462472915649414
    }
}