{
    "delete": {
        "baseline": {
            "cpu_util": 0.0,
            "disk_read": 0.3462648391723633,
            "disk_write": 3.2430477142333984,
            "disk_used": 3.843975067138672,
            "disk_free": 24.158100128173828,
            "virtual_used": 0.9351043701171875,
            "virtual_free": 0.9307632446289062
        },
        "samples": [
            {
                "cpu_util": 0.0,
                "disk_read": 0.3462648391723633,
                "disk_write": 3.243051528930664,
                "disk_used": 3.843975067138672,
                "disk_free": 24.158100128173828,
                "virtual_used": 0.9351043701171875,
                "virtual_free": 0.9307632446289062,
                "sample": 1
            }
        ],
        "response_time": 0.0012192726135253906
    },
    "create": {
        "baseline": {
            "cpu_util": 4.8,
            "disk_read": 0.3462648391723633,
            "disk_write": 3.243051528930664,
            "disk_used": 3.843975067138672,
            "disk_free": 24.158100128173828,
            "virtual_used": 0.9351043701171875,
            "virtual_free": 0.9307632446289062
        },
        "samples": [
            {
                "cpu_util": 0.0,
                "disk_read": 0.3462648391723633,
                "disk_write": 3.2432308197021484,
                "disk_used": 3.843982696533203,
                "disk_free": 24.158092498779297,
                "virtual_used": 0.9350929260253906,
                "virtual_free": 0.9307746887207031,
                "sample": 1
            }
        ],
        "response_time": 0.013278722763061523
    },
    "insertOneUnstruct": {
        "baseline": {
            "cpu_util": 0.0,
            "disk_read": 0.3462648391723633,
            "disk_write": 3.2433032989501953,
            "disk_used": 3.843982696533203,
            "disk_free": 24.158092498779297,
            "virtual_used": 0.9350852966308594,
            "virtual_free": 0.9307823181152344
        },
        "samples": [
            {
                "cpu_util": 0.0,
                "disk_read": 0.3462648391723633,
                "disk_write": 3.243307113647461,
                "disk_used": 3.843982696533203,
                "disk_free": 24.158092498779297,
                "virtual_used": 0.9350852966308594,
                "virtual_free": 0.9307823181152344,
                "sample": 1
            }
        ],
        "response_time": 0.0008878707885742188
    }
}