{
    "delete": {
        "baseline": {
            "cpu_util": 0.0,
            "disk_read": 0.3462648391723633,
            "disk_write": 3.243501663208008,
            "disk_used": 3.8439979553222656,
            "disk_free": 24.158077239990234,
            "virtual_used": 0.9350662231445312,
            "virtual_free": 0.9308013916015625
        },
        "samples": [
            {
                "cpu_util": 0.0,
                "disk_read": 0.3462648391723633,
                "disk_write": 3.2435054779052734,
                "disk_used": 3.8440017700195312,
                "disk_free": 24.15807342529297,
                "virtual_used": 0.9350662231445312,
                "virtual_free": 0.9308013916015625,
                "sample": 1
            }
        ],
        "response_time": 0.0009200572967529297
    },
    "create": {
        "baseline": {
            "cpu_util": 0.0,
            "disk_read": 0.3462648391723633,
            "disk_write": 3.2435054779052734,
            "disk_used": 3.8440017700195312,
            "disk_free": 24.15807342529297,
            "virtual_used": 0.9350662231445312,
            "virtual_free": 0.9308013916015625
        },
        "samples": [
            {
                "cpu_util": 5.0,
                "disk_read": 0.3462648391723633,
                "disk_write": 3.243684768676758,
                "disk_used": 3.8440093994140625,
                "disk_free": 24.158065795898438,
                "virtual_used": 0.9350547790527344,
                "virtual_free": 0.9308128356933594,
                "sample": 1
            }
        ],
        "response_time": 0.012948274612426758
    },
    "insertOneUnstruct": {
        "baseline": {
            "cpu_util": 0.0,
            "disk_read": 0.3462648391723633,
            "disk_write": 3.243684768676758,
            "disk_used": 3.8440093994140625,
            "disk_free": 24.158065795898438,
            "virtual_used": 0.9350547790527344,
            "virtual_free": 0.9308128356933594
        },
        "samples": [
            {
                "cpu_util": 4.8,
                "disk_read": 0.3462648391723633,
                "disk_write": 3.2436885833740234,
                "disk_used": 3.8440093994140625,
                "disk_free": 24.158065795898438,
                "virtual_used": 0.9350433349609375,
                "virtual_free": 0.9308242797851562,
                "sample": 1
            }
        ],
        "response_time": 0.0008101463317871094
    }
}