{
    "delete": {
        "baseline": {
            "cpu_util": 0.0,
            "disk_read": 0.6195502281188965,
            "disk_write": 4.25834846496582,
            "disk_used": 3.8537139892578125,
            "disk_free": 24.148361206054688,
            "virtual_used": 1.237640380859375,
            "virtual_free": 2.509319305419922
        },
        "samples": [
            {
                "cpu_util": 0.0,
                "disk_read": 0.6195502281188965,
                "disk_write": 4.258352279663086,
                "disk_used": 3.8537139892578125,
                "disk_free": 24.148361206054688,
                "virtual_used": 1.237640380859375,
                "virtual_free": 2.509319305419922,
                "sample": 1
            }
        ],
        "response_time": 0.0012061595916748047
    },
    "create": {
        "baseline": {
            "cpu_util": 0.0,
            "disk_read": 0.6195502281188965,
            "disk_write": 4.258352279663086,
            "disk_used": 3.8537139892578125,
            "disk_free": 24.148361206054688,
            "virtual_used": 1.237640380859375,
            "virtual_free": 2.509319305419922
        },
        "samples": [
            {
                "cpu_util": 14.3,
                "disk_read": 0.6195502281188965,
                "disk_write": 4.258573532104492,
                "disk_used": 3.8537254333496094,
                "disk_free": 24.14834976196289,
                "virtual_used": 1.237640380859375,
                "virtual_free": 2.509319305419922,
                "sample": 1
            }
        ],
        "response_time": 0.03741908073425293
    },
    "aggregateStruct": {
        "baseline": {
            "cpu_util": 0.0,
            "disk_read": 0.6195502281188965,
            "disk_write": 4.258573532104492,
            "disk_used": 3.8537254333496094,
            "disk_free": 24.14834976196289,
            "virtual_used": 1.2363052368164062,
            "virtual_free": 2.5106544494628906
        },
        "samples": [
            {
                "cpu_util": 4.8,
                "disk_read": 0.6195502281188965,
                "disk_write": 4.258573532104492,
                "disk_used": 3.8537254333496094,
                "disk_free": 24.14834976196289,
                "virtual_used": 1.2363052368164062,
                "virtual_free": 2.5106544494628906,
                "sample": 1
            }
        ],
        "response_time": 0.001607656478881836
    }
}