{
    "delete": {
        "baseline": {
            "cpu_util": 52.6,
            "disk_read": 1.4436326026916504,
            "disk_write": 28.87021827697754,
            "disk_used": 4.925914764404297,
            "disk_free": 23.076160430908203,
            "virtual_used": 3.023387908935547,
            "virtual_free": 0.7235641479492188
        },
        "samples": [
            {
                "cpu_util": 50.0,
                "disk_read": 1.4436326026916504,
                "disk_write": 28.870222091674805,
                "disk_used": 4.9259185791015625,
                "disk_free": 23.076156616210938,
                "virtual_used": 3.023387908935547,
                "virtual_free": 0.7235641479492188,
                "sample": 1
            }
        ],
        "response_time": 0.0009138584136962891
    },
    "create": {
        "baseline": {
            "cpu_util": 52.6,
            "disk_read": 1.4436326026916504,
            "disk_write": 28.870267868041992,
            "disk_used": 4.9259185791015625,
            "disk_free": 23.076156616210938,
            "virtual_used": 3.023387908935547,
            "virtual_free": 0.7235641479492188
        },
        "samples": [
            {
                "cpu_util": 57.1,
                "disk_read": 1.4436326026916504,
                "disk_write": 28.870405197143555,
                "disk_used": 4.925926208496094,
                "disk_free": 23.076148986816406,
                "virtual_used": 3.0233840942382812,
                "virtual_free": 0.7235679626464844,
                "sample": 1
            }
        ],
        "response_time": 0.021047115325927734
    },
    "aggregateStruct": {
        "baseline": {
            "cpu_util": 57.1,
            "disk_read": 1.4436326026916504,
            "disk_write": 28.87044334411621,
            "disk_used": 4.925926208496094,
            "disk_free": 23.076148986816406,
            "virtual_used": 3.023365020751953,
            "virtual_free": 0.7235870361328125
        },
        "samples": [
            {
                "cpu_util": 60.0,
                "disk_read": 1.4436326026916504,
                "disk_write": 28.870527267456055,
                "disk_used": 4.925926208496094,
                "disk_free": 23.076148986816406,
                "virtual_used": 3.0217819213867188,
                "virtual_free": 0.7251701354980469,
                "sample": 1
            }
        ],
        "response_time": 0.0013172626495361328
    }
}