{
    "delete": {
        "baseline": {
            "cpu_util": 0.0,
            "disk_read": 53.649967670440674,
            "disk_write": 7.213388442993164,
            "disk_used": 5.885578155517578,
            "disk_free": 22.116497039794922,
            "virtual_used": 1.0459480285644531,
            "virtual_free": 0.819915771484375
        },
        "samples": [
            {
                "cpu_util": 0.0,
                "disk_read": 53.649967670440674,
                "disk_write": 7.21339225769043,
                "disk_used": 5.885578155517578,
                "disk_free": 22.116497039794922,
                "virtual_used": 1.0459480285644531,
                "virtual_free": 0.819915771484375,
                "sample": 1
            }
        ],
        "response_time": 0.0008661746978759766
    },
    "create": {
        "baseline": {
            "cpu_util": 0.0,
            "disk_read": 53.649967670440674,
            "disk_write": 7.21339225769043,
            "disk_used": 5.885578155517578,
            "disk_free": 22.116497039794922,
            "virtual_used": 1.0459480285644531,
            "virtual_free": 0.819915771484375
        },
        "samples": [
            {
                "cpu_util": 0.0,
                "disk_read": 53.649967670440674,
                "disk_write": 7.213537216186523,
                "disk_used": 5.885585784912109,
                "disk_free": 22.11648941040039,
                "virtual_used": 1.0459480285644531,
                "virtual_free": 0.819915771484375,
                "sample": 1
            }
        ],
        "response_time": 0.019864559173583984
    },
    "updateOneStruct": {
        "baseline": {
            "cpu_util": 0.0,
            "disk_read": 53.649967670440674,
            "disk_write": 7.213769912719727,
            "disk_used": 5.885585784912109,
            "disk_free": 22.11648941040039,
            "virtual_used": 1.0459480285644531,
            "virtual_free": 0.819915771484375
        },
        "samples": [
            {
                "cpu_util": 4.8,
                "disk_read": 53.649967670440674,
                "disk_write": 7.213808059692383,
                "disk_used": 5.885585784912109,
                "disk_free": 22.11648941040039,
                "virtual_used": 1.0459480285644531,
                "virtual_free": 0.819915771484375,
                "sample": 1
            }
        ],
        "response_time": 0.0020132064819335938
    }
}