{
    "delete": {
        "baseline": {
            "cpu_util": 0.0,
            "disk_read": 0.5024333000183105,
            "disk_write": 5.383260726928711,
            "disk_used": 3.8803977966308594,
            "disk_free": 24.12167739868164,
            "virtual_used": 0.9939041137695312,
            "virtual_free": 0.8719635009765625
        },
        "samples": [
            {
                "cpu_util": 0.0,
                "disk_read": 0.5024333000183105,
                "disk_write": 5.383317947387695,
                "disk_used": 3.880401611328125,
                "disk_free": 24.121673583984375,
                "virtual_used": 0.9939041137695312,
                "virtual_free": 0.8719635009765625,
                "sample": 1
            }
        ],
        "response_time": 0.0008943080902099609
    },
    "create": {
        "baseline": {
            "cpu_util": 0.0,
            "disk_read": 0.5024333000183105,
            "disk_write": 5.383317947387695,
            "disk_used": 3.880401611328125,
            "disk_free": 24.121673583984375,
            "virtual_used": 0.9939041137695312,
            "virtual_free": 0.8719635009765625
        },
        "samples": [
            {
                "cpu_util": 10.0,
                "disk_read": 0.5024333000183105,
                "disk_write": 5.383466720581055,
                "disk_used": 3.8804092407226562,
                "disk_free": 24.121665954589844,
                "virtual_used": 0.9938888549804688,
                "virtual_free": 0.871978759765625,
                "sample": 1
            }
        ],
        "response_time": 0.02165818214416504
    },
    "readManyStruct": {
        "baseline": {
            "cpu_util": 0.0,
            "disk_read": 0.5024333000183105,
            "disk_write": 5.383466720581055,
            "disk_used": 3.8804092407226562,
            "disk_free": 24.121665954589844,
            "virtual_used": 0.9938888549804688,
            "virtual_free": 0.871978759765625
        },
        "samples": [
            {
                "cpu_util": 0.0,
                "disk_read": 0.5024333000183105,
                "disk_write": 5.383466720581055,
                "disk_used": 3.8804092407226562,
                "disk_free": 24.121665954589844,
                "virtual_used": 0.9938888549804688,
                "virtual_free": 0.871978759765625,
                "sample": 1
            }
        ],
        "response_time": 0.0003745555877685547
    }
}