{
    "delete": {
        "baseline": {
            "cpu_util": 0.0,
            "disk_read": 0.5617842674255371,
            "disk_write": 1.6165447235107422,
            "disk_used": 5.671390533447266,
            "disk_free": 22.330684661865234,
            "virtual_used": 0.8471145629882812,
            "virtual_free": 1.0187492370605469
        },
        "samples": [
            {
                "cpu_util": 4.8,
                "disk_read": 0.5617842674255371,
                "disk_write": 1.6165485382080078,
                "disk_used": 5.671394348144531,
                "disk_free": 22.33068084716797,
                "virtual_used": 0.8471107482910156,
                "virtual_free": 1.0187530517578125,
                "sample": 1
            }
        ],
        "response_time": 0.0008993148803710938
    },
    "create": {
        "baseline": {
            "cpu_util": 0.0,
            "disk_read": 0.5617842674255371,
            "disk_write": 1.6205387115478516,
            "disk_used": 5.671394348144531,
            "disk_free": 22.33068084716797,
            "virtual_used": 0.84710693359375,
            "virtual_free": 1.0187568664550781
        },
        "samples": [
            {
                "cpu_util": 28.6,
                "disk_read": 0.5617842674255371,
                "disk_write": 1.6207027435302734,
                "disk_used": 5.6714019775390625,
                "disk_free": 22.330673217773438,
                "virtual_used": 0.8500595092773438,
                "virtual_free": 1.0158042907714844,
                "sample": 1
            }
        ],
        "response_time": 0.08176755905151367
    },
    "replaceOneUnstruct": {
        "baseline": {
            "cpu_util": 9.1,
            "disk_read": 0.5617842674255371,
            "disk_write": 1.621664047241211,
            "disk_used": 5.6714019775390625,
            "disk_free": 22.330673217773438,
            "virtual_used": 0.8507461547851562,
            "virtual_free": 1.0151176452636719
        },
        "samples": [
            {
                "cpu_util": 5.0,
                "disk_read": 0.5617842674255371,
                "disk_write": 1.6216678619384766,
                "disk_used": 5.6714019775390625,
                "disk_free": 22.330673217773438,
                "virtual_used": 0.8486442565917969,
                "virtual_free": 1.0172195434570312,
                "sample": 1
            }
        ],
        "response_time": 0.008522272109985352
    }
}