{
    "delete": {
        "baseline": {
            "cpu_util": 0.0,
            "disk_read": 12.483009338378906,
            "disk_write": 5.693471908569336,
            "disk_used": 4.0619049072265625,
            "disk_free": 23.940170288085938,
            "virtual_used": 1.0239143371582031,
            "virtual_free": 0.8419532775878906
        },
        "samples": [
            {
                "cpu_util": 13.6,
                "disk_read": 12.483009338378906,
                "disk_write": 5.698064804077148,
                "disk_used": 4.0619049072265625,
                "disk_free": 23.940170288085938,
                "virtual_used": 1.0239143371582031,
                "virtual_free": 0.8419532775878906,
                "sample": 1
            }
        ],
        "response_time": 0.0009806156158447266
    },
    "create": {
        "baseline": {
            "cpu_util": 0.0,
            "disk_read": 12.483009338378906,
            "disk_write": 5.708654403686523,
            "disk_used": 4.0619049072265625,
            "disk_free": 23.940170288085938,
            "virtual_used": 1.0239143371582031,
            "virtual_free": 0.8419532775878906
        },
        "samples": [
            {
                "cpu_util": 5.3,
                "disk_read": 12.483009338378906,
                "disk_write": 5.708898544311523,
                "disk_used": 4.061912536621094,
                "disk_free": 23.940162658691406,
                "virtual_used": 1.0239143371582031,
                "virtual_free": 0.8419532775878906,
                "sample": 1
            }
        ],
        "response_time": 0.021399259567260742
    },
    "updateManyStruct": {
        "baseline": {
            "cpu_util": 0.0,
            "disk_read": 12.483009338378906,
            "disk_write": 5.708898544311523,
            "disk_used": 4.061912536621094,
            "disk_free": 23.940162658691406,
            "virtual_used": 1.0239143371582031,
            "virtual_free": 0.8419532775878906
        },
        "samples": [
            {
                "cpu_util": 19.0,
                "disk_read": 12.483009338378906,
                "disk_write": 5.709096908569336,
                "disk_used": 4.061912536621094,
                "disk_free": 23.940162658691406,
                "virtual_used": 1.0236740112304688,
                "virtual_free": 0.842193603515625,
                "sample": 1
            }
        ],
        "response_time": 0.036405324935913086
    }
}