{
    "delete": {
        "baseline": {
            "cpu_util": 4.8,
            "disk_read": 0.6195502281188965,
            "disk_write": 4.143960952758789,
            "disk_used": 3.998607635498047,
            "disk_free": 24.003467559814453,
            "virtual_used": 1.2805862426757812,
            "virtual_free": 2.4663734436035156
        },
        "samples": [
            {
                "cpu_util": 0.0,
                "disk_read": 0.6195502281188965,
                "disk_write": 4.143964767456055,
                "disk_used": 3.9986114501953125,
                "disk_free": 24.003463745117188,
                "virtual_used": 1.2805862426757812,
                "virtual_free": 2.4663734436035156,
                "sample": 1
            }
        ],
        "response_time": 0.0009133815765380859
    },
    "create": {
        "baseline": {
            "cpu_util": 0.0,
            "disk_read": 0.6195502281188965,
            "disk_write": 4.143964767456055,
            "disk_used": 3.9986114501953125,
            "disk_free": 24.003463745117188,
            "virtual_used": 1.2805824279785156,
            "virtual_free": 2.4663772583007812
        },
        "samples": [
            {
                "cpu_util": 9.5,
                "disk_read": 0.6195502281188965,
                "disk_write": 4.144182205200195,
                "disk_used": 3.9986190795898438,
                "disk_free": 24.003456115722656,
                "virtual_used": 1.2808074951171875,
                "virtual_free": 2.4661521911621094,
                "sample": 1
            }
        ],
        "response_time": 0.023910045623779297
    },
    "readManyStruct": {
        "baseline": {
            "cpu_util": 0.0,
            "disk_read": 0.6195502281188965,
            "disk_write": 4.144182205200195,
            "disk_used": 3.9986190795898438,
            "disk_free": 24.003456115722656,
            "virtual_used": 1.2808074951171875,
            "virtual_free": 2.4661521911621094
        },
        "samples": [
            {
                "cpu_util": 0.0,
                "disk_read": 0.6195502281188965,
                "disk_write": 4.144182205200195,
                "disk_used": 3.9986190795898438,
                "disk_free": 24.003456115722656,
                "virtual_used": 1.2808074951171875,
                "virtual_free": 2.4661521911621094,
                "sample": 1
            }
        ],
        "response_time": 0.0001690387725830078
    }
}