{
    "delete": {
        "baseline": {
            "cpu_util": 0.0,
            "disk_read": 0.8625273704528809,
            "disk_write": 15.882379531860352,
            "disk_used": 4.848659515380859,
            "disk_free": 23.15341567993164,
            "virtual_used": 1.6846160888671875,
            "virtual_free": 2.062335968017578
        },
        "samples": [
            {
                "cpu_util": 5.0,
                "disk_read": 0.8625273704528809,
                "disk_write": 15.882383346557617,
                "disk_used": 4.848659515380859,
                "disk_free": 23.15341567993164,
                "virtual_used": 1.6850967407226562,
                "virtual_free": 2.0618553161621094,
                "sample": 1
            }
        ],
        "response_time": 0.0008223056793212891
    },
    "create": {
        "baseline": {
            "cpu_util": 0.0,
            "disk_read": 0.8625273704528809,
            "disk_write": 15.882383346557617,
            "disk_used": 4.848659515380859,
            "disk_free": 23.15341567993164,
            "virtual_used": 1.6850967407226562,
            "virtual_free": 2.0618553161621094
        },
        "samples": [
            {
                "cpu_util": 40.4,
                "disk_read": 0.8625273704528809,
                "disk_write": 15.882543563842773,
                "disk_used": 4.848667144775391,
                "disk_free": 23.15340805053711,
                "virtual_used": 1.6829872131347656,
                "virtual_free": 2.06396484375,
                "sample": 1
            }
        ],
        "response_time": 0.2348191738128662
    },
    "insertOneUnstruct": {
        "baseline": {
            "cpu_util": 0.0,
            "disk_read": 0.8625273704528809,
            "disk_write": 15.883546829223633,
            "disk_used": 4.848667144775391,
            "disk_free": 23.15340805053711,
            "virtual_used": 1.6830940246582031,
            "virtual_free": 2.0638580322265625
        },
        "samples": [
            {
                "cpu_util": 0.0,
                "disk_read": 0.8625273704528809,
                "disk_write": 15.883550643920898,
                "disk_used": 4.848667144775391,
                "disk_free": 23.15340805053711,
                "virtual_used": 1.6816825866699219,
                "virtual_free": 2.0652694702148438,
                "sample": 1
            }
        ],
        "response_time": 0.0007228851318359375
    }
}