{
    "delete": {
        "baseline": {
            "cpu_util": 0.0,
            "disk_read": 0.32468128204345703,
            "disk_write": 0.6785068511962891,
            "disk_used": 3.7218894958496094,
            "disk_free": 24.28018569946289,
            "virtual_used": 0.6967239379882812,
            "virtual_free": 3.0502357482910156
        },
        "samples": [
            {
                "cpu_util": 0.0,
                "disk_read": 0.32468128204345703,
                "disk_write": 0.6785106658935547,
                "disk_used": 3.7218894958496094,
                "disk_free": 24.28018569946289,
                "virtual_used": 0.6967239379882812,
                "virtual_free": 3.0502357482910156,
                "sample": 1
            }
        ],
        "response_time": 0.0010364055633544922
    },
    "create": {
        "baseline": {
            "cpu_util": 0.0,
            "disk_read": 0.32468128204345703,
            "disk_write": 0.6785106658935547,
            "disk_used": 3.7218894958496094,
            "disk_free": 24.28018569946289,
            "virtual_used": 0.6967239379882812,
            "virtual_free": 3.0502357482910156
        },
        "samples": [
            {
                "cpu_util": 26.1,
                "disk_read": 0.32468128204345703,
                "disk_write": 0.6786518096923828,
                "disk_used": 3.7219009399414062,
                "disk_free": 24.280174255371094,
                "virtual_used": 0.6996536254882812,
                "virtual_free": 3.0473060607910156,
                "sample": 1
            }
        ],
        "response_time": 0.08612871170043945
    },
    "insertOneUnstruct": {
        "baseline": {
            "cpu_util": 0.0,
            "disk_read": 0.32468128204345703,
            "disk_write": 0.6796131134033203,
            "disk_used": 3.7219009399414062,
            "disk_free": 24.280174255371094,
            "virtual_used": 0.70147705078125,
            "virtual_free": 3.045482635498047
        },
        "samples": [
            {
                "cpu_util": 0.0,
                "disk_read": 0.32468128204345703,
                "disk_write": 0.6796169281005859,
                "disk_used": 3.7219009399414062,
                "disk_free": 24.280174255371094,
                "virtual_used": 0.7014694213867188,
                "virtual_free": 3.045490264892578,
                "sample": 1
            }
        ],
        "response_time": 0.0009481906890869141
    }
}