{
    "delete": {
        "baseline": {
            "cpu_util": 0.0,
            "disk_read": 16.939260959625244,
            "disk_write": 5.272340774536133,
            "disk_used": 3.8972549438476562,
            "disk_free": 24.104820251464844,
            "virtual_used": 1.0412368774414062,
            "virtual_free": 0.8246307373046875
        },
        "samples": [
            {
                "cpu_util": 4.8,
                "disk_read": 16.939260959625244,
                "disk_write": 5.272344589233398,
                "disk_used": 3.8972549438476562,
                "disk_free": 24.104820251464844,
                "virtual_used": 1.0412330627441406,
                "virtual_free": 0.8246345520019531,
                "sample": 1
            }
        ],
        "response_time": 0.0010120868682861328
    },
    "create": {
        "baseline": {
            "cpu_util": 0.0,
            "disk_read": 16.939260959625244,
            "disk_write": 5.272344589233398,
            "disk_used": 3.8972549438476562,
            "disk_free": 24.104820251464844,
            "virtual_used": 1.0412330627441406,
            "virtual_free": 0.8246345520019531
        },
        "samples": [
            {
                "cpu_util": 4.8,
                "disk_read": 16.939260959625244,
                "disk_write": 5.272523880004883,
                "disk_used": 3.8972625732421875,
                "disk_free": 24.104812622070312,
                "virtual_used": 1.0412178039550781,
                "virtual_free": 0.8246498107910156,
                "sample": 1
            }
        ],
        "response_time": 0.022639751434326172
    },
    "insertOneThenUpdateBirthdayStruct": {
        "baseline": {
            "cpu_util": 5.0,
            "disk_read": 16.939260959625244,
            "disk_write": 5.272523880004883,
            "disk_used": 3.8972625732421875,
            "disk_free": 24.104812622070312,
            "virtual_used": 1.0412139892578125,
            "virtual_free": 0.8246536254882812
        },
        "samples": [
            {
                "cpu_util": 0.0,
                "disk_read": 16.939260959625244,
                "disk_write": 5.272527694702148,
                "disk_used": 3.8972625732421875,
                "disk_free": 24.104812622070312,
                "virtual_used": 1.0412139892578125,
                "virtual_free": 0.8246536254882812,
                "sample": 1
            }
        ],
        "response_time": 0.0017647743225097656
    }
}