{
    "delete": {
        "baseline": {
            "cpu_util": 0.0,
            "disk_read": 0.3462648391723633,
            "disk_write": 3.2964534759521484,
            "disk_used": 3.993152618408203,
            "disk_free": 24.008922576904297,
            "virtual_used": 0.919097900390625,
            "virtual_free": 0.9467697143554688
        },
        "samples": [
            {
                "cpu_util": 0.0,
                "disk_read": 0.3462648391723633,
                "disk_write": 3.2964916229248047,
                "disk_used": 3.993152618408203,
                "disk_free": 24.008922576904297,
                "virtual_used": 0.9190902709960938,
                "virtual_free": 0.94677734375,
                "sample": 1
            }
        ],
        "response_time": 0.0008637905120849609
    },
    "create": {
        "baseline": {
            "cpu_util": 0.0,
            "disk_read": 0.3462648391723633,
            "disk_write": 3.2964916229248047,
            "disk_used": 3.993152618408203,
            "disk_free": 24.008922576904297,
            "virtual_used": 0.9190902709960938,
            "virtual_free": 0.94677734375
        },
        "samples": [
            {
                "cpu_util": 4.8,
                "disk_read": 0.3462648391723633,
                "disk_write": 3.296628952026367,
                "disk_used": 3.9931602478027344,
                "disk_free": 24.008914947509766,
                "virtual_used": 0.9190864562988281,
                "virtual_free": 0.9467811584472656,
                "sample": 1
            }
        ],
        "response_time": 0.011055946350097656
    },
    "replaceOneUnstruct": {
        "baseline": {
            "cpu_util": 4.8,
            "disk_read": 0.3462648391723633,
            "disk_write": 3.296628952026367,
            "disk_used": 3.9931602478027344,
            "disk_free": 24.008914947509766,
            "virtual_used": 0.9190864562988281,
            "virtual_free": 0.9467811584472656
        },
        "samples": [
            {
                "cpu_util": 0.0,
                "disk_read": 0.3462648391723633,
                "disk_write": 3.296632766723633,
                "disk_used": 3.9931602478027344,
                "disk_free": 24.008914947509766,
                "virtual_used": 0.9190864562988281,
                "virtual_free": 0.9467811584472656,
                "sample": 1
            }
        ],
        "response_time": 0.001811981201171875
    }
}