{
    "delete": {
        "baseline": {
            "cpu_util": 0.0,
            "disk_read": 0.43979501724243164,
            "disk_write": 3.079866409301758,
            "disk_used": 3.8910598754882812,
            "disk_free": 24.11101531982422,
            "virtual_used": 1.1022377014160156,
            "virtual_free": 0.7636299133300781
        },
        "samples": [
            {
                "cpu_util": 0.0,
                "disk_read": 0.43979501724243164,
                "disk_write": 3.0800418853759766,
                "disk_used": 3.8910598754882812,
                "disk_free": 24.11101531982422,
                "virtual_used": 1.1022377014160156,
                "virtual_free": 0.7636299133300781,
                "sample": 1
            }
        ],
        "response_time": 0.000911712646484375
    },
    "create": {
        "baseline": {
            "cpu_util": 9.5,
            "disk_read": 0.43979501724243164,
            "disk_write": 3.0800838470458984,
            "disk_used": 3.891063690185547,
            "disk_free": 24.111011505126953,
            "virtual_used": 1.1021766662597656,
            "virtual_free": 0.7636909484863281
        },
        "samples": [
            {
                "cpu_util": 5.3,
                "disk_read": 0.43979501724243164,
                "disk_write": 3.0803890228271484,
                "disk_used": 3.891071319580078,
                "disk_free": 24.111003875732422,
                "virtual_used": 1.1020622253417969,
                "virtual_free": 0.7638053894042969,
                "sample": 1
            }
        ],
        "response_time": 0.025855541229248047
    },
    "insertManyUnstruct": {
        "baseline": {
            "cpu_util": 4.8,
            "disk_read": 0.43979501724243164,
            "disk_write": 3.0803890228271484,
            "disk_used": 3.891071319580078,
            "disk_free": 24.111003875732422,
            "virtual_used": 1.1020545959472656,
            "virtual_free": 0.7638130187988281
        },
        "samples": [
            {
                "cpu_util": 48.0,
                "disk_read": 0.43979501724243164,
                "disk_write": 3.0803890228271484,
                "disk_used": 3.891071319580078,
                "disk_free": 24.111003875732422,
                "virtual_used": 1.1020545959472656,
                "virtual_free": 0.7638130187988281,
                "sample": 1
            },
            {
                "cpu_util": 59.1,
                "disk_read": 0.43979501724243164,
                "disk_write": 3.0803890228271484,
                "disk_used": 3.891071319580078,
                "disk_free": 24.111003875732422,
                "virtual_used": 1.0948104858398438,
                "virtual_free": 0.77105712890625,
                "sample": 2
            },
            {
                "cpu_util": 55.0,
                "disk_read": 0.43979501724243164,
                "disk_write": 3.0827579498291016,
                "disk_used": 3.891071319580078,
                "disk_free": 24.111003875732422,
                "virtual_used": 1.1012611389160156,
                "virtual_free": 0.7646064758300781,
                "sample": 3
            },
            {
                "cpu_util": 95.2,
                "disk_read": 0.43979501724243164,
                "disk_write": 3.086690902709961,
                "disk_used": 3.8974456787109375,
                "disk_free": 24.104629516601562,
                "virtual_used": 1.0990638732910156,
                "virtual_free": 0.7668037414550781,
                "sample": 4
            },
            {
                "cpu_util": 15.0,
                "disk_read": 0.43979501724243164,
                "disk_write": 3.089963912963867,
                "disk_used": 3.9970703125,
                "disk_free": 24.0050048828125,
                "virtual_used": 1.1099624633789062,
                "virtual_free": 0.7559051513671875,
                "sample": 5
            }
        ],
        "response_time": 1.0090856552124023
    }
}