{
    "delete": {
        "baseline": {
            "cpu_util": 0.0,
            "disk_read": 0.3494758605957031,
            "disk_write": 4.012113571166992,
            "disk_used": 3.891429901123047,
            "disk_free": 24.110645294189453,
            "virtual_used": 1.1544036865234375,
            "virtual_free": 2.5925636291503906
        },
        "samples": [
            {
                "cpu_util": 0.0,
                "disk_read": 0.3494758605957031,
                "disk_write": 4.012117385864258,
                "disk_used": 3.891429901123047,
                "disk_free": 24.110645294189453,
                "virtual_used": 1.1544036865234375,
                "virtual_free": 2.5925636291503906,
                "sample": 1
            }
        ],
        "response_time": 0.0019681453704833984
    },
    "create": {
        "baseline": {
            "cpu_util": 0.0,
            "disk_read": 0.3494758605957031,
            "disk_write": 4.012117385864258,
            "disk_used": 3.891429901123047,
            "disk_free": 24.110645294189453,
            "virtual_used": 1.1544036865234375,
            "virtual_free": 2.5925636291503906
        },
        "samples": [
            {
                "cpu_util": 9.5,
                "disk_read": 0.3494758605957031,
                "disk_write": 4.01231575012207,
                "disk_used": 3.891437530517578,
                "disk_free": 24.110637664794922,
                "virtual_used": 1.1543922424316406,
                "virtual_free": 2.5925750732421875,
                "sample": 1
            }
        ],
        "response_time": 0.023272275924682617
    },
    "replaceOneStruct": {
        "baseline": {
            "cpu_util": 0.0,
            "disk_read": 0.3494758605957031,
            "disk_write": 4.01231575012207,
            "disk_used": 3.891437530517578,
            "disk_free": 24.110637664794922,
            "virtual_used": 1.1543731689453125,
            "virtual_free": 2.5925941467285156
        },
        "samples": [
            {
                "cpu_util": 0.0,
                "disk_read": 0.3494758605957031,
                "disk_write": 4.012319564819336,
                "disk_used": 3.8914413452148438,
                "disk_free": 24.110633850097656,
                "virtual_used": 1.1543731689453125,
                "virtual_free": 2.5925941467285156,
                "sample": 1
            }
        ],
        "response_time": 0.0024857521057128906
    }
}