{
    "delete": {
        "baseline": {
            "cpu_util": 0.0,
            "disk_read": 0.5854620933532715,
            "disk_write": 3.994844436645508,
            "disk_used": 5.750244140625,
            "disk_free": 22.2518310546875,
            "virtual_used": 0.9111061096191406,
            "virtual_free": 0.9547576904296875
        },
        "samples": [
            {
                "cpu_util": 0.0,
                "disk_read": 0.5854620933532715,
                "disk_write": 3.994844436645508,
                "disk_used": 5.750244140625,
                "disk_free": 22.2518310546875,
                "virtual_used": 0.9111061096191406,
                "virtual_free": 0.9547576904296875,
                "sample": 1
            }
        ],
        "response_time": 0.0005824565887451172
    },
    "create": {
        "baseline": {
            "cpu_util": 0.0,
            "disk_read": 0.5854620933532715,
            "disk_write": 3.994844436645508,
            "disk_used": 5.750244140625,
            "disk_free": 22.2518310546875,
            "virtual_used": 0.9110984802246094,
            "virtual_free": 0.9547653198242188
        },
        "samples": [
            {
                "cpu_util": 4.8,
                "disk_read": 0.5854620933532715,
                "disk_write": 3.995035171508789,
                "disk_used": 5.750251770019531,
                "disk_free": 22.25182342529297,
                "virtual_used": 0.9110755920410156,
                "virtual_free": 0.9547882080078125,
                "sample": 1
            }
        ],
        "response_time": 0.019056081771850586
    },
    "insertOneUnstruct": {
        "baseline": {
            "cpu_util": 0.0,
            "disk_read": 0.5854620933532715,
            "disk_write": 3.995058059692383,
            "disk_used": 5.750251770019531,
            "disk_free": 22.25182342529297,
            "virtual_used": 0.9110755920410156,
            "virtual_free": 0.9547882080078125
        },
        "samples": [
            {
                "cpu_util": 0.0,
                "disk_read": 0.5854620933532715,
                "disk_write": 3.9950618743896484,
                "disk_used": 5.750251770019531,
                "disk_free": 22.25182342529297,
                "virtual_used": 0.91107177734375,
                "virtual_free": 0.9547920227050781,
                "sample": 1
            }
        ],
        "response_time": 0.0007443428039550781
    }
}