{
    "delete": {
        "baseline": {
            "cpu_util": 0.0,
            "disk_read": 0.7572779655456543,
            "disk_write": 15.522401809692383,
            "disk_used": 3.8757171630859375,
            "disk_free": 24.126358032226562,
            "virtual_used": 1.6808929443359375,
            "virtual_free": 2.0660629272460938
        },
        "samples": [
            {
                "cpu_util": 0.0,
                "disk_read": 0.7572779655456543,
                "disk_write": 15.522405624389648,
                "disk_used": 3.8757171630859375,
                "disk_free": 24.126358032226562,
                "virtual_used": 1.6810989379882812,
                "virtual_free": 2.06585693359375,
                "sample": 1
            }
        ],
        "response_time": 0.0008702278137207031
    },
    "create": {
        "baseline": {
            "cpu_util": 4.8,
            "disk_read": 0.7572779655456543,
            "disk_write": 15.522405624389648,
            "disk_used": 3.8757171630859375,
            "disk_free": 24.126358032226562,
            "virtual_used": 1.6810989379882812,
            "virtual_free": 2.06585693359375
        },
        "samples": [
            {
                "cpu_util": 50.0,
                "disk_read": 0.7572779655456543,
                "disk_write": 15.522405624389648,
                "disk_used": 3.8757171630859375,
                "disk_free": 24.126358032226562,
                "virtual_used": 1.6810989379882812,
                "virtual_free": 2.06585693359375,
                "sample": 1
            },
            {
                "cpu_util": 52.4,
                "disk_read": 0.7572779655456543,
                "disk_write": 15.522550582885742,
                "disk_used": 3.8757247924804688,
                "disk_free": 24.12635040283203,
                "virtual_used": 1.681884765625,
                "virtual_free": 2.0650711059570312,
                "sample": 2
            },
            {
                "cpu_util": 50.0,
                "disk_read": 0.7572779655456543,
                "disk_write": 15.525846481323242,
                "disk_used": 3.8757247924804688,
                "disk_free": 24.12635040283203,
                "virtual_used": 1.6825904846191406,
                "virtual_free": 2.0643653869628906,
                "sample": 3
            }
        ],
        "response_time": 0.6460986137390137
    },
    "aggregateStruct": {
        "baseline": {
            "cpu_util": 0.0,
            "disk_read": 0.7572779655456543,
            "disk_write": 15.52720832824707,
            "disk_used": 3.8757286071777344,
            "disk_free": 24.126346588134766,
            "virtual_used": 1.6815948486328125,
            "virtual_free": 2.0653610229492188
        },
        "samples": [
            {
                "cpu_util": 27.3,
                "disk_read": 0.7572779655456543,
                "disk_write": 15.52720832824707,
                "disk_used": 3.8757286071777344,
                "disk_free": 24.126346588134766,
                "virtual_used": 1.6815948486328125,
                "virtual_free": 2.0653610229492188,
                "sample": 1
            }
        ],
        "response_time": 0.03666090965270996
    }
}