{
    "delete": {
        "baseline": {
            "cpu_util": 0.0,
            "disk_read": 0.7572779655456543,
            "disk_write": 15.495367050170898,
            "disk_used": 3.8605804443359375,
            "disk_free": 24.141494750976562,
            "virtual_used": 1.6771125793457031,
            "virtual_free": 2.069843292236328
        },
        "samples": [
            {
                "cpu_util": 0.0,
                "disk_read": 0.7572779655456543,
                "disk_write": 15.495370864868164,
                "disk_used": 3.8605804443359375,
                "disk_free": 24.141494750976562,
                "virtual_used": 1.6771125793457031,
                "virtual_free": 2.069843292236328,
                "sample": 1
            }
        ],
        "response_time": 0.0010864734649658203
    },
    "create": {
        "baseline": {
            "cpu_util": 0.0,
            "disk_read": 0.7572779655456543,
            "disk_write": 15.495370864868164,
            "disk_used": 3.8605804443359375,
            "disk_free": 24.141494750976562,
            "virtual_used": 1.6771125793457031,
            "virtual_free": 2.069843292236328
        },
        "samples": [
            {
                "cpu_util": 51.0,
                "disk_read": 0.7572779655456543,
                "disk_write": 15.495370864868164,
                "disk_used": 3.8605804443359375,
                "disk_free": 24.141494750976562,
                "virtual_used": 1.6771125793457031,
                "virtual_free": 2.069843292236328,
                "sample": 1
            },
            {
                "cpu_util": 47.8,
                "disk_read": 0.7572779655456543,
                "disk_write": 15.495454788208008,
                "disk_used": 3.860584259033203,
                "disk_free": 24.141490936279297,
                "virtual_used": 1.679290771484375,
                "virtual_free": 2.0676651000976562,
                "sample": 2
            },
            {
                "cpu_util": 50.0,
                "disk_read": 0.7572779655456543,
                "disk_write": 15.497674942016602,
                "disk_used": 3.8605880737304688,
                "disk_free": 24.14148712158203,
                "virtual_used": 1.6844978332519531,
                "virtual_free": 2.062458038330078,
                "sample": 3
            },
            {
                "cpu_util": 20.0,
                "disk_read": 0.7572779655456543,
                "disk_write": 15.500200271606445,
                "disk_used": 3.8605918884277344,
                "disk_free": 24.141483306884766,
                "virtual_used": 1.6870841979980469,
                "virtual_free": 2.0598716735839844,
                "sample": 4
            }
        ],
        "response_time": 0.8975679874420166
    },
    "aggregateStruct": {
        "baseline": {
            "cpu_util": 66.7,
            "disk_read": 0.7572779655456543,
            "disk_write": 15.507646560668945,
            "disk_used": 3.867828369140625,
            "disk_free": 24.134246826171875,
            "virtual_used": 1.6805648803710938,
            "virtual_free": 2.0663909912109375
        },
        "samples": [
            {
                "cpu_util": 23.8,
                "disk_read": 0.7572779655456543,
                "disk_write": 15.507753372192383,
                "disk_used": 3.867828369140625,
                "disk_free": 24.134246826171875,
                "virtual_used": 1.6805534362792969,
                "virtual_free": 2.0664024353027344,
                "sample": 1
            }
        ],
        "response_time": 0.03865480422973633
    }
}