{
    "delete": {
        "baseline": {
            "cpu_util": 0.0,
            "disk_read": 0.3281245231628418,
            "disk_write": 0.7615261077880859,
            "disk_used": 3.7955360412597656,
            "disk_free": 24.206539154052734,
            "virtual_used": 1.0111312866210938,
            "virtual_free": 2.7358245849609375
        },
        "samples": [
            {
                "cpu_util": 0.0,
                "disk_read": 0.3281245231628418,
                "disk_write": 0.7615299224853516,
                "disk_used": 3.7955360412597656,
                "disk_free": 24.206539154052734,
                "virtual_used": 1.0111312866210938,
                "virtual_free": 2.7358245849609375,
                "sample": 1
            }
        ],
        "response_time": 0.00086212158203125
    },
    "create": {
        "baseline": {
            "cpu_util": 0.0,
            "disk_read": 0.3281245231628418,
            "disk_write": 0.7615299224853516,
            "disk_used": 3.7955360412597656,
            "disk_free": 24.206539154052734,
            "virtual_used": 1.0111045837402344,
            "virtual_free": 2.735851287841797
        },
        "samples": [
            {
                "cpu_util": 40.9,
                "disk_read": 0.3281245231628418,
                "disk_write": 0.7626323699951172,
                "disk_used": 3.795543670654297,
                "disk_free": 24.206531524658203,
                "virtual_used": 1.0106849670410156,
                "virtual_free": 2.7362709045410156,
                "sample": 1
            }
        ],
        "response_time": 0.0802164077758789
    },
    "replaceOneUnstruct": {
        "baseline": {
            "cpu_util": 0.0,
            "disk_read": 0.3281245231628418,
            "disk_write": 0.7626323699951172,
            "disk_used": 3.795543670654297,
            "disk_free": 24.206531524658203,
            "virtual_used": 1.0106849670410156,
            "virtual_free": 2.7362709045410156
        },
        "samples": [
            {
                "cpu_util": 0.0,
                "disk_read": 0.3281245231628418,
                "disk_write": 0.7626361846923828,
                "disk_used": 3.795543670654297,
                "disk_free": 24.206531524658203,
                "virtual_used": 1.0109176635742188,
                "virtual_free": 2.7360382080078125,
                "sample": 1
            }
        ],
        "response_time": 0.0076751708984375
    }
}