{
    "delete": {
        "baseline": {
            "cpu_util": 0.0,
            "disk_read": 0.8596053123474121,
            "disk_write": 15.879552841186523,
            "disk_used": 4.848575592041016,
            "disk_free": 23.153499603271484,
            "virtual_used": 1.7048683166503906,
            "virtual_free": 2.042083740234375
        },
        "samples": [
            {
                "cpu_util": 0.0,
                "disk_read": 0.8596053123474121,
                "disk_write": 15.879556655883789,
                "disk_used": 4.848575592041016,
                "disk_free": 23.153499603271484,
                "virtual_used": 1.7048683166503906,
                "virtual_free": 2.042083740234375,
                "sample": 1
            }
        ],
        "response_time": 0.0008757114410400391
    },
    "create": {
        "baseline": {
            "cpu_util": 0.0,
            "disk_read": 0.8596053123474121,
            "disk_write": 15.879556655883789,
            "disk_used": 4.848575592041016,
            "disk_free": 23.153499603271484,
            "virtual_used": 1.7048683166503906,
            "virtual_free": 2.042083740234375
        },
        "samples": [
            {
                "cpu_util": 0.0,
                "disk_read": 0.8596053123474121,
                "disk_write": 15.879751205444336,
                "disk_used": 4.848583221435547,
                "disk_free": 23.153491973876953,
                "virtual_used": 1.7048454284667969,
                "virtual_free": 2.0421066284179688,
                "sample": 1
            }
        ],
        "response_time": 0.011762857437133789
    },
    "readThenDeleteManyLikesUnstruct": {
        "baseline": {
            "cpu_util": 0.0,
            "disk_read": 0.8596053123474121,
            "disk_write": 15.879751205444336,
            "disk_used": 4.848583221435547,
            "disk_free": 23.153491973876953,
            "virtual_used": 1.7048454284667969,
            "virtual_free": 2.0421066284179688
        },
        "samples": [
            {
                "cpu_util": 0.0,
                "disk_read": 0.8596053123474121,
                "disk_write": 15.879751205444336,
                "disk_used": 4.848583221435547,
                "disk_free": 23.153491973876953,
                "virtual_used": 1.7048454284667969,
                "virtual_free": 2.0421066284179688,
                "sample": 1
            }
        ],
        "response_time": 0.0009832382202148438
    }
}