{
    "delete": {
        "baseline": {
            "cpu_util": 0.0,
            "disk_read": 0.3494758605957031,
            "disk_write": 3.874208450317383,
            "disk_used": 3.9080238342285156,
            "disk_free": 24.094051361083984,
            "virtual_used": 1.1494255065917969,
            "virtual_free": 2.5975418090820312
        },
        "samples": [
            {
                "cpu_util": 0.0,
                "disk_read": 0.3494758605957031,
                "disk_write": 3.8742122650146484,
                "disk_used": 3.9080276489257812,
                "disk_free": 24.09404754638672,
                "virtual_used": 1.1494255065917969,
                "virtual_free": 2.5975418090820312,
                "sample": 1
            }
        ],
        "response_time": 0.0008831024169921875
    },
    "create": {
        "baseline": {
            "cpu_util": 0.0,
            "disk_read": 0.3494758605957031,
            "disk_write": 3.8742122650146484,
            "disk_used": 3.9080276489257812,
            "disk_free": 24.09404754638672,
            "virtual_used": 1.1494255065917969,
            "virtual_free": 2.5975418090820312
        },
        "samples": [
            {
                "cpu_util": 4.8,
                "disk_read": 0.3494758605957031,
                "disk_write": 3.874368667602539,
                "disk_used": 3.9080352783203125,
                "disk_free": 24.094039916992188,
                "virtual_used": 1.1493988037109375,
                "virtual_free": 2.5975685119628906,
                "sample": 1
            }
        ],
        "response_time": 0.028512954711914062
    },
    "updateManyStruct": {
        "baseline": {
            "cpu_util": 0.0,
            "disk_read": 0.3494758605957031,
            "disk_write": 3.889516830444336,
            "disk_used": 3.9080352783203125,
            "disk_free": 24.094039916992188,
            "virtual_used": 1.14935302734375,
            "virtual_free": 2.597614288330078
        },
        "samples": [
            {
                "cpu_util": 15.0,
                "disk_read": 0.3494758605957031,
                "disk_write": 3.889516830444336,
                "disk_used": 3.9080352783203125,
                "disk_free": 24.094039916992188,
                "virtual_used": 1.14935302734375,
                "virtual_free": 2.597614288330078,
                "sample": 1
            }
        ],
        "response_time": 0.01718878746032715
    }
}