{
    "delete": {
        "baseline": {
            "cpu_util": 0.0,
            "disk_read": 12.483039855957031,
            "disk_write": 5.945680618286133,
            "disk_used": 4.031810760498047,
            "disk_free": 23.970264434814453,
            "virtual_used": 1.0147590637207031,
            "virtual_free": 0.8511085510253906
        },
        "samples": [
            {
                "cpu_util": 45.0,
                "disk_read": 12.483039855957031,
                "disk_write": 5.945684432983398,
                "disk_used": 4.035945892333984,
                "disk_free": 23.966129302978516,
                "virtual_used": 1.0120048522949219,
                "virtual_free": 0.8538627624511719,
                "sample": 1
            }
        ],
        "response_time": 0.0015461444854736328
    },
    "create": {
        "baseline": {
            "cpu_util": 0.0,
            "disk_read": 12.483039855957031,
            "disk_write": 5.945684432983398,
            "disk_used": 4.035945892333984,
            "disk_free": 23.966129302978516,
            "virtual_used": 1.0120048522949219,
            "virtual_free": 0.8538627624511719
        },
        "samples": [
            {
                "cpu_util": 5.0,
                "disk_read": 12.483039855957031,
                "disk_write": 5.945863723754883,
                "disk_used": 4.035953521728516,
                "disk_free": 23.966121673583984,
                "virtual_used": 1.0119667053222656,
                "virtual_free": 0.8539009094238281,
                "sample": 1
            }
        ],
        "response_time": 0.017210721969604492
    },
    "readOneStruct": {
        "baseline": {
            "cpu_util": 0.0,
            "disk_read": 12.483039855957031,
            "disk_write": 5.945863723754883,
            "disk_used": 4.035953521728516,
            "disk_free": 23.966121673583984,
            "virtual_used": 1.0118942260742188,
            "virtual_free": 0.853973388671875
        },
        "samples": [
            {
                "cpu_util": 4.8,
                "disk_read": 12.483039855957031,
                "disk_write": 5.945863723754883,
                "disk_used": 4.035953521728516,
                "disk_free": 23.966121673583984,
                "virtual_used": 1.0088272094726562,
                "virtual_free": 0.8570404052734375,
                "sample": 1
            }
        ],
        "response_time": 0.0017125606536865234
    }
}