{
    "delete": {
        "baseline": {
            "cpu_util": 0.0,
            "disk_read": 0.5854620933532715,
            "disk_write": 4.150846481323242,
            "disk_used": 5.608329772949219,
            "disk_free": 22.39374542236328,
            "virtual_used": 0.9293403625488281,
            "virtual_free": 0.9365234375
        },
        "samples": [
            {
                "cpu_util": 0.0,
                "disk_read": 0.5854620933532715,
                "disk_write": 4.150850296020508,
                "disk_used": 5.608329772949219,
                "disk_free": 22.39374542236328,
                "virtual_used": 0.9293403625488281,
                "virtual_free": 0.9365234375,
                "sample": 1
            }
        ],
        "response_time": 0.0010349750518798828
    },
    "create": {
        "baseline": {
            "cpu_util": 0.0,
            "disk_read": 0.5854620933532715,
            "disk_write": 4.150850296020508,
            "disk_used": 5.608329772949219,
            "disk_free": 22.39374542236328,
            "virtual_used": 0.9293403625488281,
            "virtual_free": 0.9365234375
        },
        "samples": [
            {
                "cpu_util": 5.0,
                "disk_read": 0.5854620933532715,
                "disk_write": 4.151018142700195,
                "disk_used": 5.60833740234375,
                "disk_free": 22.39373779296875,
                "virtual_used": 0.9293251037597656,
                "virtual_free": 0.9365386962890625,
                "sample": 1
            }
        ],
        "response_time": 0.021082401275634766
    },
    "replaceOneUnstruct": {
        "baseline": {
            "cpu_util": 0.0,
            "disk_read": 0.5854620933532715,
            "disk_write": 4.151018142700195,
            "disk_used": 5.60833740234375,
            "disk_free": 22.39373779296875,
            "virtual_used": 0.9293136596679688,
            "virtual_free": 0.9365501403808594
        },
        "samples": [
            {
                "cpu_util": 0.0,
                "disk_read": 0.5854620933532715,
                "disk_write": 4.151021957397461,
                "disk_used": 5.60833740234375,
                "disk_free": 22.39373779296875,
                "virtual_used": 0.9293136596679688,
                "virtual_free": 0.9365501403808594,
                "sample": 1
            }
        ],
        "response_time": 0.0018372535705566406
    }
}