{
    "delete": {
        "baseline": {
            "cpu_util": 0.0,
            "disk_read": 0.5854620933532715,
            "disk_write": 4.150632858276367,
            "disk_used": 5.608314514160156,
            "disk_free": 22.393760681152344,
            "virtual_used": 0.9293670654296875,
            "virtual_free": 0.9364967346191406
        },
        "samples": [
            {
                "cpu_util": 0.0,
                "disk_read": 0.5854620933532715,
                "disk_write": 4.150636672973633,
                "disk_used": 5.608318328857422,
                "disk_free": 22.393756866455078,
                "virtual_used": 0.9293594360351562,
                "virtual_free": 0.9365043640136719,
                "sample": 1
            }
        ],
        "response_time": 0.0011682510375976562
    },
    "create": {
        "baseline": {
            "cpu_util": 0.0,
            "disk_read": 0.5854620933532715,
            "disk_write": 4.150636672973633,
            "disk_used": 5.608318328857422,
            "disk_free": 22.393756866455078,
            "virtual_used": 0.9293594360351562,
            "virtual_free": 0.9365043640136719
        },
        "samples": [
            {
                "cpu_util": 0.0,
                "disk_read": 0.5854620933532715,
                "disk_write": 4.150808334350586,
                "disk_used": 5.608325958251953,
                "disk_free": 22.393749237060547,
                "virtual_used": 0.9293441772460938,
                "virtual_free": 0.9365196228027344,
                "sample": 1
            }
        ],
        "response_time": 0.01908588409423828
    },
    "replaceOneUnstruct": {
        "baseline": {
            "cpu_util": 4.8,
            "disk_read": 0.5854620933532715,
            "disk_write": 4.150842666625977,
            "disk_used": 5.608325958251953,
            "disk_free": 22.393749237060547,
            "virtual_used": 0.9293403625488281,
            "virtual_free": 0.9365234375
        },
        "samples": [
            {
                "cpu_util": 0.0,
                "disk_read": 0.5854620933532715,
                "disk_write": 4.150846481323242,
                "disk_used": 5.608325958251953,
                "disk_free": 22.393749237060547,
                "virtual_used": 0.9293403625488281,
                "virtual_free": 0.9365234375,
                "sample": 1
            }
        ],
        "response_time": 0.0019001960754394531
    }
}