{
    "delete": {
        "baseline": {
            "cpu_util": 0.0,
            "disk_read": 0.34246397018432617,
            "disk_write": 3.167997360229492,
            "disk_used": 3.892963409423828,
            "disk_free": 24.109111785888672,
            "virtual_used": 1.0932350158691406,
            "virtual_free": 2.6537208557128906
        },
        "samples": [
            {
                "cpu_util": 0.0,
                "disk_read": 0.34246397018432617,
                "disk_write": 3.168001174926758,
                "disk_used": 3.8929672241210938,
                "disk_free": 24.109107971191406,
                "virtual_used": 1.0932350158691406,
                "virtual_free": 2.6537208557128906,
                "sample": 1
            }
        ],
        "response_time": 0.0009675025939941406
    },
    "create": {
        "baseline": {
            "cpu_util": 4.8,
            "disk_read": 0.34246397018432617,
            "disk_write": 3.168027877807617,
            "disk_used": 3.8929672241210938,
            "disk_free": 24.109107971191406,
            "virtual_used": 1.0932350158691406,
            "virtual_free": 2.6537208557128906
        },
        "samples": [
            {
                "cpu_util": 4.8,
                "disk_read": 0.34246397018432617,
                "disk_write": 3.1681995391845703,
                "disk_used": 3.892974853515625,
                "disk_free": 24.109100341796875,
                "virtual_used": 1.0932235717773438,
                "virtual_free": 2.6537322998046875,
                "sample": 1
            }
        ],
        "response_time": 0.011726140975952148
    },
    "readManyUnstruct": {
        "baseline": {
            "cpu_util": 0.0,
            "disk_read": 0.34246397018432617,
            "disk_write": 3.1681995391845703,
            "disk_used": 3.892974853515625,
            "disk_free": 24.109100341796875,
            "virtual_used": 1.0932159423828125,
            "virtual_free": 2.6537399291992188
        },
        "samples": [
            {
                "cpu_util": 0.0,
                "disk_read": 0.34246397018432617,
                "disk_write": 3.1681995391845703,
                "disk_used": 3.892974853515625,
                "disk_free": 24.109100341796875,
                "virtual_used": 1.0932159423828125,
                "virtual_free": 2.6537399291992188,
                "sample": 1
            }
        ],
        "response_time": 6.628036499023438e-05
    }
}