{
    "delete": {
        "baseline": {
            "cpu_util": 0.0,
            "disk_read": 0.43982934951782227,
            "disk_write": 3.4741268157958984,
            "disk_used": 3.844196319580078,
            "disk_free": 24.157878875732422,
            "virtual_used": 1.0564918518066406,
            "virtual_free": 0.8093757629394531
        },
        "samples": [
            {
                "cpu_util": 0.0,
                "disk_read": 0.43982934951782227,
                "disk_write": 3.474130630493164,
                "disk_used": 3.8442001342773438,
                "disk_free": 24.157875061035156,
                "virtual_used": 1.0564918518066406,
                "virtual_free": 0.8093757629394531,
                "sample": 1
            }
        ],
        "response_time": 0.0008597373962402344
    },
    "create": {
        "baseline": {
            "cpu_util": 0.0,
            "disk_read": 0.43982934951782227,
            "disk_write": 3.474130630493164,
            "disk_used": 3.8442001342773438,
            "disk_free": 24.157875061035156,
            "virtual_used": 1.0564422607421875,
            "virtual_free": 0.8094253540039062
        },
        "samples": [
            {
                "cpu_util": 0.0,
                "disk_read": 0.43982934951782227,
                "disk_write": 3.4743175506591797,
                "disk_used": 3.844207763671875,
                "disk_free": 24.157867431640625,
                "virtual_used": 1.0564155578613281,
                "virtual_free": 0.8094520568847656,
                "sample": 1
            }
        ],
        "response_time": 0.012612342834472656
    },
    "updateManyUnstruct": {
        "baseline": {
            "cpu_util": 0.0,
            "disk_read": 0.43982934951782227,
            "disk_write": 3.4743175506591797,
            "disk_used": 3.844207763671875,
            "disk_free": 24.157867431640625,
            "virtual_used": 1.0564155578613281,
            "virtual_free": 0.8094520568847656
        },
        "samples": [
            {
                "cpu_util": 4.8,
                "disk_read": 0.43982934951782227,
                "disk_write": 3.4743404388427734,
                "disk_used": 3.844207763671875,
                "disk_free": 24.157867431640625,
                "virtual_used": 1.0564079284667969,
                "virtual_free": 0.8094596862792969,
                "sample": 1
            }
        ],
        "response_time": 0.002112865447998047
    }
}