{
    "delete": {
        "baseline": {
            "cpu_util": 0.0,
            "disk_read": 0.3482065200805664,
            "disk_write": 3.940366744995117,
            "disk_used": 3.767108917236328,
            "disk_free": 24.234966278076172,
            "virtual_used": 1.1171302795410156,
            "virtual_free": 2.6298294067382812
        },
        "samples": [
            {
                "cpu_util": 0.0,
                "disk_read": 0.3482065200805664,
                "disk_write": 3.940370559692383,
                "disk_used": 3.767108917236328,
                "disk_free": 24.234966278076172,
                "virtual_used": 1.1171035766601562,
                "virtual_free": 2.6298561096191406,
                "sample": 1
            }
        ],
        "response_time": 0.0011188983917236328
    },
    "create": {
        "baseline": {
            "cpu_util": 0.0,
            "disk_read": 0.3482065200805664,
            "disk_write": 3.940370559692383,
            "disk_used": 3.767108917236328,
            "disk_free": 24.234966278076172,
            "virtual_used": 1.1180648803710938,
            "virtual_free": 2.628894805908203
        },
        "samples": [
            {
                "cpu_util": 5.3,
                "disk_read": 0.3482065200805664,
                "disk_write": 3.940584182739258,
                "disk_used": 3.7671165466308594,
                "disk_free": 24.23495864868164,
                "virtual_used": 1.1182327270507812,
                "virtual_free": 2.6287269592285156,
                "sample": 1
            }
        ],
        "response_time": 0.02643585205078125
    },
    "insertManyThenDeleteManyStruct": {
        "baseline": {
            "cpu_util": 4.8,
            "disk_read": 0.3482065200805664,
            "disk_write": 3.940584182739258,
            "disk_used": 3.7671165466308594,
            "disk_free": 24.23495864868164,
            "virtual_used": 1.1182327270507812,
            "virtual_free": 2.6287269592285156
        },
        "samples": [
            {
                "cpu_util": 47.8,
                "disk_read": 0.3482065200805664,
                "disk_write": 3.9405879974365234,
                "disk_used": 3.7671165466308594,
                "disk_free": 24.23495864868164,
                "virtual_used": 1.1182212829589844,
                "virtual_free": 2.6287384033203125,
                "sample": 1
            },
            {
                "cpu_util": 55.0,
                "disk_read": 0.3482065200805664,
                "disk_write": 3.941221237182617,
                "disk_used": 3.7671165466308594,
                "disk_free": 24.23495864868164,
                "virtual_used": 1.1133956909179688,
                "virtual_free": 2.633563995361328,
                "sample": 2
            },
            {
                "cpu_util": 50.0,
                "disk_read": 0.3482065200805664,
                "disk_write": 3.9444713592529297,
                "disk_used": 3.767559051513672,
                "disk_free": 24.234516143798828,
                "virtual_used": 1.1170501708984375,
                "virtual_free": 2.6299095153808594,
                "sample": 3
            },
            {
                "cpu_util": 50.0,
                "disk_read": 0.3482065200805664,
                "disk_write": 3.9453678131103516,
                "disk_used": 3.768016815185547,
                "disk_free": 24.234058380126953,
                "virtual_used": 1.11456298828125,
                "virtual_free": 2.632396697998047,
                "sample": 4
            },
            {
                "cpu_util": 77.8,
                "disk_read": 0.3482065200805664,
                "disk_write": 3.9462642669677734,
                "disk_used": 3.7692642211914062,
                "disk_free": 24.232810974121094,
                "virtual_used": 1.1140022277832031,
                "virtual_free": 2.6329574584960938,
                "sample": 5
            }
        ],
        "response_time": 1.3088762760162354
    }
}