{
    "delete": {
        "baseline": {
            "cpu_util": 0.0,
            "disk_read": 0.34622669219970703,
            "disk_write": 2.835103988647461,
            "disk_used": 3.904247283935547,
            "disk_free": 24.097827911376953,
            "virtual_used": 0.9262161254882812,
            "virtual_free": 0.9396514892578125
        },
        "samples": [
            {
                "cpu_util": 5.0,
                "disk_read": 0.34622669219970703,
                "disk_write": 2.8351078033447266,
                "disk_used": 3.904247283935547,
                "disk_free": 24.097827911376953,
                "virtual_used": 0.9262161254882812,
                "virtual_free": 0.9396514892578125,
                "sample": 1
            }
        ],
        "response_time": 0.0008502006530761719
    },
    "create": {
        "baseline": {
            "cpu_util": 0.0,
            "disk_read": 0.34622669219970703,
            "disk_write": 2.8351078033447266,
            "disk_used": 3.904247283935547,
            "disk_free": 24.097827911376953,
            "virtual_used": 0.9262161254882812,
            "virtual_free": 0.9396514892578125
        },
        "samples": [
            {
                "cpu_util": 5.0,
                "disk_read": 0.34622669219970703,
                "disk_write": 2.835367202758789,
                "disk_used": 3.904254913330078,
                "disk_free": 24.097820281982422,
                "virtual_used": 0.9262161254882812,
                "virtual_free": 0.9396514892578125,
                "sample": 1
            }
        ],
        "response_time": 0.019568443298339844
    },
    "updateManyUnstruct": {
        "baseline": {
            "cpu_util": 0.0,
            "disk_read": 0.34622669219970703,
            "disk_write": 2.835367202758789,
            "disk_used": 3.904254913330078,
            "disk_free": 24.097820281982422,
            "virtual_used": 0.9261360168457031,
            "virtual_free": 0.9397315979003906
        },
        "samples": [
            {
                "cpu_util": 9.5,
                "disk_read": 0.34622669219970703,
                "disk_write": 2.8354930877685547,
                "disk_used": 3.904254913330078,
                "disk_free": 24.097820281982422,
                "virtual_used": 0.926055908203125,
                "virtual_free": 0.9398117065429688,
                "sample": 1
            }
        ],
        "response_time": 0.013163089752197266
    }
}