{
    "delete": {
        "baseline": {
            "cpu_util": 0.0,
            "disk_read": 0.7575488090515137,
            "disk_write": 15.805032730102539,
            "disk_used": 3.8837127685546875,
            "disk_free": 24.118362426757812,
            "virtual_used": 1.5786933898925781,
            "virtual_free": 2.168262481689453
        },
        "samples": [
            {
                "cpu_util": 0.0,
                "disk_read": 0.7575488090515137,
                "disk_write": 15.805036544799805,
                "disk_used": 3.8837127685546875,
                "disk_free": 24.118362426757812,
                "virtual_used": 1.5786895751953125,
                "virtual_free": 2.1682662963867188,
                "sample": 1
            }
        ],
        "response_time": 0.0009710788726806641
    },
    "create": {
        "baseline": {
            "cpu_util": 0.0,
            "disk_read": 0.7575488090515137,
            "disk_write": 15.805036544799805,
            "disk_used": 3.8837127685546875,
            "disk_free": 24.118362426757812,
            "virtual_used": 1.5786895751953125,
            "virtual_free": 2.1682662963867188
        },
        "samples": [
            {
                "cpu_util": 5.0,
                "disk_read": 0.7575488090515137,
                "disk_write": 15.805196762084961,
                "disk_used": 3.8837203979492188,
                "disk_free": 24.11835479736328,
                "virtual_used": 1.5786781311035156,
                "virtual_free": 2.1682777404785156,
                "sample": 1
            }
        ],
        "response_time": 0.01805877685546875
    },
    "insertManyThenDeleteManyStruct": {
        "baseline": {
            "cpu_util": 0.0,
            "disk_read": 0.7575488090515137,
            "disk_write": 15.805227279663086,
            "disk_used": 3.8837203979492188,
            "disk_free": 24.11835479736328,
            "virtual_used": 1.5786781311035156,
            "virtual_free": 2.1682777404785156
        },
        "samples": [
            {
                "cpu_util": 50.0,
                "disk_read": 0.7575488090515137,
                "disk_write": 15.805227279663086,
                "disk_used": 3.8837203979492188,
                "disk_free": 24.11835479736328,
                "virtual_used": 1.5786781311035156,
                "virtual_free": 2.1682777404785156,
                "sample": 1
            },
            {
                "cpu_util": 50.0,
                "disk_read": 0.7575488090515137,
                "disk_write": 15.810644149780273,
                "disk_used": 3.8837203979492188,
                "disk_free": 24.11835479736328,
                "virtual_used": 1.5749855041503906,
                "virtual_free": 2.1719703674316406,
                "sample": 2
            },
            {
                "cpu_util": 55.0,
                "disk_read": 0.7575488090515137,
                "disk_write": 15.813756942749023,
                "disk_used": 3.8841629028320312,
                "disk_free": 24.11791229248047,
                "virtual_used": 1.5732192993164062,
                "virtual_free": 2.173736572265625,
                "sample": 3
            },
            {
                "cpu_util": 60.0,
                "disk_read": 0.7575488090515137,
                "disk_write": 15.815450668334961,
                "disk_used": 3.8859825134277344,
                "disk_free": 24.116092681884766,
                "virtual_used": 1.5763206481933594,
                "virtual_free": 2.170635223388672,
                "sample": 4
            },
            {
                "cpu_util": 55.0,
                "disk_read": 0.7575488090515137,
                "disk_write": 15.816293716430664,
                "disk_used": 3.887989044189453,
                "disk_free": 24.114086151123047,
                "virtual_used": 1.5734519958496094,
                "virtual_free": 2.173503875732422,
                "sample": 5
            }
        ],
        "response_time": 1.2040667533874512
    }
}