{
    "delete": {
        "baseline": {
            "cpu_util": 0.0,
            "disk_read": 0.8918776512145996,
            "disk_write": 16.8468074798584,
            "disk_used": 5.408042907714844,
            "disk_free": 22.594032287597656,
            "virtual_used": 1.849365234375,
            "virtual_free": 1.8975868225097656
        },
        "samples": [
            {
                "cpu_util": 0.0,
                "disk_read": 0.8918776512145996,
                "disk_write": 16.846853256225586,
                "disk_used": 5.408042907714844,
                "disk_free": 22.594032287597656,
                "virtual_used": 1.8493614196777344,
                "virtual_free": 1.8975906372070312,
                "sample": 1
            }
        ],
        "response_time": 0.001027822494506836
    },
    "create": {
        "baseline": {
            "cpu_util": 0.0,
            "disk_read": 0.8918776512145996,
            "disk_write": 16.846853256225586,
            "disk_used": 5.408042907714844,
            "disk_free": 22.594032287597656,
            "virtual_used": 1.8493614196777344,
            "virtual_free": 1.8975906372070312
        },
        "samples": [
            {
                "cpu_util": 50.0,
                "disk_read": 0.8918776512145996,
                "disk_write": 16.846853256225586,
                "disk_used": 5.408042907714844,
                "disk_free": 22.594032287597656,
                "virtual_used": 1.8493614196777344,
                "virtual_free": 1.8975906372070312,
                "sample": 1
            },
            {
                "cpu_util": 52.4,
                "disk_read": 0.8918776512145996,
                "disk_write": 16.851144790649414,
                "disk_used": 5.408054351806641,
                "disk_free": 22.59402084350586,
                "virtual_used": 1.8532829284667969,
                "virtual_free": 1.8936691284179688,
                "sample": 2
            },
            {
                "cpu_util": 30.0,
                "disk_read": 0.8918776512145996,
                "disk_write": 16.85618782043457,
                "disk_used": 5.408058166503906,
                "disk_free": 22.594017028808594,
                "virtual_used": 1.850189208984375,
                "virtual_free": 1.8967628479003906,
                "sample": 3
            }
        ],
        "response_time": 0.6117334365844727
    },
    "updateManyUnstruct": {
        "baseline": {
            "cpu_util": 0.0,
            "disk_read": 0.8918776512145996,
            "disk_write": 16.856447219848633,
            "disk_used": 5.408058166503906,
            "disk_free": 22.594017028808594,
            "virtual_used": 1.8501663208007812,
            "virtual_free": 1.8967857360839844
        },
        "samples": [
            {
                "cpu_util": 71.4,
                "disk_read": 0.8918776512145996,
                "disk_write": 16.856447219848633,
                "disk_used": 5.410434722900391,
                "disk_free": 22.59164047241211,
                "virtual_used": 1.8646011352539062,
                "virtual_free": 1.8823509216308594,
                "sample": 1
            },
            {
                "cpu_util": 94.7,
                "disk_read": 0.8918776512145996,
                "disk_write": 16.857988357543945,
                "disk_used": 5.418415069580078,
                "disk_free": 22.583660125732422,
                "virtual_used": 1.8722991943359375,
                "virtual_free": 1.8746528625488281,
                "sample": 2
            },
            {
                "cpu_util": 47.4,
                "disk_read": 0.8918776512145996,
                "disk_write": 16.86039161682129,
                "disk_used": 5.418415069580078,
                "disk_free": 22.583660125732422,
                "virtual_used": 1.8807220458984375,
                "virtual_free": 1.8662300109863281,
                "sample": 3
            },
            {
                "cpu_util": 52.6,
                "disk_read": 0.8918776512145996,
                "disk_write": 16.863374710083008,
                "disk_used": 5.418415069580078,
                "disk_free": 22.583660125732422,
                "virtual_used": 1.8893623352050781,
                "virtual_free": 1.8575897216796875,
                "sample": 4
            },
            {
                "cpu_util": 50.0,
                "disk_read": 0.8918776512145996,
                "disk_write": 16.86638832092285,
                "disk_used": 5.418415069580078,
                "disk_free": 22.583660125732422,
                "virtual_used": 1.8864707946777344,
                "virtual_free": 1.8604812622070312,
                "sample": 5
            }
        ],
        "response_time": 0.9357955455780029
    }
}