{
    "delete": {
        "baseline": {
            "cpu_util": 70.0,
            "disk_read": 0.8918776512145996,
            "disk_write": 16.640893936157227,
            "disk_used": 5.2683868408203125,
            "disk_free": 22.733688354492188,
            "virtual_used": 1.8151283264160156,
            "virtual_free": 1.93182373046875
        },
        "samples": [
            {
                "cpu_util": 20.0,
                "disk_read": 0.8918776512145996,
                "disk_write": 16.640928268432617,
                "disk_used": 5.2693634033203125,
                "disk_free": 22.732711791992188,
                "virtual_used": 1.8141403198242188,
                "virtual_free": 1.9328117370605469,
                "sample": 1
            }
        ],
        "response_time": 0.0016698837280273438
    },
    "create": {
        "baseline": {
            "cpu_util": 0.0,
            "disk_read": 0.8918776512145996,
            "disk_write": 16.640928268432617,
            "disk_used": 5.2693634033203125,
            "disk_free": 22.732711791992188,
            "virtual_used": 1.8141212463378906,
            "virtual_free": 1.932830810546875
        },
        "samples": [
            {
                "cpu_util": 52.2,
                "disk_read": 0.8918776512145996,
                "disk_write": 16.640928268432617,
                "disk_used": 5.2693634033203125,
                "disk_free": 22.732711791992188,
                "virtual_used": 1.8141212463378906,
                "virtual_free": 1.932830810546875,
                "sample": 1
            },
            {
                "cpu_util": 50.0,
                "disk_read": 0.8918776512145996,
                "disk_write": 16.64339256286621,
                "disk_used": 5.269371032714844,
                "disk_free": 22.732704162597656,
                "virtual_used": 1.8148460388183594,
                "virtual_free": 1.9321060180664062,
                "sample": 2
            },
            {
                "cpu_util": 47.4,
                "disk_read": 0.8918776512145996,
                "disk_write": 16.64851188659668,
                "disk_used": 5.269218444824219,
                "disk_free": 22.73285675048828,
                "virtual_used": 1.8172531127929688,
                "virtual_free": 1.9296989440917969,
                "sample": 3
            }
        ],
        "response_time": 0.6463074684143066
    },
    "updateManyUnstruct": {
        "baseline": {
            "cpu_util": 15.0,
            "disk_read": 0.8918776512145996,
            "disk_write": 16.650571823120117,
            "disk_used": 5.278835296630859,
            "disk_free": 22.72323989868164,
            "virtual_used": 1.816864013671875,
            "virtual_free": 1.9300880432128906
        },
        "samples": [
            {
                "cpu_util": 50.0,
                "disk_read": 0.8918776512145996,
                "disk_write": 16.65071678161621,
                "disk_used": 5.278835296630859,
                "disk_free": 22.72323989868164,
                "virtual_used": 1.8154754638671875,
                "virtual_free": 1.9314765930175781,
                "sample": 1
            },
            {
                "cpu_util": 50.0,
                "disk_read": 0.8918776512145996,
                "disk_write": 16.65366554260254,
                "disk_used": 5.278835296630859,
                "disk_free": 22.72323989868164,
                "virtual_used": 1.8161544799804688,
                "virtual_free": 1.9307975769042969,
                "sample": 2
            },
            {
                "cpu_util": 52.6,
                "disk_read": 0.8918776512145996,
                "disk_write": 16.65667152404785,
                "disk_used": 5.278835296630859,
                "disk_free": 22.72323989868164,
                "virtual_used": 1.8170433044433594,
                "virtual_free": 1.9299087524414062,
                "sample": 3
            },
            {
                "cpu_util": 55.0,
                "disk_read": 0.8918776512145996,
                "disk_write": 16.659746170043945,
                "disk_used": 5.376491546630859,
                "disk_free": 22.62558364868164,
                "virtual_used": 1.8219985961914062,
                "virtual_free": 1.9249534606933594,
                "sample": 4
            }
        ],
        "response_time": 0.7966322898864746
    }
}