{
    "delete": {
        "baseline": {
            "cpu_util": 0.0,
            "disk_read": 0.7566418647766113,
            "disk_write": 9.532049179077148,
            "disk_used": 4.099922180175781,
            "disk_free": 23.90215301513672,
            "virtual_used": 2.3107032775878906,
            "virtual_free": 1.4362564086914062
        },
        "samples": [
            {
                "cpu_util": 0.0,
                "disk_read": 0.7566418647766113,
                "disk_write": 9.532052993774414,
                "disk_used": 4.099922180175781,
                "disk_free": 23.90215301513672,
                "virtual_used": 2.3107032775878906,
                "virtual_free": 1.4362564086914062,
                "sample": 1
            }
        ],
        "response_time": 0.0016889572143554688
    },
    "create": {
        "baseline": {
            "cpu_util": 0.0,
            "disk_read": 0.7566418647766113,
            "disk_write": 9.532052993774414,
            "disk_used": 4.099922180175781,
            "disk_free": 23.90215301513672,
            "virtual_used": 2.310699462890625,
            "virtual_free": 1.4362602233886719
        },
        "samples": [
            {
                "cpu_util": 50.0,
                "disk_read": 0.7566418647766113,
                "disk_write": 9.532052993774414,
                "disk_used": 4.099922180175781,
                "disk_free": 23.90215301513672,
                "virtual_used": 2.310699462890625,
                "virtual_free": 1.4362602233886719,
                "sample": 1
            },
            {
                "cpu_util": 56.0,
                "disk_read": 0.7566418647766113,
                "disk_write": 9.532052993774414,
                "disk_used": 4.099922180175781,
                "disk_free": 23.90215301513672,
                "virtual_used": 2.307781219482422,
                "virtual_free": 1.439178466796875,
                "sample": 2
            },
            {
                "cpu_util": 52.0,
                "disk_read": 0.7566418647766113,
                "disk_write": 9.532052993774414,
                "disk_used": 4.099922180175781,
                "disk_free": 23.90215301513672,
                "virtual_used": 2.307781219482422,
                "virtual_free": 1.439178466796875,
                "sample": 3
            },
            {
                "cpu_util": 53.8,
                "disk_read": 0.7566418647766113,
                "disk_write": 9.532052993774414,
                "disk_used": 4.099922180175781,
                "disk_free": 23.90215301513672,
                "virtual_used": 2.307781219482422,
                "virtual_free": 1.439178466796875,
                "sample": 4
            },
            {
                "cpu_util": 61.5,
                "disk_read": 0.7566418647766113,
                "disk_write": 9.532148361206055,
                "disk_used": 4.099925994873047,
                "disk_free": 23.902149200439453,
                "virtual_used": 2.302318572998047,
                "virtual_free": 1.44464111328125,
                "sample": 5
            },
            {
                "cpu_util": 52.0,
                "disk_read": 0.7566418647766113,
                "disk_write": 9.532148361206055,
                "disk_used": 4.099925994873047,
                "disk_free": 23.902149200439453,
                "virtual_used": 2.3097686767578125,
                "virtual_free": 1.4371910095214844,
                "sample": 6
            },
            {
                "cpu_util": 50.0,
                "disk_read": 0.7566418647766113,
                "disk_write": 9.532148361206055,
                "disk_used": 4.099925994873047,
                "disk_free": 23.902149200439453,
                "virtual_used": 2.317432403564453,
                "virtual_free": 1.4295272827148438,
                "sample": 7
            },
            {
                "cpu_util": 45.0,
                "disk_read": 0.7566418647766113,
                "disk_write": 9.532323837280273,
                "disk_used": 4.099933624267578,
                "disk_free": 23.902141571044922,
                "virtual_used": 2.3426132202148438,
                "virtual_free": 1.4043464660644531,
                "sample": 8
            },
            {
                "cpu_util": 47.6,
                "disk_read": 0.7566418647766113,
                "disk_write": 9.535070419311523,
                "disk_used": 4.099933624267578,
                "disk_free": 23.902141571044922,
                "virtual_used": 2.3399009704589844,
                "virtual_free": 1.4070587158203125,
                "sample": 9
            },
            {
                "cpu_util": 84.6,
                "disk_read": 0.7566418647766113,
                "disk_write": 9.537111282348633,
                "disk_used": 4.202419281005859,
                "disk_free": 23.79965591430664,
                "virtual_used": 2.3378982543945312,
                "virtual_free": 1.4090614318847656,
                "sample": 10
            },
            {
                "cpu_util": 50.0,
                "disk_read": 0.7566418647766113,
                "disk_write": 9.537721633911133,
                "disk_used": 4.202419281005859,
                "disk_free": 23.79965591430664,
                "virtual_used": 2.3369216918945312,
                "virtual_free": 1.4100379943847656,
                "sample": 11
            },
            {
                "cpu_util": 52.6,
                "disk_read": 0.7566418647766113,
                "disk_write": 9.540422439575195,
                "disk_used": 4.202419281005859,
                "disk_free": 23.79965591430664,
                "virtual_used": 2.3347320556640625,
                "virtual_free": 1.4122276306152344,
                "sample": 12
            },
            {
                "cpu_util": 51.9,
                "disk_read": 0.7566418647766113,
                "disk_write": 9.541849136352539,
                "disk_used": 4.202423095703125,
                "disk_free": 23.799652099609375,
                "virtual_used": 2.3587417602539062,
                "virtual_free": 1.3882179260253906,
                "sample": 13
            },
            {
                "cpu_util": 55.0,
                "disk_read": 0.7566418647766113,
                "disk_write": 9.543046951293945,
                "disk_used": 4.202423095703125,
                "disk_free": 23.799652099609375,
                "virtual_used": 2.3303985595703125,
                "virtual_free": 1.4165611267089844,
                "sample": 14
            },
            {
                "cpu_util": 100.0,
                "disk_read": 0.7566418647766113,
                "disk_write": 9.545156478881836,
                "disk_used": 4.209526062011719,
                "disk_free": 23.79254913330078,
                "virtual_used": 2.33331298828125,
                "virtual_free": 1.4136466979980469,
                "sample": 15
            },
            {
                "cpu_util": 52.0,
                "disk_read": 0.7566418647766113,
                "disk_write": 9.546586990356445,
                "disk_used": 4.210914611816406,
                "disk_free": 23.791160583496094,
                "virtual_used": 2.354572296142578,
                "virtual_free": 1.3923873901367188,
                "sample": 16
            },
            {
                "cpu_util": 50.0,
                "disk_read": 0.7566418647766113,
                "disk_write": 9.552759170532227,
                "disk_used": 4.210914611816406,
                "disk_free": 23.791160583496094,
                "virtual_used": 2.33538818359375,
                "virtual_free": 1.4115715026855469,
                "sample": 17
            },
            {
                "cpu_util": 52.2,
                "disk_read": 0.7566418647766113,
                "disk_write": 9.576910018920898,