{
    "delete": {
        "baseline": {
            "cpu_util": 0.0,
            "disk_read": 0.32811689376831055,
            "disk_write": 0.7389965057373047,
            "disk_used": 3.7823219299316406,
            "disk_free": 24.21975326538086,
            "virtual_used": 0.9708900451660156,
            "virtual_free": 2.7760658264160156
        },
        "samples": [
            {
                "cpu_util": 0.0,
                "disk_read": 0.32811689376831055,
                "disk_write": 0.7390003204345703,
                "disk_used": 3.7823219299316406,
                "disk_free": 24.21975326538086,
                "virtual_used": 0.97113037109375,
                "virtual_free": 2.7758255004882812,
                "sample": 1
            }
        ],
        "response_time": 0.0008261203765869141
    },
    "create": {
        "baseline": {
            "cpu_util": 0.0,
            "disk_read": 0.32811689376831055,
            "disk_write": 0.7390003204345703,
            "disk_used": 3.7823219299316406,
            "disk_free": 24.21975326538086,
            "virtual_used": 0.9710769653320312,
            "virtual_free": 2.77587890625
        },
        "samples": [
            {
                "cpu_util": 26.3,
                "disk_read": 0.32811689376831055,
                "disk_write": 0.7391452789306641,
                "disk_used": 3.782329559326172,
                "disk_free": 24.219745635986328,
                "virtual_used": 0.9713020324707031,
                "virtual_free": 2.775653839111328,
                "sample": 1
            }
        ],
        "response_time": 0.07497429847717285
    },
    "readManyUnstruct": {
        "baseline": {
            "cpu_util": 0.0,
            "disk_read": 0.32811689376831055,
            "disk_write": 0.7401065826416016,
            "disk_used": 3.782329559326172,
            "disk_free": 24.219745635986328,
            "virtual_used": 0.9712066650390625,
            "virtual_free": 2.7757492065429688
        },
        "samples": [
            {
                "cpu_util": 0.0,
                "disk_read": 0.32811689376831055,
                "disk_write": 0.7401065826416016,
                "disk_used": 3.782329559326172,
                "disk_free": 24.219745635986328,
                "virtual_used": 0.9712066650390625,
                "virtual_free": 2.7757492065429688,
                "sample": 1
            }
        ],
        "response_time": 8.726119995117188e-05
    }
}