{
    "delete": {
        "baseline": {
            "cpu_util": 0.0,
            "disk_read": 0.8596014976501465,
            "disk_write": 15.830442428588867,
            "disk_used": 5.03729248046875,
            "disk_free": 22.96478271484375,
            "virtual_used": 1.7295684814453125,
            "virtual_free": 2.017383575439453
        },
        "samples": [
            {
                "cpu_util": 4.8,
                "disk_read": 0.8596014976501465,
                "disk_write": 15.830446243286133,
                "disk_used": 5.03729248046875,
                "disk_free": 22.96478271484375,
                "virtual_used": 1.7295684814453125,
                "virtual_free": 2.017383575439453,
                "sample": 1
            }
        ],
        "response_time": 0.0009071826934814453
    },
    "create": {
        "baseline": {
            "cpu_util": 0.0,
            "disk_read": 0.8596014976501465,
            "disk_write": 15.830446243286133,
            "disk_used": 5.03729248046875,
            "disk_free": 22.96478271484375,
            "virtual_used": 1.7295684814453125,
            "virtual_free": 2.017383575439453
        },
        "samples": [
            {
                "cpu_util": 4.8,
                "disk_read": 0.8596014976501465,
                "disk_write": 15.83064079284668,
                "disk_used": 5.037300109863281,
                "disk_free": 22.96477508544922,
                "virtual_used": 1.7295379638671875,
                "virtual_free": 2.017414093017578,
                "sample": 1
            }
        ],
        "response_time": 0.010992765426635742
    },
    "insertOneThenUpdateTimestampUnstruct": {
        "baseline": {
            "cpu_util": 0.0,
            "disk_read": 0.8596014976501465,
            "disk_write": 15.83064079284668,
            "disk_used": 5.037300109863281,
            "disk_free": 22.96477508544922,
            "virtual_used": 1.7295379638671875,
            "virtual_free": 2.017414093017578
        },
        "samples": [
            {
                "cpu_util": 0.0,
                "disk_read": 0.8596014976501465,
                "disk_write": 15.830644607543945,
                "disk_used": 5.037300109863281,
                "disk_free": 22.96477508544922,
                "virtual_used": 1.7295379638671875,
                "virtual_free": 2.017414093017578,
                "sample": 1
            }
        ],
        "response_time": 0.0014965534210205078
    }
}