{
    "delete": {
        "baseline": {
            "cpu_util": 0.0,
            "disk_read": 0.34246397018432617,
            "disk_write": 2.8841495513916016,
            "disk_used": 3.926433563232422,
            "disk_free": 24.075641632080078,
            "virtual_used": 1.0945472717285156,
            "virtual_free": 2.6524085998535156
        },
        "samples": [
            {
                "cpu_util": 4.8,
                "disk_read": 0.34246397018432617,
                "disk_write": 2.884153366088867,
                "disk_used": 3.926433563232422,
                "disk_free": 24.075641632080078,
                "virtual_used": 1.0945472717285156,
                "virtual_free": 2.6524085998535156,
                "sample": 1
            }
        ],
        "response_time": 0.0008966922760009766
    },
    "create": {
        "baseline": {
            "cpu_util": 0.0,
            "disk_read": 0.34246397018432617,
            "disk_write": 2.884153366088867,
            "disk_used": 3.926433563232422,
            "disk_free": 24.075641632080078,
            "virtual_used": 1.0945281982421875,
            "virtual_free": 2.6524276733398438
        },
        "samples": [
            {
                "cpu_util": 10.0,
                "disk_read": 0.34246397018432617,
                "disk_write": 2.884428024291992,
                "disk_used": 3.926441192626953,
                "disk_free": 24.075634002685547,
                "virtual_used": 1.09442138671875,
                "virtual_free": 2.6525344848632812,
                "sample": 1
            }
        ],
        "response_time": 0.021881103515625
    },
    "aggregateUnstruct": {
        "baseline": {
            "cpu_util": 0.0,
            "disk_read": 0.34246397018432617,
            "disk_write": 2.884428024291992,
            "disk_used": 3.926441192626953,
            "disk_free": 24.075634002685547,
            "virtual_used": 1.09442138671875,
            "virtual_free": 2.6525344848632812
        },
        "samples": [
            {
                "cpu_util": 0.0,
                "disk_read": 0.34246397018432617,
                "disk_write": 2.884428024291992,
                "disk_used": 3.926441192626953,
                "disk_free": 24.075634002685547,
                "virtual_used": 1.09442138671875,
                "virtual_free": 2.6525344848632812,
                "sample": 1
            }
        ],
        "response_time": 0.0019288063049316406
    }
}