{
    "delete": {
        "baseline": {
            "cpu_util": 0.0,
            "disk_read": 0.34246397018432617,
            "disk_write": 2.884428024291992,
            "disk_used": 3.9264450073242188,
            "disk_free": 24.07563018798828,
            "virtual_used": 1.09442138671875,
            "virtual_free": 2.6525344848632812
        },
        "samples": [
            {
                "cpu_util": 0.0,
                "disk_read": 0.34246397018432617,
                "disk_write": 2.884431838989258,
                "disk_used": 3.9264488220214844,
                "disk_free": 24.075626373291016,
                "virtual_used": 1.09442138671875,
                "virtual_free": 2.6525344848632812,
                "sample": 1
            }
        ],
        "response_time": 0.0008578300476074219
    },
    "create": {
        "baseline": {
            "cpu_util": 0.0,
            "disk_read": 0.34246397018432617,
            "disk_write": 2.884431838989258,
            "disk_used": 3.9264488220214844,
            "disk_free": 24.075626373291016,
            "virtual_used": 1.09442138671875,
            "virtual_free": 2.6525344848632812
        },
        "samples": [
            {
                "cpu_util": 5.3,
                "disk_read": 0.34246397018432617,
                "disk_write": 2.8846912384033203,
                "disk_used": 3.9264564514160156,
                "disk_free": 24.075618743896484,
                "virtual_used": 1.0943260192871094,
                "virtual_free": 2.652629852294922,
                "sample": 1
            }
        ],
        "response_time": 0.022836923599243164
    },
    "aggregateUnstruct": {
        "baseline": {
            "cpu_util": 0.0,
            "disk_read": 0.34246397018432617,
            "disk_write": 2.8846912384033203,
            "disk_used": 3.9264564514160156,
            "disk_free": 24.075618743896484,
            "virtual_used": 1.0943260192871094,
            "virtual_free": 2.652629852294922
        },
        "samples": [
            {
                "cpu_util": 0.0,
                "disk_read": 0.34246397018432617,
                "disk_write": 2.8846912384033203,
                "disk_used": 3.9264564514160156,
                "disk_free": 24.075618743896484,
                "virtual_used": 1.0943260192871094,
                "virtual_free": 2.652629852294922,
                "sample": 1
            }
        ],
        "response_time": 0.0018105506896972656
    }
}