{
    "delete": {
        "baseline": {
            "cpu_util": 0.0,
            "disk_read": 0.34246397018432617,
            "disk_write": 2.8859424591064453,
            "disk_used": 3.9273681640625,
            "disk_free": 24.07470703125,
            "virtual_used": 1.0934181213378906,
            "virtual_free": 2.6535377502441406
        },
        "samples": [
            {
                "cpu_util": 0.0,
                "disk_read": 0.34246397018432617,
                "disk_write": 2.885946273803711,
                "disk_used": 3.9273681640625,
                "disk_free": 24.07470703125,
                "virtual_used": 1.0934104919433594,
                "virtual_free": 2.653545379638672,
                "sample": 1
            }
        ],
        "response_time": 0.0008544921875
    },
    "create": {
        "baseline": {
            "cpu_util": 0.0,
            "disk_read": 0.34246397018432617,
            "disk_write": 2.885946273803711,
            "disk_used": 3.9273681640625,
            "disk_free": 24.07470703125,
            "virtual_used": 1.0934104919433594,
            "virtual_free": 2.653545379638672
        },
        "samples": [
            {
                "cpu_util": 9.5,
                "disk_read": 0.34246397018432617,
                "disk_write": 2.8862133026123047,
                "disk_used": 3.927379608154297,
                "disk_free": 24.074695587158203,
                "virtual_used": 1.0932960510253906,
                "virtual_free": 2.6536598205566406,
                "sample": 1
            }
        ],
        "response_time": 0.017967939376831055
    },
    "aggregateUnstruct": {
        "baseline": {
            "cpu_util": 0.0,
            "disk_read": 0.34246397018432617,
            "disk_write": 2.8862133026123047,
            "disk_used": 3.927379608154297,
            "disk_free": 24.074695587158203,
            "virtual_used": 1.0932884216308594,
            "virtual_free": 2.653667449951172
        },
        "samples": [
            {
                "cpu_util": 0.0,
                "disk_read": 0.34246397018432617,
                "disk_write": 2.8862133026123047,
                "disk_used": 3.927379608154297,
                "disk_free": 24.074695587158203,
                "virtual_used": 1.0932884216308594,
                "virtual_free": 2.653667449951172,
                "sample": 1
            }
        ],
        "response_time": 0.0019257068634033203
    }
}