{
    "delete": {
        "baseline": {
            "cpu_util": 0.0,
            "disk_read": 16.939234256744385,
            "disk_write": 5.117422103881836,
            "disk_used": 3.8764305114746094,
            "disk_free": 24.12564468383789,
            "virtual_used": 1.0666618347167969,
            "virtual_free": 0.7992057800292969
        },
        "samples": [
            {
                "cpu_util": 19.0,
                "disk_read": 16.939234256744385,
                "disk_write": 5.117425918579102,
                "disk_used": 3.8764305114746094,
                "disk_free": 24.12564468383789,
                "virtual_used": 1.0666618347167969,
                "virtual_free": 0.7992057800292969,
                "sample": 1
            }
        ],
        "response_time": 0.0009415149688720703
    },
    "create": {
        "baseline": {
            "cpu_util": 0.0,
            "disk_read": 16.939234256744385,
            "disk_write": 5.117425918579102,
            "disk_used": 3.8764305114746094,
            "disk_free": 24.12564468383789,
            "virtual_used": 1.0666618347167969,
            "virtual_free": 0.7992057800292969
        },
        "samples": [
            {
                "cpu_util": 10.0,
                "disk_read": 16.939234256744385,
                "disk_write": 5.117605209350586,
                "disk_used": 3.8764381408691406,
                "disk_free": 24.12563705444336,
                "virtual_used": 1.0668754577636719,
                "virtual_free": 0.7989921569824219,
                "sample": 1
            }
        ],
        "response_time": 0.030501604080200195
    },
    "updateManyStruct": {
        "baseline": {
            "cpu_util": 0.0,
            "disk_read": 16.939234256744385,
            "disk_write": 5.117677688598633,
            "disk_used": 3.8764381408691406,
            "disk_free": 24.12563705444336,
            "virtual_used": 1.0668754577636719,
            "virtual_free": 0.7989921569824219
        },
        "samples": [
            {
                "cpu_util": 15.0,
                "disk_read": 16.939234256744385,
                "disk_write": 5.117795944213867,
                "disk_used": 3.8764381408691406,
                "disk_free": 24.12563705444336,
                "virtual_used": 1.0666351318359375,
                "virtual_free": 0.7992324829101562,
                "sample": 1
            }
        ],
        "response_time": 0.03410029411315918
    }
}