{
    "delete": {
        "baseline": {
            "cpu_util": 0.0,
            "disk_read": 16.939234256744385,
            "disk_write": 5.118921279907227,
            "disk_used": 3.8764686584472656,
            "disk_free": 24.125606536865234,
            "virtual_used": 1.0659255981445312,
            "virtual_free": 0.7999420166015625
        },
        "samples": [
            {
                "cpu_util": 4.8,
                "disk_read": 16.939234256744385,
                "disk_write": 5.118955612182617,
                "disk_used": 3.8764686584472656,
                "disk_free": 24.125606536865234,
                "virtual_used": 1.0658454895019531,
                "virtual_free": 0.8000221252441406,
                "sample": 1
            }
        ],
        "response_time": 0.0014472007751464844
    },
    "create": {
        "baseline": {
            "cpu_util": 0.0,
            "disk_read": 16.939234256744385,
            "disk_write": 5.118955612182617,
            "disk_used": 3.8764686584472656,
            "disk_free": 24.125606536865234,
            "virtual_used": 1.0658073425292969,
            "virtual_free": 0.8000602722167969
        },
        "samples": [
            {
                "cpu_util": 9.1,
                "disk_read": 16.939234256744385,
                "disk_write": 5.119073867797852,
                "disk_used": 3.876476287841797,
                "disk_free": 24.125598907470703,
                "virtual_used": 1.0657768249511719,
                "virtual_free": 0.8000907897949219,
                "sample": 1
            }
        ],
        "response_time": 0.029437541961669922
    },
    "updateManyStruct": {
        "baseline": {
            "cpu_util": 0.0,
            "disk_read": 16.939234256744385,
            "disk_write": 5.119138717651367,
            "disk_used": 3.876476287841797,
            "disk_free": 24.125598907470703,
            "virtual_used": 1.0657234191894531,
            "virtual_free": 0.8001441955566406
        },
        "samples": [
            {
                "cpu_util": 9.5,
                "disk_read": 16.939234256744385,
                "disk_write": 5.119375228881836,
                "disk_used": 3.876476287841797,
                "disk_free": 24.125598907470703,
                "virtual_used": 1.0655097961425781,
                "virtual_free": 0.8003578186035156,
                "sample": 1
            }
        ],
        "response_time": 0.015329599380493164
    }
}