{
    "delete": {
        "baseline": {
            "cpu_util": 61.9,
            "disk_read": 1.4436326026916504,
            "disk_write": 28.868501663208008,
            "disk_used": 4.944129943847656,
            "disk_free": 23.057945251464844,
            "virtual_used": 3.0266761779785156,
            "virtual_free": 0.72027587890625
        },
        "samples": [
            {
                "cpu_util": 75.0,
                "disk_read": 1.4436326026916504,
                "disk_write": 28.869112014770508,
                "disk_used": 4.9259033203125,
                "disk_free": 23.076171875,
                "virtual_used": 3.0233306884765625,
                "virtual_free": 0.7236213684082031,
                "sample": 1
            }
        ],
        "response_time": 0.0008060932159423828
    },
    "create": {
        "baseline": {
            "cpu_util": 50.0,
            "disk_read": 1.4436326026916504,
            "disk_write": 28.86918067932129,
            "disk_used": 4.925861358642578,
            "disk_free": 23.076213836669922,
            "virtual_used": 3.023509979248047,
            "virtual_free": 0.7234420776367188
        },
        "samples": [
            {
                "cpu_util": 55.0,
                "disk_read": 1.4436326026916504,
                "disk_write": 28.869348526000977,
                "disk_used": 4.925868988037109,
                "disk_free": 23.07620620727539,
                "virtual_used": 3.0234947204589844,
                "virtual_free": 0.7234573364257812,
                "sample": 1
            }
        ],
        "response_time": 0.020914077758789062
    },
    "readThenDeleteOldUsersStruct": {
        "baseline": {
            "cpu_util": 47.4,
            "disk_read": 1.4436326026916504,
            "disk_write": 28.869394302368164,
            "disk_used": 4.925868988037109,
            "disk_free": 23.07620620727539,
            "virtual_used": 3.0234947204589844,
            "virtual_free": 0.7234573364257812
        },
        "samples": [
            {
                "cpu_util": 50.0,
                "disk_read": 1.4436326026916504,
                "disk_write": 28.86939811706543,
                "disk_used": 4.925868988037109,
                "disk_free": 23.07620620727539,
                "virtual_used": 3.0234947204589844,
                "virtual_free": 0.7234573364257812,
                "sample": 1
            }
        ],
        "response_time": 0.0009930133819580078
    }
}