{
    "delete": {
        "baseline": {
            "cpu_util": 0.0,
            "disk_read": 0.43982553482055664,
            "disk_write": 3.4148120880126953,
            "disk_used": 4.044990539550781,
            "disk_free": 23.95708465576172,
            "virtual_used": 1.0620460510253906,
            "virtual_free": 0.8038215637207031
        },
        "samples": [
            {
                "cpu_util": 0.0,
                "disk_read": 0.43982553482055664,
                "disk_write": 3.414815902709961,
                "disk_used": 4.044994354248047,
                "disk_free": 23.957080841064453,
                "virtual_used": 1.0620460510253906,
                "virtual_free": 0.8038215637207031,
                "sample": 1
            }
        ],
        "response_time": 0.001043558120727539
    },
    "create": {
        "baseline": {
            "cpu_util": 4.8,
            "disk_read": 0.43982553482055664,
            "disk_write": 3.414815902709961,
            "disk_used": 4.044994354248047,
            "disk_free": 23.957080841064453,
            "virtual_used": 1.0620460510253906,
            "virtual_free": 0.8038215637207031
        },
        "samples": [
            {
                "cpu_util": 5.0,
                "disk_read": 0.43982553482055664,
                "disk_write": 3.415006637573242,
                "disk_used": 4.045001983642578,
                "disk_free": 23.957073211669922,
                "virtual_used": 1.0619964599609375,
                "virtual_free": 0.8038711547851562,
                "sample": 1
            }
        ],
        "response_time": 0.014565229415893555
    },
    "readManyUnstruct": {
        "baseline": {
            "cpu_util": 4.8,
            "disk_read": 0.43982553482055664,
            "disk_write": 3.415006637573242,
            "disk_used": 4.045005798339844,
            "disk_free": 23.957069396972656,
            "virtual_used": 1.0619964599609375,
            "virtual_free": 0.8038711547851562
        },
        "samples": [
            {
                "cpu_util": 0.0,
                "disk_read": 0.43982553482055664,
                "disk_write": 3.415006637573242,
                "disk_used": 4.045005798339844,
                "disk_free": 23.957069396972656,
                "virtual_used": 1.0619964599609375,
                "virtual_free": 0.8038711547851562,
                "sample": 1
            }
        ],
        "response_time": 0.0002548694610595703
    }
}