{
    "delete": {
        "baseline": {
            "cpu_util": 0.0,
            "disk_read": 0.34246397018432617,
            "disk_write": 3.0870113372802734,
            "disk_used": 3.92596435546875,
            "disk_free": 24.07611083984375,
            "virtual_used": 1.0950851440429688,
            "virtual_free": 2.6518707275390625
        },
        "samples": [
            {
                "cpu_util": 0.0,
                "disk_read": 0.34246397018432617,
                "disk_write": 3.087015151977539,
                "disk_used": 3.9259681701660156,
                "disk_free": 24.076107025146484,
                "virtual_used": 1.0950736999511719,
                "virtual_free": 2.6518821716308594,
                "sample": 1
            }
        ],
        "response_time": 0.0008904933929443359
    },
    "create": {
        "baseline": {
            "cpu_util": 0.0,
            "disk_read": 0.34246397018432617,
            "disk_write": 3.087015151977539,
            "disk_used": 3.9259681701660156,
            "disk_free": 24.076107025146484,
            "virtual_used": 1.0950736999511719,
            "virtual_free": 2.6518821716308594
        },
        "samples": [
            {
                "cpu_util": 5.0,
                "disk_read": 0.34246397018432617,
                "disk_write": 3.0871639251708984,
                "disk_used": 3.925975799560547,
                "disk_free": 24.076099395751953,
                "virtual_used": 1.0950508117675781,
                "virtual_free": 2.651905059814453,
                "sample": 1
            }
        ],
        "response_time": 0.019563674926757812
    },
    "insertOneUnstruct": {
        "baseline": {
            "cpu_util": 0.0,
            "disk_read": 0.34246397018432617,
            "disk_write": 3.0871639251708984,
            "disk_used": 3.925975799560547,
            "disk_free": 24.076099395751953,
            "virtual_used": 1.0950508117675781,
            "virtual_free": 2.651905059814453
        },
        "samples": [
            {
                "cpu_util": 5.0,
                "disk_read": 0.34246397018432617,
                "disk_write": 3.087167739868164,
                "disk_used": 3.925975799560547,
                "disk_free": 24.076099395751953,
                "virtual_used": 1.0950508117675781,
                "virtual_free": 2.651905059814453,
                "sample": 1
            }
        ],
        "response_time": 0.00072479248046875
    }
}