{
    "delete": {
        "baseline": {
            "cpu_util": 9.1,
            "disk_read": 53.64996385574341,
            "disk_write": 7.091474533081055,
            "disk_used": 5.8901214599609375,
            "disk_free": 22.111953735351562,
            "virtual_used": 1.0368499755859375,
            "virtual_free": 0.8290138244628906
        },
        "samples": [
            {
                "cpu_util": 0.0,
                "disk_read": 53.64996385574341,
                "disk_write": 7.09147834777832,
                "disk_used": 5.8901214599609375,
                "disk_free": 22.111953735351562,
                "virtual_used": 1.0368499755859375,
                "virtual_free": 0.8290138244628906,
                "sample": 1
            }
        ],
        "response_time": 0.0008404254913330078
    },
    "create": {
        "baseline": {
            "cpu_util": 0.0,
            "disk_read": 53.64996385574341,
            "disk_write": 7.09147834777832,
            "disk_used": 5.8901214599609375,
            "disk_free": 22.111953735351562,
            "virtual_used": 1.0368499755859375,
            "virtual_free": 0.8290138244628906
        },
        "samples": [
            {
                "cpu_util": 0.0,
                "disk_read": 53.64996385574341,
                "disk_write": 7.091646194458008,
                "disk_used": 5.890129089355469,
                "disk_free": 22.11194610595703,
                "virtual_used": 1.0368499755859375,
                "virtual_free": 0.8290138244628906,
                "sample": 1
            }
        ],
        "response_time": 0.02146434783935547
    },
    "updateOneStruct": {
        "baseline": {
            "cpu_util": 0.0,
            "disk_read": 53.64996385574341,
            "disk_write": 7.091646194458008,
            "disk_used": 5.890132904052734,
            "disk_free": 22.111942291259766,
            "virtual_used": 1.0368499755859375,
            "virtual_free": 0.8290138244628906
        },
        "samples": [
            {
                "cpu_util": 4.5,
                "disk_read": 53.64996385574341,
                "disk_write": 7.091650009155273,
                "disk_used": 5.890132904052734,
                "disk_free": 22.111942291259766,
                "virtual_used": 1.0368499755859375,
                "virtual_free": 0.8290138244628906,
                "sample": 1
            }
        ],
        "response_time": 0.002007007598876953
    }
}