{
    "delete": {
        "baseline": {
            "cpu_util": 38.9,
            "disk_read": 0.7332415580749512,
            "disk_write": 14.578252792358398,
            "disk_used": 3.858673095703125,
            "disk_free": 24.143402099609375,
            "virtual_used": 1.537322998046875,
            "virtual_free": 2.2096328735351562
        },
        "samples": [
            {
                "cpu_util": 4.8,
                "disk_read": 0.7332415580749512,
                "disk_write": 14.578256607055664,
                "disk_used": 3.8587799072265625,
                "disk_free": 24.143295288085938,
                "virtual_used": 1.5377960205078125,
                "virtual_free": 2.2091598510742188,
                "sample": 1
            }
        ],
        "response_time": 0.0009255409240722656
    },
    "create": {
        "baseline": {
            "cpu_util": 0.0,
            "disk_read": 0.7332415580749512,
            "disk_write": 14.578256607055664,
            "disk_used": 3.8587799072265625,
            "disk_free": 24.143295288085938,
            "virtual_used": 1.5377960205078125,
            "virtual_free": 2.2091598510742188
        },
        "samples": [
            {
                "cpu_util": 27.3,
                "disk_read": 0.7332415580749512,
                "disk_write": 14.578451156616211,
                "disk_used": 3.8587913513183594,
                "disk_free": 24.14328384399414,
                "virtual_used": 1.5341224670410156,
                "virtual_free": 2.2128334045410156,
                "sample": 1
            }
        ],
        "response_time": 0.07979106903076172
    },
    "insertManyStruct": {
        "baseline": {
            "cpu_util": 0.0,
            "disk_read": 0.7332415580749512,
            "disk_write": 14.578901290893555,
            "disk_used": 3.8587913513183594,
            "disk_free": 24.14328384399414,
            "virtual_used": 1.534088134765625,
            "virtual_free": 2.2128677368164062
        },
        "samples": [
            {
                "cpu_util": 50.0,
                "disk_read": 0.7332415580749512,
                "disk_write": 14.578901290893555,
                "disk_used": 3.8587913513183594,
                "disk_free": 24.14328384399414,
                "virtual_used": 1.534088134765625,
                "virtual_free": 2.2128677368164062,
                "sample": 1
            },
            {
                "cpu_util": 50.0,
                "disk_read": 0.7332415580749512,
                "disk_write": 14.578901290893555,
                "disk_used": 3.8587913513183594,
                "disk_free": 24.14328384399414,
                "virtual_used": 1.5505104064941406,
                "virtual_free": 2.1964454650878906,
                "sample": 2
            },
            {
                "cpu_util": 55.0,
                "disk_read": 0.7332415580749512,
                "disk_write": 14.581819534301758,
                "disk_used": 3.8587913513183594,
                "disk_free": 24.14328384399414,
                "virtual_used": 1.5348167419433594,
                "virtual_free": 2.212139129638672,
                "sample": 3
            }
        ],
        "response_time": 0.7578871250152588
    }
}