{
    "delete": {
        "baseline": {
            "cpu_util": 0.0,
            "disk_read": 0.8596014976501465,
            "disk_write": 15.667627334594727,
            "disk_used": 4.848293304443359,
            "disk_free": 23.15378189086914,
            "virtual_used": 1.7169723510742188,
            "virtual_free": 2.029979705810547
        },
        "samples": [
            {
                "cpu_util": 0.0,
                "disk_read": 0.8596014976501465,
                "disk_write": 15.667631149291992,
                "disk_used": 4.848293304443359,
                "disk_free": 23.15378189086914,
                "virtual_used": 1.7169723510742188,
                "virtual_free": 2.029979705810547,
                "sample": 1
            }
        ],
        "response_time": 0.0008203983306884766
    },
    "create": {
        "baseline": {
            "cpu_util": 5.0,
            "disk_read": 0.8596014976501465,
            "disk_write": 15.667669296264648,
            "disk_used": 4.848293304443359,
            "disk_free": 23.15378189086914,
            "virtual_used": 1.7169647216796875,
            "virtual_free": 2.029987335205078
        },
        "samples": [
            {
                "cpu_util": 5.0,
                "disk_read": 0.8596014976501465,
                "disk_write": 15.667882919311523,
                "disk_used": 4.848304748535156,
                "disk_free": 23.153770446777344,
                "virtual_used": 1.716949462890625,
                "virtual_free": 2.0300025939941406,
                "sample": 1
            }
        ],
        "response_time": 0.019540786743164062
    },
    "insertOneUnstruct": {
        "baseline": {
            "cpu_util": 0.0,
            "disk_read": 0.8596014976501465,
            "disk_write": 15.667882919311523,
            "disk_used": 4.848304748535156,
            "disk_free": 23.153770446777344,
            "virtual_used": 1.716949462890625,
            "virtual_free": 2.0300025939941406
        },
        "samples": [
            {
                "cpu_util": 0.0,
                "disk_read": 0.8596014976501465,
                "disk_write": 15.667886734008789,
                "disk_used": 4.848304748535156,
                "disk_free": 23.153770446777344,
                "virtual_used": 1.716949462890625,
                "virtual_free": 2.0300025939941406,
                "sample": 1
            }
        ],
        "response_time": 0.0007295608520507812
    }
}