{
    "delete": {
        "baseline": {
            "cpu_util": 50.0,
            "disk_read": 1.4460358619689941,
            "disk_write": 29.045854568481445,
            "disk_used": 4.932666778564453,
            "disk_free": 23.069408416748047,
            "virtual_used": 3.008129119873047,
            "virtual_free": 0.7388229370117188
        },
        "samples": [
            {
                "cpu_util": 55.0,
                "disk_read": 1.4460358619689941,
                "disk_write": 29.04585838317871,
                "disk_used": 4.932666778564453,
                "disk_free": 23.069408416748047,
                "virtual_used": 3.010051727294922,
                "virtual_free": 0.7369003295898438,
                "sample": 1
            }
        ],
        "response_time": 0.0010249614715576172
    },
    "create": {
        "baseline": {
            "cpu_util": 52.4,
            "disk_read": 1.4460358619689941,
            "disk_write": 29.045866012573242,
            "disk_used": 4.932666778564453,
            "disk_free": 23.069408416748047,
            "virtual_used": 3.010051727294922,
            "virtual_free": 0.7369003295898438
        },
        "samples": [
            {
                "cpu_util": 94.7,
                "disk_read": 1.4460358619689941,
                "disk_write": 29.04603385925293,
                "disk_used": 4.932674407958984,
                "disk_free": 23.069400787353516,
                "virtual_used": 3.0081710815429688,
                "virtual_free": 0.7387809753417969,
                "sample": 1
            }
        ],
        "response_time": 0.1209099292755127
    },
    "readThenDeleteOldUsersStruct": {
        "baseline": {
            "cpu_util": 50.0,
            "disk_read": 1.4460358619689941,
            "disk_write": 29.0465145111084,
            "disk_used": 4.932674407958984,
            "disk_free": 23.069400787353516,
            "virtual_used": 3.0080604553222656,
            "virtual_free": 0.7388916015625
        },
        "samples": [
            {
                "cpu_util": 100.0,
                "disk_read": 1.4460358619689941,
                "disk_write": 29.046537399291992,
                "disk_used": 4.932674407958984,
                "disk_free": 23.069400787353516,
                "virtual_used": 3.0080604553222656,
                "virtual_free": 0.7388916015625,
                "sample": 1
            },
            {
                "cpu_util": 100.0,
                "disk_read": 1.4460358619689941,
                "disk_write": 29.046579360961914,
                "disk_used": 4.932674407958984,
                "disk_free": 23.069400787353516,
                "virtual_used": 3.0080604553222656,
                "virtual_free": 0.7388916015625,
                "sample": 2
            },
            {
                "cpu_util": 100.0,
                "disk_read": 1.4460358619689941,
                "disk_write": 29.04661750793457,
                "disk_used": 4.932674407958984,
                "disk_free": 23.069400787353516,
                "virtual_used": 3.0080604553222656,
                "virtual_free": 0.7388916015625,
                "sample": 3
            },
            {
                "cpu_util": 100.0,
                "disk_read": 1.4460358619689941,
                "disk_write": 29.046640396118164,
                "disk_used": 4.932674407958984,
                "disk_free": 23.069400787353516,
                "virtual_used": 3.0080604553222656,
                "virtual_free": 0.7388916015625,
                "sample": 4
            },
            {
                "cpu_util": 100.0,
                "disk_read": 1.4460358619689941,
                "disk_write": 29.046682357788086,
                "disk_used": 4.932674407958984,
                "disk_free": 23.069400787353516,
                "virtual_used": 3.0080604553222656,
                "virtual_free": 0.7388916015625,
                "sample": 5
            },
            {
                "cpu_util": 100.0,
                "disk_read": 1.4460358619689941,
                "disk_write": 29.046701431274414,
                "disk_used": 4.932674407958984,
                "disk_free": 23.069400787353516,
                "virtual_used": 3.00799560546875,
                "virtual_free": 0.7389564514160156,
                "sample": 6
            },
            {
                "cpu_util": 100.0,
                "disk_read": 1.4460358619689941,
                "disk_write": 29.046724319458008,
                "disk_used": 4.932674407958984,
                "disk_free": 23.069400787353516,
                "virtual_used": 3.00799560546875,
                "virtual_free": 0.7389564514160156,
                "sample": 7
            },
            {
                "cpu_util": 100.0,
                "disk_read": 1.4460358619689941,
                "disk_write": 29.046762466430664,
                "disk_used": 4.932674407958984,
                "disk_free": 23.069400787353516,
                "virtual_used": 3.00799560546875,
                "virtual_free": 0.7389564514160156,
                "sample": 8
            },
            {
                "cpu_util": 100.0,
                "disk_read": 1.4460358619689941,
                "disk_write": 29.046785354614258,
                "disk_used": 4.932674407958984,
                "disk_free": 23.069400787353516,
                "virtual_used": 3.00799560546875,
                "virtual_free": 0.7389564514160156,
                "sample": 9
            },
            {
                "cpu_util": 95.0,
                "disk_read": 1.4460358619689941,
                "disk_write": 29.046812057495117,
                "disk_used": 4.93267822265625,
                "disk_free": 23.06939697265625,
                "virtual_used": 3.0079689025878906,
                "virtual_free": 0.738983154296875,
                "sample": 10
            }
        ],
        "response_time": 1.8999013900756836
    }
}