{
    "delete": {
        "baseline": {
            "cpu_util": 0.0,
            "disk_read": 0.5617842674255371,
            "disk_write": 1.8355884552001953,
            "disk_used": 5.639179229736328,
            "disk_free": 22.362895965576172,
            "virtual_used": 0.8871269226074219,
            "virtual_free": 0.9787368774414062
        },
        "samples": [
            {
                "cpu_util": 0.0,
                "disk_read": 0.5617842674255371,
                "disk_write": 1.835592269897461,
                "disk_used": 5.639179229736328,
                "disk_free": 22.362895965576172,
                "virtual_used": 0.8871269226074219,
                "virtual_free": 0.9787368774414062,
                "sample": 1
            }
        ],
        "response_time": 0.0008859634399414062
    },
    "create": {
        "baseline": {
            "cpu_util": 0.0,
            "disk_read": 0.5617842674255371,
            "disk_write": 1.835592269897461,
            "disk_used": 5.639179229736328,
            "disk_free": 22.362895965576172,
            "virtual_used": 0.8871269226074219,
            "virtual_free": 0.9787368774414062
        },
        "samples": [
            {
                "cpu_util": 27.3,
                "disk_read": 0.5617842674255371,
                "disk_write": 1.836465835571289,
                "disk_used": 5.639190673828125,
                "disk_free": 22.362884521484375,
                "virtual_used": 0.885986328125,
                "virtual_free": 0.9798774719238281,
                "sample": 1
            }
        ],
        "response_time": 0.07987284660339355
    },
    "readThenDeleteManyLikesUnstruct": {
        "baseline": {
            "cpu_util": 0.0,
            "disk_read": 0.5617842674255371,
            "disk_write": 1.8367137908935547,
            "disk_used": 5.639190673828125,
            "disk_free": 22.362884521484375,
            "virtual_used": 0.8863067626953125,
            "virtual_free": 0.9795570373535156
        },
        "samples": [
            {
                "cpu_util": 52.6,
                "disk_read": 0.5617842674255371,
                "disk_write": 1.836740493774414,
                "disk_used": 5.639190673828125,
                "disk_free": 22.362884521484375,
                "virtual_used": 0.8855094909667969,
                "virtual_free": 0.9803543090820312,
                "sample": 1
            },
            {
                "cpu_util": 52.6,
                "disk_read": 0.5617842674255371,
                "disk_write": 1.8368244171142578,
                "disk_used": 5.639190673828125,
                "disk_free": 22.362884521484375,
                "virtual_used": 0.8854293823242188,
                "virtual_free": 0.9804344177246094,
                "sample": 2
            },
            {
                "cpu_util": 57.9,
                "disk_read": 0.5617842674255371,
                "disk_write": 1.8369121551513672,
                "disk_used": 5.6392364501953125,
                "disk_free": 22.362838745117188,
                "virtual_used": 0.8864364624023438,
                "virtual_free": 0.9794273376464844,
                "sample": 3
            },
            {
                "cpu_util": 52.6,
                "disk_read": 0.5617842674255371,
                "disk_write": 1.836984634399414,
                "disk_used": 5.6392364501953125,
                "disk_free": 22.362838745117188,
                "virtual_used": 0.8863716125488281,
                "virtual_free": 0.9794921875,
                "sample": 4
            },
            {
                "cpu_util": 50.0,
                "disk_read": 0.5617842674255371,
                "disk_write": 1.837057113647461,
                "disk_used": 5.6392364501953125,
                "disk_free": 22.362838745117188,
                "virtual_used": 0.8863296508789062,
                "virtual_free": 0.9795341491699219,
                "sample": 5
            },
            {
                "cpu_util": 55.0,
                "disk_read": 0.5617842674255371,
                "disk_write": 1.8371295928955078,
                "disk_used": 5.6392364501953125,
                "disk_free": 22.362838745117188,
                "virtual_used": 0.8862991333007812,
                "virtual_free": 0.9795646667480469,
                "sample": 6
            },
            {
                "cpu_util": 54.5,
                "disk_read": 0.5617842674255371,
                "disk_write": 1.8371944427490234,
                "disk_used": 5.6392364501953125,
                "disk_free": 22.362838745117188,
                "virtual_used": 0.886444091796875,
                "virtual_free": 0.9794197082519531,
                "sample": 7
            },
            {
                "cpu_util": 52.6,
                "disk_read": 0.5617842674255371,
                "disk_write": 1.837270736694336,
                "disk_used": 5.639919281005859,
                "disk_free": 22.36215591430664,
                "virtual_used": 0.8857421875,
                "virtual_free": 0.9801216125488281,
                "sample": 8
            },
            {
                "cpu_util": 47.4,
                "disk_read": 0.5617842674255371,
                "disk_write": 1.8373050689697266,
                "disk_used": 5.639919281005859,
                "disk_free": 22.36215591430664,
                "virtual_used": 0.8856697082519531,
                "virtual_free": 0.980194091796875,
                "sample": 9
            },
            {
                "cpu_util": 52.6,
                "disk_read": 0.5617842674255371,
                "disk_write": 1.8373737335205078,
                "disk_used": 5.639919281005859,
                "disk_free": 22.36215591430664,
                "virtual_used": 0.8856277465820312,
                "virtual_free": 0.9802360534667969,
                "sample": 10
            },
            {
                "cpu_util": 50.0,
                "disk_read": 0.5617842674255371,
                "disk_write": 1.8374385833740234,
                "disk_used": 5.639919281005859,
                "disk_free": 22.36215591430664,
                "virtual_used": 0.88555908203125,
                "virtual_free": 0.9803047180175781,
                "sample": 11
            },
            {
                "cpu_util": 55.0,
                "disk_read": 0.5617842674255371,
                "disk_write": 1.8375072479248047,
                "disk_used": 5.639919281005859,
                "disk_free": 22.36215591430664,
                "virtual_used": 0.8855056762695312,
                "virtual_free": 0.9803581237792969,
                "sample": 12
            },
            {
                "cpu_util": 57.1,
                "disk_read": 0.5617842674255371,
                "disk_write": 1.8375720977783203,
                "disk_used": 5.639919281005859,
                "disk_free": 22.36215591430664,
                "virtual_used": 0.8854827880859375,
                "virtual_free": 0.9803810119628906,
                "sample": 13
            },
            {
                "cpu_util": 52.4,
                "disk_read": 0.5617842674255371,
                "disk_write": 1.837636947631836,
                "disk_used": 5.639919281005859,
                "disk_free": 22.36215591430664,
                "virtual_used": 0.8854827880859375,
                "virtual_free": 0.9803810119628906,
                "sample": 14
            },
            {
                "cpu_util": 55.0,
                "disk_read": 0.5617842674255371,
                "disk_write": 1.837697982788086,
                "disk_used": 5.639919281005859,
                "disk_free": 22.36215591430664,
                "virtual_used": 0.8854026794433594,
                "virtual_free": 0.9804611206054688,
                "sample": 15
            },
            {
                "cpu_util": 52.4,
                "disk_read": 0.5617842674255371,