{
    "delete": {
        "baseline": {
            "cpu_util": 0.0,
            "disk_read": 0.34246397018432617,
            "disk_write": 3.282835006713867,
            "disk_used": 3.9164466857910156,
            "disk_free": 24.085628509521484,
            "virtual_used": 1.6854171752929688,
            "virtual_free": 2.0615386962890625
        },
        "samples": [
            {
                "cpu_util": 5.0,
                "disk_read": 0.34246397018432617,
                "disk_write": 3.282835006713867,
                "disk_used": 3.9164466857910156,
                "disk_free": 24.085628509521484,
                "virtual_used": 1.6854171752929688,
                "virtual_free": 2.0615386962890625,
                "sample": 1
            }
        ],
        "response_time": 0.0018177032470703125
    },
    "create": {
        "baseline": {
            "cpu_util": 0.0,
            "disk_read": 0.34246397018432617,
            "disk_write": 3.282835006713867,
            "disk_used": 3.9164466857910156,
            "disk_free": 24.085628509521484,
            "virtual_used": 1.6853561401367188,
            "virtual_free": 2.0615997314453125
        },
        "samples": [
            {
                "cpu_util": 58.8,
                "disk_read": 0.34246397018432617,
                "disk_write": 3.303743362426758,
                "disk_used": 3.8196067810058594,
                "disk_free": 24.18246841430664,
                "virtual_used": 1.6871261596679688,
                "virtual_free": 2.0598297119140625,
                "sample": 1
            },
            {
                "cpu_util": 52.0,
                "disk_read": 0.34246397018432617,
                "disk_write": 3.305044174194336,
                "disk_used": 3.7518081665039062,
                "disk_free": 24.250267028808594,
                "virtual_used": 1.7101974487304688,
                "virtual_free": 2.0367584228515625,
                "sample": 2
            },
            {
                "cpu_util": 52.0,
                "disk_read": 0.34246397018432617,
                "disk_write": 3.305044174194336,
                "disk_used": 3.7518081665039062,
                "disk_free": 24.250267028808594,
                "virtual_used": 1.7181282043457031,
                "virtual_free": 2.028827667236328,
                "sample": 3
            },
            {
                "cpu_util": 47.8,
                "disk_read": 0.34246397018432617,
                "disk_write": 3.3050670623779297,
                "disk_used": 3.7518081665039062,
                "disk_free": 24.250267028808594,
                "virtual_used": 1.7411994934082031,
                "virtual_free": 2.005756378173828,
                "sample": 4
            },
            {
                "cpu_util": 51.9,
                "disk_read": 0.34246397018432617,
                "disk_write": 3.3050670623779297,
                "disk_used": 3.7518081665039062,
                "disk_free": 24.250267028808594,
                "virtual_used": 1.7565803527832031,
                "virtual_free": 1.9903755187988281,
                "sample": 5
            },
            {
                "cpu_util": 54.2,
                "disk_read": 0.34246397018432617,
                "disk_write": 3.3050670623779297,
                "disk_used": 3.7518081665039062,
                "disk_free": 24.250267028808594,
                "virtual_used": 1.7719612121582031,
                "virtual_free": 1.9749946594238281,
                "sample": 6
            },
            {
                "cpu_util": 50.0,
                "disk_read": 0.34246397018432617,
                "disk_write": 3.3050670623779297,
                "disk_used": 3.7518081665039062,
                "disk_free": 24.250267028808594,
                "virtual_used": 1.7873420715332031,
                "virtual_free": 1.9596138000488281,
                "sample": 7
            },
            {
                "cpu_util": 50.0,
                "disk_read": 0.34246397018432617,
                "disk_write": 3.3050670623779297,
                "disk_used": 3.7518081665039062,
                "disk_free": 24.250267028808594,
                "virtual_used": 1.8026962280273438,
                "virtual_free": 1.9442596435546875,
                "sample": 8
            },
            {
                "cpu_util": 50.5,
                "disk_read": 0.34246397018432617,
                "disk_write": 3.3050670623779297,
                "disk_used": 3.7518081665039062,
                "disk_free": 24.250267028808594,
                "virtual_used": 1.8139915466308594,
                "virtual_free": 1.9329643249511719,
                "sample": 9
            },
            {
                "cpu_util": 51.9,
                "disk_read": 0.34246397018432617,
                "disk_write": 3.3050670623779297,
                "disk_used": 3.7518081665039062,
                "disk_free": 24.250267028808594,
                "virtual_used": 1.8409080505371094,
                "virtual_free": 1.9060478210449219,
                "sample": 10
            },
            {
                "cpu_util": 53.8,
                "disk_read": 0.34246397018432617,
                "disk_write": 3.3050670623779297,
                "disk_used": 3.7518081665039062,
                "disk_free": 24.250267028808594,
                "virtual_used": 1.8639793395996094,
                "virtual_free": 1.8829765319824219,
                "sample": 11
            },
            {
                "cpu_util": 52.0,
                "disk_read": 0.34246397018432617,
                "disk_write": 3.3050670623779297,
                "disk_used": 3.7518081665039062,
                "disk_free": 24.250267028808594,
                "virtual_used": 1.8870506286621094,
                "virtual_free": 1.8599052429199219,
                "sample": 12
            },
            {
                "cpu_util": 52.2,
                "disk_read": 0.34246397018432617,
                "disk_write": 3.305082321166992,
                "disk_used": 3.7518081665039062,
                "disk_free": 24.250267028808594,
                "virtual_used": 1.9101219177246094,
                "virtual_free": 1.8368339538574219,
                "sample": 13
            },
            {
                "cpu_util": 52.0,
                "disk_read": 0.34246397018432617,
                "disk_write": 3.305116653442383,
                "disk_used": 3.7518081665039062,
                "disk_free": 24.250267028808594,
                "virtual_used": 1.9876670837402344,
                "virtual_free": 1.7592887878417969,
                "sample": 14
            },
            {
                "cpu_util": 47.4,
                "disk_read": 0.34246397018432617,
                "disk_write": 3.306730270385742,
                "disk_used": 3.7518157958984375,
                "disk_free": 24.250259399414062,
                "virtual_used": 1.9902420043945312,
                "virtual_free": 1.7567138671875,
                "sample": 15
            },
            {
                "cpu_util": 54.2,
                "disk_read": 0.34246397018432617,
                "disk_write": 3.3144474029541016,
                "disk_used": 3.7518157958984375,
                "disk_free": 24.250259399414062,
                "virtual_used": 2.0055923461914062,
                "virtual_free": 1.741363525390625,
                "sample": 16
            },
            {
                "cpu_util": 52.4,
                "disk_read": 0.34246397018432617,
                "disk_write": 3.318330764770508,
                "disk_used": 3.7574729919433594,
                "disk_free": 24.24460220336914,
                "virtual_used": 1.9851455688476562,
                "virtual_free": 1.761810302734375,
                "sample": 17
            },
            {
                "cpu_util": 54.2,
                "disk_read": 0.34246397018432617,