{
    "delete": {
        "baseline": {
            "cpu_util": 0.0,
            "disk_read": 0.3399085998535156,
            "disk_write": 1.3886890411376953,
            "disk_used": 4.313941955566406,
            "disk_free": 23.688133239746094,
            "virtual_used": 1.7086830139160156,
            "virtual_free": 2.0382843017578125
        },
        "samples": [
            {
                "cpu_util": 0.0,
                "disk_read": 0.3399085998535156,
                "disk_write": 1.388692855834961,
                "disk_used": 4.313941955566406,
                "disk_free": 23.688133239746094,
                "virtual_used": 1.7086830139160156,
                "virtual_free": 2.0382843017578125,
                "sample": 1
            }
        ],
        "response_time": 0.0009331703186035156
    },
    "create": {
        "baseline": {
            "cpu_util": 0.0,
            "disk_read": 0.3399085998535156,
            "disk_write": 1.388692855834961,
            "disk_used": 4.313941955566406,
            "disk_free": 23.688133239746094,
            "virtual_used": 1.7086830139160156,
            "virtual_free": 2.0382843017578125
        },
        "samples": [
            {
                "cpu_util": 86.6,
                "disk_read": 0.3399085998535156,
                "disk_write": 1.388692855834961,
                "disk_used": 4.324115753173828,
                "disk_free": 23.677959442138672,
                "virtual_used": 1.7437782287597656,
                "virtual_free": 2.0031890869140625,
                "sample": 1
            },
            {
                "cpu_util": 54.5,
                "disk_read": 0.3399085998535156,
                "disk_write": 1.3888530731201172,
                "disk_used": 4.324123382568359,
                "disk_free": 23.67795181274414,
                "virtual_used": 1.7271957397460938,
                "virtual_free": 2.0197715759277344,
                "sample": 2
            },
            {
                "cpu_util": 52.4,
                "disk_read": 0.3399085998535156,
                "disk_write": 1.3928890228271484,
                "disk_used": 4.324123382568359,
                "disk_free": 23.67795181274414,
                "virtual_used": 1.72967529296875,
                "virtual_free": 2.017292022705078,
                "sample": 3
            },
            {
                "cpu_util": 28.6,
                "disk_read": 0.3399085998535156,
                "disk_write": 1.3982486724853516,
                "disk_used": 4.324123382568359,
                "disk_free": 23.67795181274414,
                "virtual_used": 1.734527587890625,
                "virtual_free": 2.012439727783203,
                "sample": 4
            }
        ],
        "response_time": 1.0555310249328613
    },
    "updateOneUnstruct": {
        "baseline": {
            "cpu_util": 75.0,
            "disk_read": 0.3399085998535156,
            "disk_write": 1.412546157836914,
            "disk_used": 4.330829620361328,
            "disk_free": 23.671245574951172,
            "virtual_used": 1.7508773803710938,
            "virtual_free": 1.9960899353027344
        },
        "samples": [
            {
                "cpu_util": 85.7,
                "disk_read": 0.3399085998535156,
                "disk_write": 1.4686565399169922,
                "disk_used": 4.3341827392578125,
                "disk_free": 23.667892456054688,
                "virtual_used": 1.7636375427246094,
                "virtual_free": 1.9833297729492188,
                "sample": 1
            }
        ],
        "response_time": 0.1351473331451416
    }
}