{
    "delete": {
        "baseline": {
            "cpu_util": 0.0,
            "disk_read": 0.3399085998535156,
            "disk_write": 1.3791179656982422,
            "disk_used": 4.313926696777344,
            "disk_free": 23.688148498535156,
            "virtual_used": 1.7119064331054688,
            "virtual_free": 2.0350608825683594
        },
        "samples": [
            {
                "cpu_util": 0.0,
                "disk_read": 0.3399085998535156,
                "disk_write": 1.3791217803955078,
                "disk_used": 4.313926696777344,
                "disk_free": 23.688148498535156,
                "virtual_used": 1.7119064331054688,
                "virtual_free": 2.0350608825683594,
                "sample": 1
            }
        ],
        "response_time": 0.0009539127349853516
    },
    "create": {
        "baseline": {
            "cpu_util": 0.0,
            "disk_read": 0.3399085998535156,
            "disk_write": 1.3791217803955078,
            "disk_used": 4.313926696777344,
            "disk_free": 23.688148498535156,
            "virtual_used": 1.7119064331054688,
            "virtual_free": 2.0350608825683594
        },
        "samples": [
            {
                "cpu_util": 52.2,
                "disk_read": 0.3399085998535156,
                "disk_write": 1.3791217803955078,
                "disk_used": 4.313926696777344,
                "disk_free": 23.688148498535156,
                "virtual_used": 1.7119064331054688,
                "virtual_free": 2.0350608825683594,
                "sample": 1
            },
            {
                "cpu_util": 47.4,
                "disk_read": 0.3399085998535156,
                "disk_write": 1.381032943725586,
                "disk_used": 4.313938140869141,
                "disk_free": 23.68813705444336,
                "virtual_used": 1.7030868530273438,
                "virtual_free": 2.0438804626464844,
                "sample": 2
            },
            {
                "cpu_util": 50.0,
                "disk_read": 0.3399085998535156,
                "disk_write": 1.387075424194336,
                "disk_used": 4.313938140869141,
                "disk_free": 23.68813705444336,
                "virtual_used": 1.7097053527832031,
                "virtual_free": 2.037261962890625,
                "sample": 3
            }
        ],
        "response_time": 0.7198007106781006
    },
    "updateOneUnstruct": {
        "baseline": {
            "cpu_util": 0.0,
            "disk_read": 0.3399085998535156,
            "disk_write": 1.3886852264404297,
            "disk_used": 4.313938140869141,
            "disk_free": 23.68813705444336,
            "virtual_used": 1.7084426879882812,
            "virtual_free": 2.038524627685547
        },
        "samples": [
            {
                "cpu_util": 38.1,
                "disk_read": 0.3399085998535156,
                "disk_write": 1.3886852264404297,
                "disk_used": 4.313938140869141,
                "disk_free": 23.68813705444336,
                "virtual_used": 1.7086830139160156,
                "virtual_free": 2.0382843017578125,
                "sample": 1
            }
        ],
        "response_time": 0.07142138481140137
    }
}