{
    "delete": {
        "baseline": {
            "cpu_util": 0.0,
            "disk_read": 0.5024027824401855,
            "disk_write": 5.10905647277832,
            "disk_used": 3.8577651977539062,
            "disk_free": 24.144309997558594,
            "virtual_used": 1.0077781677246094,
            "virtual_free": 0.8580894470214844
        },
        "samples": [
            {
                "cpu_util": 0.0,
                "disk_read": 0.5024027824401855,
                "disk_write": 5.109060287475586,
                "disk_used": 3.857769012451172,
                "disk_free": 24.144306182861328,
                "virtual_used": 1.0077781677246094,
                "virtual_free": 0.8580894470214844,
                "sample": 1
            }
        ],
        "response_time": 0.0009417533874511719
    },
    "create": {
        "baseline": {
            "cpu_util": 0.0,
            "disk_read": 0.5024027824401855,
            "disk_write": 5.109060287475586,
            "disk_used": 3.857769012451172,
            "disk_free": 24.144306182861328,
            "virtual_used": 1.0082321166992188,
            "virtual_free": 0.857635498046875
        },
        "samples": [
            {
                "cpu_util": 14.3,
                "disk_read": 0.5024027824401855,
                "disk_write": 5.109285354614258,
                "disk_used": 3.857776641845703,
                "disk_free": 24.144298553466797,
                "virtual_used": 1.0082321166992188,
                "virtual_free": 0.857635498046875,
                "sample": 1
            }
        ],
        "response_time": 0.029262065887451172
    },
    "insertOneStruct": {
        "baseline": {
            "cpu_util": 0.0,
            "disk_read": 0.5024027824401855,
            "disk_write": 5.109285354614258,
            "disk_used": 3.857776641845703,
            "disk_free": 24.144298553466797,
            "virtual_used": 1.0082321166992188,
            "virtual_free": 0.857635498046875
        },
        "samples": [
            {
                "cpu_util": 0.0,
                "disk_read": 0.5024027824401855,
                "disk_write": 5.109289169311523,
                "disk_used": 3.857776641845703,
                "disk_free": 24.144298553466797,
                "virtual_used": 1.0082321166992188,
                "virtual_free": 0.857635498046875,
                "sample": 1
            }
        ],
        "response_time": 0.000743865966796875
    }
}