{
    "delete": {
        "baseline": {
            "cpu_util": 0.0,
            "disk_read": 0.4777674674987793,
            "disk_write": 4.154417037963867,
            "disk_used": 3.84857177734375,
            "disk_free": 24.15350341796875,
            "virtual_used": 0.9361610412597656,
            "virtual_free": 0.9297065734863281
        },
        "samples": [
            {
                "cpu_util": 4.8,
                "disk_read": 0.4777674674987793,
                "disk_write": 4.154420852661133,
                "disk_used": 3.8485755920410156,
                "disk_free": 24.153499603271484,
                "virtual_used": 0.9363975524902344,
                "virtual_free": 0.9294700622558594,
                "sample": 1
            }
        ],
        "response_time": 0.0008723735809326172
    },
    "create": {
        "baseline": {
            "cpu_util": 0.0,
            "disk_read": 0.4777674674987793,
            "disk_write": 4.154420852661133,
            "disk_used": 3.8485755920410156,
            "disk_free": 24.153499603271484,
            "virtual_used": 0.9363975524902344,
            "virtual_free": 0.9294700622558594
        },
        "samples": [
            {
                "cpu_util": 50.0,
                "disk_read": 0.4777674674987793,
                "disk_write": 4.154561996459961,
                "disk_used": 3.8501739501953125,
                "disk_free": 24.151901245117188,
                "virtual_used": 0.9359588623046875,
                "virtual_free": 0.9299087524414062,
                "sample": 1
            }
        ],
        "response_time": 0.0789804458618164
    },
    "updateOneStruct": {
        "baseline": {
            "cpu_util": 4.8,
            "disk_read": 0.4777674674987793,
            "disk_write": 4.155050277709961,
            "disk_used": 3.8501739501953125,
            "disk_free": 24.151901245117188,
            "virtual_used": 0.9358558654785156,
            "virtual_free": 0.9300117492675781
        },
        "samples": [
            {
                "cpu_util": 0.0,
                "disk_read": 0.4777674674987793,
                "disk_write": 4.15507698059082,
                "disk_used": 3.8501739501953125,
                "disk_free": 24.151901245117188,
                "virtual_used": 0.9358558654785156,
                "virtual_free": 0.9300117492675781,
                "sample": 1
            }
        ],
        "response_time": 0.007642984390258789
    }
}