{
    "delete": {
        "baseline": {
            "cpu_util": 0.0,
            "disk_read": 0.6195502281188965,
            "disk_write": 4.481435775756836,
            "disk_used": 3.8603477478027344,
            "disk_free": 24.141727447509766,
            "virtual_used": 1.9199333190917969,
            "virtual_free": 1.8270263671875
        },
        "samples": [
            {
                "cpu_util": 0.0,
                "disk_read": 0.6195502281188965,
                "disk_write": 4.481435775756836,
                "disk_used": 3.8603477478027344,
                "disk_free": 24.141727447509766,
                "virtual_used": 1.9199333190917969,
                "virtual_free": 1.8270263671875,
                "sample": 1
            }
        ],
        "response_time": 0.0008347034454345703
    },
    "create": {
        "baseline": {
            "cpu_util": 0.0,
            "disk_read": 0.6195502281188965,
            "disk_write": 4.481435775756836,
            "disk_used": 3.8603477478027344,
            "disk_free": 24.141727447509766,
            "virtual_used": 1.9199256896972656,
            "virtual_free": 1.8270339965820312
        },
        "samples": [
            {
                "cpu_util": 53.7,
                "disk_read": 0.6195502281188965,
                "disk_write": 4.481485366821289,
                "disk_used": 3.8603515625,
                "disk_free": 24.1417236328125,
                "virtual_used": 1.919921875,
                "virtual_free": 1.8270378112792969,
                "sample": 1
            },
            {
                "cpu_util": 53.8,
                "disk_read": 0.6195502281188965,
                "disk_write": 4.481485366821289,
                "disk_used": 3.8603515625,
                "disk_free": 24.1417236328125,
                "virtual_used": 1.919921875,
                "virtual_free": 1.8270378112792969,
                "sample": 2
            },
            {
                "cpu_util": 52.0,
                "disk_read": 0.6195502281188965,
                "disk_write": 4.481485366821289,
                "disk_used": 3.8603515625,
                "disk_free": 24.1417236328125,
                "virtual_used": 1.9343414306640625,
                "virtual_free": 1.8126182556152344,
                "sample": 3
            },
            {
                "cpu_util": 51.8,
                "disk_read": 0.6195502281188965,
                "disk_write": 4.481485366821289,
                "disk_used": 3.8603515625,
                "disk_free": 24.1417236328125,
                "virtual_used": 1.9420318603515625,
                "virtual_free": 1.8049278259277344,
                "sample": 4
            },
            {
                "cpu_util": 53.8,
                "disk_read": 0.6195502281188965,
                "disk_write": 4.481485366821289,
                "disk_used": 3.8603515625,
                "disk_free": 24.1417236328125,
                "virtual_used": 1.9420318603515625,
                "virtual_free": 1.8049278259277344,
                "sample": 5
            },
            {
                "cpu_util": 50.0,
                "disk_read": 0.6195502281188965,
                "disk_write": 4.481508255004883,
                "disk_used": 3.8603515625,
                "disk_free": 24.1417236328125,
                "virtual_used": 1.9494819641113281,
                "virtual_free": 1.7974777221679688,
                "sample": 6
            },
            {
                "cpu_util": 51.9,
                "disk_read": 0.6195502281188965,
                "disk_write": 4.481657028198242,
                "disk_used": 3.8603515625,
                "disk_free": 24.1417236328125,
                "virtual_used": 1.9648628234863281,
                "virtual_free": 1.7820968627929688,
                "sample": 7
            },
            {
                "cpu_util": 47.8,
                "disk_read": 0.6195502281188965,
                "disk_write": 4.481657028198242,
                "disk_used": 3.8603515625,
                "disk_free": 24.1417236328125,
                "virtual_used": 1.9800033569335938,
                "virtual_free": 1.7669563293457031,
                "sample": 8
            },
            {
                "cpu_util": 52.0,
                "disk_read": 0.6195502281188965,
                "disk_write": 4.481657028198242,
                "disk_used": 3.8603515625,
                "disk_free": 24.1417236328125,
                "virtual_used": 1.9876937866210938,
                "virtual_free": 1.7592658996582031,
                "sample": 9
            },
            {
                "cpu_util": 55.6,
                "disk_read": 0.6195502281188965,
                "disk_write": 4.481657028198242,
                "disk_used": 3.8603515625,
                "disk_free": 24.1417236328125,
                "virtual_used": 1.9953842163085938,
                "virtual_free": 1.7515754699707031,
                "sample": 10
            },
            {
                "cpu_util": 50.0,
                "disk_read": 0.6195502281188965,
                "disk_write": 4.481748580932617,
                "disk_used": 3.8603515625,
                "disk_free": 24.1417236328125,
                "virtual_used": 2.0030746459960938,
                "virtual_free": 1.7438850402832031,
                "sample": 11
            },
            {
                "cpu_util": 50.0,
                "disk_read": 0.6195502281188965,
                "disk_write": 4.481748580932617,
                "disk_used": 3.8603515625,
                "disk_free": 24.1417236328125,
                "virtual_used": 2.0107650756835938,
                "virtual_free": 1.7361946105957031,
                "sample": 12
            },
            {
                "cpu_util": 50.0,
                "disk_read": 0.6195502281188965,
                "disk_write": 4.481748580932617,
                "disk_used": 3.8603515625,
                "disk_free": 24.1417236328125,
                "virtual_used": 2.0261459350585938,
                "virtual_free": 1.7208137512207031,
                "sample": 13
            },
            {
                "cpu_util": 50.0,
                "disk_read": 0.6195502281188965,
                "disk_write": 4.481748580932617,
                "disk_used": 3.8603515625,
                "disk_free": 24.1417236328125,
                "virtual_used": 2.0338363647460938,
                "virtual_free": 1.7131233215332031,
                "sample": 14
            },
            {
                "cpu_util": 50.0,
                "disk_read": 0.6195502281188965,
                "disk_write": 4.481760025024414,
                "disk_used": 3.8603515625,
                "disk_free": 24.1417236328125,
                "virtual_used": 2.0662803649902344,
                "virtual_free": 1.6806793212890625,
                "sample": 15
            },
            {
                "cpu_util": 48.0,
                "disk_read": 0.6195502281188965,
                "disk_write": 4.481760025024414,
                "disk_used": 3.8603515625,
                "disk_free": 24.1417236328125,
                "virtual_used": 2.0959739685058594,
                "virtual_free": 1.6509857177734375,
                "sample": 16
            },
            {
                "cpu_util": 52.4,
                "disk_read": 0.6195502281188965,
                "disk_write": 4.483247756958008,
                "disk_used": 3.8603591918945312,
                "disk_free": 24.14171600341797,
                "virtual_used": 2.0974349975585938,
                "virtual_free": 1.6495246887207031,
                "sample": 17
            },
            {
                "cpu_util": 54.5,
                "disk_read": 0.6195502281188965,
                "disk_write": 4.486589431762695,
                "disk_used": 3.8603591918945312,
                "disk_free": 24.14171600341797,