{
    "delete": {
        "baseline": {
            "cpu_util": 28.6,
            "disk_read": 0.6195502281188965,
            "disk_write": 4.650373458862305,
            "disk_used": 4.207984924316406,
            "disk_free": 23.794090270996094,
            "virtual_used": 2.440826416015625,
            "virtual_free": 1.3061332702636719
        },
        "samples": [
            {
                "cpu_util": 0.0,
                "disk_read": 0.6195502281188965,
                "disk_write": 4.65037727355957,
                "disk_used": 4.207988739013672,
                "disk_free": 23.794086456298828,
                "virtual_used": 2.4408226013183594,
                "virtual_free": 1.3061370849609375,
                "sample": 1
            }
        ],
        "response_time": 0.0008513927459716797
    },
    "create": {
        "baseline": {
            "cpu_util": 0.0,
            "disk_read": 0.6195502281188965,
            "disk_write": 4.65037727355957,
            "disk_used": 4.207988739013672,
            "disk_free": 23.794086456298828,
            "virtual_used": 2.4408226013183594,
            "virtual_free": 1.3061370849609375
        },
        "samples": [
            {
                "cpu_util": 52.2,
                "disk_read": 0.6195502281188965,
                "disk_write": 4.65037727355957,
                "disk_used": 4.207988739013672,
                "disk_free": 23.794086456298828,
                "virtual_used": 2.4408226013183594,
                "virtual_free": 1.3061370849609375,
                "sample": 1
            },
            {
                "cpu_util": 52.0,
                "disk_read": 0.6195502281188965,
                "disk_write": 4.65037727355957,
                "disk_used": 4.207988739013672,
                "disk_free": 23.794086456298828,
                "virtual_used": 2.4408226013183594,
                "virtual_free": 1.3061370849609375,
                "sample": 2
            },
            {
                "cpu_util": 52.2,
                "disk_read": 0.6195502281188965,
                "disk_write": 4.65037727355957,
                "disk_used": 4.207988739013672,
                "disk_free": 23.794086456298828,
                "virtual_used": 2.4361915588378906,
                "virtual_free": 1.3107681274414062,
                "sample": 3
            },
            {
                "cpu_util": 53.8,
                "disk_read": 0.6195502281188965,
                "disk_write": 4.650434494018555,
                "disk_used": 4.2079925537109375,
                "disk_free": 23.794082641601562,
                "virtual_used": 2.4328231811523438,
                "virtual_free": 1.3141365051269531,
                "sample": 4
            },
            {
                "cpu_util": 50.0,
                "disk_read": 0.6195502281188965,
                "disk_write": 4.650434494018555,
                "disk_used": 4.2079925537109375,
                "disk_free": 23.794082641601562,
                "virtual_used": 2.43426513671875,
                "virtual_free": 1.3126945495605469,
                "sample": 5
            },
            {
                "cpu_util": 47.8,
                "disk_read": 0.6195502281188965,
                "disk_write": 4.650434494018555,
                "disk_used": 4.2079925537109375,
                "disk_free": 23.794082641601562,
                "virtual_used": 2.4820899963378906,
                "virtual_free": 1.2648696899414062,
                "sample": 6
            },
            {
                "cpu_util": 55.0,
                "disk_read": 0.6195502281188965,
                "disk_write": 4.652719497680664,
                "disk_used": 4.208000183105469,
                "disk_free": 23.79407501220703,
                "virtual_used": 2.4605445861816406,
                "virtual_free": 1.2864151000976562,
                "sample": 7
            },
            {
                "cpu_util": 50.0,
                "disk_read": 0.6195502281188965,
                "disk_write": 4.655263900756836,
                "disk_used": 4.208011627197266,
                "disk_free": 23.794063568115234,
                "virtual_used": 2.4630508422851562,
                "virtual_free": 1.2839088439941406,
                "sample": 8
            },
            {
                "cpu_util": 71.4,
                "disk_read": 0.6195502281188965,
                "disk_write": 4.786077499389648,
                "disk_used": 4.209388732910156,
                "disk_free": 23.792686462402344,
                "virtual_used": 2.4461936950683594,
                "virtual_free": 1.3007659912109375,
                "sample": 9
            },
            {
                "cpu_util": 50.0,
                "disk_read": 0.6195502281188965,
                "disk_write": 4.78776741027832,
                "disk_used": 4.214591979980469,
                "disk_free": 23.78748321533203,
                "virtual_used": 2.47930908203125,
                "virtual_free": 1.2676506042480469,
                "sample": 10
            },
            {
                "cpu_util": 56.0,
                "disk_read": 0.6195502281188965,
                "disk_write": 4.801977157592773,
                "disk_used": 4.218799591064453,
                "disk_free": 23.783275604248047,
                "virtual_used": 2.470256805419922,
                "virtual_free": 1.276702880859375,
                "sample": 11
            },
            {
                "cpu_util": 90.0,
                "disk_read": 0.6195502281188965,
                "disk_write": 4.803918838500977,
                "disk_used": 3.8630332946777344,
                "disk_free": 24.139041900634766,
                "virtual_used": 2.3060379028320312,
                "virtual_free": 1.4409217834472656,
                "sample": 12
            },
            {
                "cpu_util": 70.0,
                "disk_read": 0.6195502281188965,
                "disk_write": 4.80549430847168,
                "disk_used": 3.864429473876953,
                "disk_free": 24.137645721435547,
                "virtual_used": 2.3024940490722656,
                "virtual_free": 1.4444656372070312,
                "sample": 13
            },
            {
                "cpu_util": 55.0,
                "disk_read": 0.6195502281188965,
                "disk_write": 4.80744743347168,
                "disk_used": 3.864429473876953,
                "disk_free": 24.137645721435547,
                "virtual_used": 2.300884246826172,
                "virtual_free": 1.446075439453125,
                "sample": 14
            },
            {
                "cpu_util": 52.4,
                "disk_read": 0.6195502281188965,
                "disk_write": 4.808107376098633,
                "disk_used": 3.864429473876953,
                "disk_free": 24.137645721435547,
                "virtual_used": 2.2866249084472656,
                "virtual_free": 1.4603347778320312,
                "sample": 15
            },
            {
                "cpu_util": 65.2,
                "disk_read": 0.6195502281188965,
                "disk_write": 4.810674667358398,
                "disk_used": 3.8657798767089844,
                "disk_free": 24.136295318603516,
                "virtual_used": 2.2883453369140625,
                "virtual_free": 1.4586143493652344,
                "sample": 16
            },
            {
                "cpu_util": 91.7,
                "disk_read": 0.6195502281188965,
                "disk_write": 4.812150955200195,
                "disk_used": 3.8726158142089844,
                "disk_free": 24.129459381103516,
                "virtual_used": 2.288288116455078,
                "virtual_free": 1.4586715698242188,
                "sample": 17
            },
            {
                "cpu_util": 52.6,
                "disk_read": 0.6195502281188965,
                "disk_write": 4.813394546508789,