{
    "delete": {
        "baseline": {
            "cpu_util": 0.0,
            "disk_read": 0.3250589370727539,
            "disk_write": 1.504892349243164,
            "disk_used": 4.172901153564453,
            "disk_free": 23.829174041748047,
            "virtual_used": 1.6093673706054688,
            "virtual_free": 2.137592315673828
        },
        "samples": [
            {
                "cpu_util": 0.0,
                "disk_read": 0.3250589370727539,
                "disk_write": 1.5048961639404297,
                "disk_used": 4.172904968261719,
                "disk_free": 23.82917022705078,
                "virtual_used": 1.6093673706054688,
                "virtual_free": 2.137592315673828,
                "sample": 1
            }
        ],
        "response_time": 0.0009641647338867188
    },
    "create": {
        "baseline": {
            "cpu_util": 0.0,
            "disk_read": 0.3250589370727539,
            "disk_write": 1.5048961639404297,
            "disk_used": 4.172904968261719,
            "disk_free": 23.82917022705078,
            "virtual_used": 1.6093673706054688,
            "virtual_free": 2.137592315673828
        },
        "samples": [
            {
                "cpu_util": 50.0,
                "disk_read": 0.3250589370727539,
                "disk_write": 1.504953384399414,
                "disk_used": 4.270561218261719,
                "disk_free": 23.73151397705078,
                "virtual_used": 1.6093635559082031,
                "virtual_free": 2.1375961303710938,
                "sample": 1
            },
            {
                "cpu_util": 50.0,
                "disk_read": 0.3250589370727539,
                "disk_write": 1.5055408477783203,
                "disk_used": 4.27056884765625,
                "disk_free": 23.73150634765625,
                "virtual_used": 1.603057861328125,
                "virtual_free": 2.143901824951172,
                "sample": 2
            },
            {
                "cpu_util": 52.6,
                "disk_read": 0.3250589370727539,
                "disk_write": 1.5110912322998047,
                "disk_used": 4.27056884765625,
                "disk_free": 23.73150634765625,
                "virtual_used": 1.6056785583496094,
                "virtual_free": 2.1412811279296875,
                "sample": 3
            }
        ],
        "response_time": 0.9563801288604736
    },
    "updateManyUnstruct": {
        "baseline": {
            "cpu_util": 0.0,
            "disk_read": 0.3250589370727539,
            "disk_write": 1.5145397186279297,
            "disk_used": 4.27056884765625,
            "disk_free": 23.73150634765625,
            "virtual_used": 1.604583740234375,
            "virtual_free": 2.142375946044922
        },
        "samples": [
            {
                "cpu_util": 52.4,
                "disk_read": 0.3250589370727539,
                "disk_write": 1.5152606964111328,
                "disk_used": 4.27056884765625,
                "disk_free": 23.73150634765625,
                "virtual_used": 1.6041755676269531,
                "virtual_free": 2.1427841186523438,
                "sample": 1
            },
            {
                "cpu_util": 100.0,
                "disk_read": 0.3250589370727539,
                "disk_write": 1.516347885131836,
                "disk_used": 4.274864196777344,
                "disk_free": 23.727210998535156,
                "virtual_used": 1.6282882690429688,
                "virtual_free": 2.118671417236328,
                "sample": 2
            },
            {
                "cpu_util": 60.0,
                "disk_read": 0.3250589370727539,
                "disk_write": 1.5180377960205078,
                "disk_used": 4.281337738037109,
                "disk_free": 23.72073745727539,
                "virtual_used": 1.6507492065429688,
                "virtual_free": 2.096210479736328,
                "sample": 3
            },
            {
                "cpu_util": 55.0,
                "disk_read": 0.3250589370727539,
                "disk_write": 1.5207653045654297,
                "disk_used": 4.281337738037109,
                "disk_free": 23.72073745727539,
                "virtual_used": 1.6482048034667969,
                "virtual_free": 2.0987548828125,
                "sample": 4
            },
            {
                "cpu_util": 52.4,
                "disk_read": 0.3250589370727539,
                "disk_write": 1.5234012603759766,
                "disk_used": 4.281337738037109,
                "disk_free": 23.72073745727539,
                "virtual_used": 1.6532669067382812,
                "virtual_free": 2.0936927795410156,
                "sample": 5
            },
            {
                "cpu_util": 47.4,
                "disk_read": 0.3250589370727539,
                "disk_write": 1.524862289428711,
                "disk_used": 4.281337738037109,
                "disk_free": 23.72073745727539,
                "virtual_used": 1.6401824951171875,
                "virtual_free": 2.1067771911621094,
                "sample": 6
            }
        ],
        "response_time": 1.100496530532837
    }
}