{
    "delete": {
        "baseline": {
            "cpu_util": 0.0,
            "disk_read": 0.4695167541503906,
            "disk_write": 4.509096145629883,
            "disk_used": 3.9813995361328125,
            "disk_free": 24.020675659179688,
            "virtual_used": 0.9783897399902344,
            "virtual_free": 0.8874778747558594
        },
        "samples": [
            {
                "cpu_util": 4.8,
                "disk_read": 0.4695167541503906,
                "disk_write": 4.509099960327148,
                "disk_used": 3.9813995361328125,
                "disk_free": 24.020675659179688,
                "virtual_used": 0.9783897399902344,
                "virtual_free": 0.8874778747558594,
                "sample": 1
            }
        ],
        "response_time": 0.0014145374298095703
    },
    "create": {
        "baseline": {
            "cpu_util": 0.0,
            "disk_read": 0.4695167541503906,
            "disk_write": 4.509099960327148,
            "disk_used": 3.9813995361328125,
            "disk_free": 24.020675659179688,
            "virtual_used": 0.9783897399902344,
            "virtual_free": 0.8874778747558594
        },
        "samples": [
            {
                "cpu_util": 0.0,
                "disk_read": 0.4695167541503906,
                "disk_write": 4.509279251098633,
                "disk_used": 3.9814109802246094,
                "disk_free": 24.02066421508789,
                "virtual_used": 0.9782905578613281,
                "virtual_free": 0.8875770568847656,
                "sample": 1
            }
        ],
        "response_time": 0.01932382583618164
    },
    "readOneStruct": {
        "baseline": {
            "cpu_util": 0.0,
            "disk_read": 0.4695167541503906,
            "disk_write": 4.509279251098633,
            "disk_used": 3.9814109802246094,
            "disk_free": 24.02066421508789,
            "virtual_used": 0.9782829284667969,
            "virtual_free": 0.8875846862792969
        },
        "samples": [
            {
                "cpu_util": 4.8,
                "disk_read": 0.4695167541503906,
                "disk_write": 4.509279251098633,
                "disk_used": 3.9814109802246094,
                "disk_free": 24.02066421508789,
                "virtual_used": 0.9782829284667969,
                "virtual_free": 0.8875846862792969,
                "sample": 1
            }
        ],
        "response_time": 0.0019690990447998047
    }
}