{
    "delete": {
        "baseline": {
            "cpu_util": 0.0,
            "disk_read": 0.3829684257507324,
            "disk_write": 2.284238815307617,
            "disk_used": 3.870738983154297,
            "disk_free": 24.131336212158203,
            "virtual_used": 0.9776191711425781,
            "virtual_free": 0.8882484436035156
        },
        "samples": [
            {
                "cpu_util": 5.0,
                "disk_read": 0.3829684257507324,
                "disk_write": 2.2842769622802734,
                "disk_used": 3.870738983154297,
                "disk_free": 24.131336212158203,
                "virtual_used": 0.9777946472167969,
                "virtual_free": 0.8880729675292969,
                "sample": 1
            }
        ],
        "response_time": 0.0008988380432128906
    },
    "create": {
        "baseline": {
            "cpu_util": 0.0,
            "disk_read": 0.3829684257507324,
            "disk_write": 2.2842769622802734,
            "disk_used": 3.870738983154297,
            "disk_free": 24.131336212158203,
            "virtual_used": 0.9777030944824219,
            "virtual_free": 0.8881645202636719
        },
        "samples": [
            {
                "cpu_util": 53.8,
                "disk_read": 0.3829684257507324,
                "disk_write": 2.2842769622802734,
                "disk_used": 3.870738983154297,
                "disk_free": 24.131336212158203,
                "virtual_used": 0.9777030944824219,
                "virtual_free": 0.8881645202636719,
                "sample": 1
            },
            {
                "cpu_util": 50.0,
                "disk_read": 0.3829684257507324,
                "disk_write": 2.284395217895508,
                "disk_used": 3.870746612548828,
                "disk_free": 24.131328582763672,
                "virtual_used": 0.9895668029785156,
                "virtual_free": 0.8763008117675781,
                "sample": 2
            },
            {
                "cpu_util": 52.6,
                "disk_read": 0.3829684257507324,
                "disk_write": 2.287412643432617,
                "disk_used": 3.870746612548828,
                "disk_free": 24.131328582763672,
                "virtual_used": 0.9983749389648438,
                "virtual_free": 0.86749267578125,
                "sample": 3
            },
            {
                "cpu_util": 84.2,
                "disk_read": 0.3829684257507324,
                "disk_write": 2.2924938201904297,
                "disk_used": 3.8781890869140625,
                "disk_free": 24.123886108398438,
                "virtual_used": 0.9954566955566406,
                "virtual_free": 0.8704109191894531,
                "sample": 4
            }
        ],
        "response_time": 0.9735252857208252
    },
    "insertOneUnstruct": {
        "baseline": {
            "cpu_util": 0.0,
            "disk_read": 0.3829684257507324,
            "disk_write": 2.293844223022461,
            "disk_used": 3.878490447998047,
            "disk_free": 24.123584747314453,
            "virtual_used": 0.9856300354003906,
            "virtual_free": 0.8802375793457031
        },
        "samples": [
            {
                "cpu_util": 42.9,
                "disk_read": 0.3829684257507324,
                "disk_write": 2.2938480377197266,
                "disk_used": 3.8817214965820312,
                "disk_free": 24.12035369873047,
                "virtual_used": 0.9897727966308594,
                "virtual_free": 0.8760948181152344,
                "sample": 1
            }
        ],
        "response_time": 0.0009262561798095703
    }
}