{
    "delete": {
        "baseline": {
            "cpu_util": 0.0,
            "disk_read": 0.3829684257507324,
            "disk_write": 2.274557113647461,
            "disk_used": 3.8615493774414062,
            "disk_free": 24.140525817871094,
            "virtual_used": 0.9762496948242188,
            "virtual_free": 0.889617919921875
        },
        "samples": [
            {
                "cpu_util": 0.0,
                "disk_read": 0.3829684257507324,
                "disk_write": 2.2745609283447266,
                "disk_used": 3.8615493774414062,
                "disk_free": 24.140525817871094,
                "virtual_used": 0.9762496948242188,
                "virtual_free": 0.889617919921875,
                "sample": 1
            }
        ],
        "response_time": 0.0009236335754394531
    },
    "create": {
        "baseline": {
            "cpu_util": 0.0,
            "disk_read": 0.3829684257507324,
            "disk_write": 2.2745609283447266,
            "disk_used": 3.8615493774414062,
            "disk_free": 24.140525817871094,
            "virtual_used": 0.9762496948242188,
            "virtual_free": 0.889617919921875
        },
        "samples": [
            {
                "cpu_util": 52.3,
                "disk_read": 0.3829684257507324,
                "disk_write": 2.2745609283447266,
                "disk_used": 3.8615493774414062,
                "disk_free": 24.140525817871094,
                "virtual_used": 0.9839401245117188,
                "virtual_free": 0.881927490234375,
                "sample": 1
            },
            {
                "cpu_util": 50.0,
                "disk_read": 0.3829684257507324,
                "disk_write": 2.2747249603271484,
                "disk_used": 3.861560821533203,
                "disk_free": 24.140514373779297,
                "virtual_used": 0.9822998046875,
                "virtual_free": 0.8835678100585938,
                "sample": 2
            },
            {
                "cpu_util": 50.0,
                "disk_read": 0.3829684257507324,
                "disk_write": 2.277219772338867,
                "disk_used": 3.861560821533203,
                "disk_free": 24.140514373779297,
                "virtual_used": 0.9839591979980469,
                "virtual_free": 0.8819084167480469,
                "sample": 3
            },
            {
                "cpu_util": 100.0,
                "disk_read": 0.3829684257507324,
                "disk_write": 2.283113479614258,
                "disk_used": 3.870403289794922,
                "disk_free": 24.131671905517578,
                "virtual_used": 0.986602783203125,
                "virtual_free": 0.8792648315429688,
                "sample": 4
            }
        ],
        "response_time": 1.2333781719207764
    },
    "insertOneUnstruct": {
        "baseline": {
            "cpu_util": 0.0,
            "disk_read": 0.3829684257507324,
            "disk_write": 2.284231185913086,
            "disk_used": 3.870738983154297,
            "disk_free": 24.131336212158203,
            "virtual_used": 0.9855079650878906,
            "virtual_free": 0.8803596496582031
        },
        "samples": [
            {
                "cpu_util": 0.0,
                "disk_read": 0.3829684257507324,
                "disk_write": 2.2842350006103516,
                "disk_used": 3.870738983154297,
                "disk_free": 24.131336212158203,
                "virtual_used": 0.9776229858398438,
                "virtual_free": 0.88824462890625,
                "sample": 1
            }
        ],
        "response_time": 0.0009496212005615234
    }
}