{
    "delete": {
        "baseline": {
            "cpu_util": 0.0,
            "disk_read": 0.6195502281188965,
            "disk_write": 4.12278938293457,
            "disk_used": 3.9758262634277344,
            "disk_free": 24.026248931884766,
            "virtual_used": 1.2702217102050781,
            "virtual_free": 2.4767379760742188
        },
        "samples": [
            {
                "cpu_util": 0.0,
                "disk_read": 0.6195502281188965,
                "disk_write": 4.122793197631836,
                "disk_used": 3.975830078125,
                "disk_free": 24.0262451171875,
                "virtual_used": 1.2702217102050781,
                "virtual_free": 2.4767379760742188,
                "sample": 1
            }
        ],
        "response_time": 0.0009462833404541016
    },
    "create": {
        "baseline": {
            "cpu_util": 0.0,
            "disk_read": 0.6195502281188965,
            "disk_write": 4.122793197631836,
            "disk_used": 3.975830078125,
            "disk_free": 24.0262451171875,
            "virtual_used": 1.2702217102050781,
            "virtual_free": 2.4767379760742188
        },
        "samples": [
            {
                "cpu_util": 5.3,
                "disk_read": 0.6195502281188965,
                "disk_write": 4.12293815612793,
                "disk_used": 3.9763717651367188,
                "disk_free": 24.02570343017578,
                "virtual_used": 1.2642478942871094,
                "virtual_free": 2.4827117919921875,
                "sample": 1
            }
        ],
        "response_time": 0.026302337646484375
    },
    "insertManyStruct": {
        "baseline": {
            "cpu_util": 0.0,
            "disk_read": 0.6195502281188965,
            "disk_write": 4.123014450073242,
            "disk_used": 3.976696014404297,
            "disk_free": 24.025379180908203,
            "virtual_used": 1.267181396484375,
            "virtual_free": 2.479778289794922
        },
        "samples": [
            {
                "cpu_util": 47.8,
                "disk_read": 0.6195502281188965,
                "disk_write": 4.123014450073242,
                "disk_used": 3.976696014404297,
                "disk_free": 24.025379180908203,
                "virtual_used": 1.267181396484375,
                "virtual_free": 2.479778289794922,
                "sample": 1
            },
            {
                "cpu_util": 52.4,
                "disk_read": 0.6195502281188965,
                "disk_write": 4.123014450073242,
                "disk_used": 3.976696014404297,
                "disk_free": 24.025379180908203,
                "virtual_used": 1.2675628662109375,
                "virtual_free": 2.4793968200683594,
                "sample": 2
            },
            {
                "cpu_util": 50.0,
                "disk_read": 0.6195502281188965,
                "disk_write": 4.125017166137695,
                "disk_used": 3.9771385192871094,
                "disk_free": 24.02493667602539,
                "virtual_used": 1.2648582458496094,
                "virtual_free": 2.4821014404296875,
                "sample": 3
            },
            {
                "cpu_util": 95.5,
                "disk_read": 0.6195502281188965,
                "disk_write": 4.127679824829102,
                "disk_used": 3.9823837280273438,
                "disk_free": 24.019691467285156,
                "virtual_used": 1.2816886901855469,
                "virtual_free": 2.46527099609375,
                "sample": 4
            }
        ],
        "response_time": 0.9046082496643066
    }
}