{
    "delete": {
        "baseline": {
            "cpu_util": 52.6,
            "disk_read": 1.4460244178771973,
            "disk_write": 28.910158157348633,
            "disk_used": 5.056217193603516,
            "disk_free": 22.945858001708984,
            "virtual_used": 3.0066299438476562,
            "virtual_free": 0.7403221130371094
        },
        "samples": [
            {
                "cpu_util": 47.6,
                "disk_read": 1.4460244178771973,
                "disk_write": 28.910200119018555,
                "disk_used": 5.056217193603516,
                "disk_free": 22.945858001708984,
                "virtual_used": 3.0066299438476562,
                "virtual_free": 0.7403221130371094,
                "sample": 1
            }
        ],
        "response_time": 0.0010046958923339844
    },
    "create": {
        "baseline": {
            "cpu_util": 55.0,
            "disk_read": 1.4460244178771973,
            "disk_write": 28.910245895385742,
            "disk_used": 5.056217193603516,
            "disk_free": 22.945858001708984,
            "virtual_used": 3.0066299438476562,
            "virtual_free": 0.7403221130371094
        },
        "samples": [
            {
                "cpu_util": 95.0,
                "disk_read": 1.4460244178771973,
                "disk_write": 28.9103946685791,
                "disk_used": 5.0562286376953125,
                "disk_free": 22.945846557617188,
                "virtual_used": 3.0062828063964844,
                "virtual_free": 0.7406692504882812,
                "sample": 1
            }
        ],
        "response_time": 0.12086319923400879
    },
    "updateOneStruct": {
        "baseline": {
            "cpu_util": 50.0,
            "disk_read": 1.4460244178771973,
            "disk_write": 28.910898208618164,
            "disk_used": 5.0562286376953125,
            "disk_free": 22.945846557617188,
            "virtual_used": 3.0058975219726562,
            "virtual_free": 0.7410545349121094
        },
        "samples": [
            {
                "cpu_util": 57.9,
                "disk_read": 1.4460244178771973,
                "disk_write": 28.910932540893555,
                "disk_used": 5.0562286376953125,
                "disk_free": 22.945846557617188,
                "virtual_used": 3.0058517456054688,
                "virtual_free": 0.7411003112792969,
                "sample": 1
            }
        ],
        "response_time": 0.010876178741455078
    }
}