{
    "delete": {
        "baseline": {
            "cpu_util": 0.0,
            "disk_read": 0.46949005126953125,
            "disk_write": 4.396940231323242,
            "disk_used": 3.875701904296875,
            "disk_free": 24.126373291015625,
            "virtual_used": 0.9503211975097656,
            "virtual_free": 0.9155464172363281
        },
        "samples": [
            {
                "cpu_util": 0.0,
                "disk_read": 0.46949005126953125,
                "disk_write": 4.396944046020508,
                "disk_used": 3.8757057189941406,
                "disk_free": 24.12636947631836,
                "virtual_used": 0.9503211975097656,
                "virtual_free": 0.9155464172363281,
                "sample": 1
            }
        ],
        "response_time": 0.0009529590606689453
    },
    "create": {
        "baseline": {
            "cpu_util": 0.0,
            "disk_read": 0.46949005126953125,
            "disk_write": 4.396944046020508,
            "disk_used": 3.8757057189941406,
            "disk_free": 24.12636947631836,
            "virtual_used": 0.9503211975097656,
            "virtual_free": 0.9155464172363281
        },
        "samples": [
            {
                "cpu_util": 9.5,
                "disk_read": 0.46949005126953125,
                "disk_write": 4.397092819213867,
                "disk_used": 3.875713348388672,
                "disk_free": 24.126361846923828,
                "virtual_used": 0.9503211975097656,
                "virtual_free": 0.9155464172363281,
                "sample": 1
            }
        ],
        "response_time": 0.0325319766998291
    },
    "updateOneStruct": {
        "baseline": {
            "cpu_util": 0.0,
            "disk_read": 0.46949005126953125,
            "disk_write": 4.397165298461914,
            "disk_used": 3.875713348388672,
            "disk_free": 24.126361846923828,
            "virtual_used": 0.9503211975097656,
            "virtual_free": 0.9155464172363281
        },
        "samples": [
            {
                "cpu_util": 4.5,
                "disk_read": 0.46949005126953125,
                "disk_write": 4.39716911315918,
                "disk_used": 3.875713348388672,
                "disk_free": 24.126361846923828,
                "virtual_used": 0.9503211975097656,
                "virtual_free": 0.9155464172363281,
                "sample": 1
            }
        ],
        "response_time": 0.003208160400390625
    }
}