{
    "delete": {
        "baseline": {
            "cpu_util": 0.0,
            "disk_read": 0.46949005126953125,
            "disk_write": 4.39716911315918,
            "disk_used": 3.8757171630859375,
            "disk_free": 24.126358032226562,
            "virtual_used": 0.9505615234375,
            "virtual_free": 0.9153060913085938
        },
        "samples": [
            {
                "cpu_util": 5.0,
                "disk_read": 0.46949005126953125,
                "disk_write": 4.397172927856445,
                "disk_used": 3.8757171630859375,
                "disk_free": 24.126358032226562,
                "virtual_used": 0.9505615234375,
                "virtual_free": 0.9153060913085938,
                "sample": 1
            }
        ],
        "response_time": 0.0026421546936035156
    },
    "create": {
        "baseline": {
            "cpu_util": 0.0,
            "disk_read": 0.46949005126953125,
            "disk_write": 4.397172927856445,
            "disk_used": 3.8757171630859375,
            "disk_free": 24.126358032226562,
            "virtual_used": 0.9505615234375,
            "virtual_free": 0.9153060913085938
        },
        "samples": [
            {
                "cpu_util": 15.0,
                "disk_read": 0.46949005126953125,
                "disk_write": 4.397321701049805,
                "disk_used": 3.8757247924804688,
                "disk_free": 24.12635040283203,
                "virtual_used": 0.9505615234375,
                "virtual_free": 0.9153060913085938,
                "sample": 1
            }
        ],
        "response_time": 0.04387068748474121
    },
    "updateOneStruct": {
        "baseline": {
            "cpu_util": 4.8,
            "disk_read": 0.46949005126953125,
            "disk_write": 4.397394180297852,
            "disk_used": 3.8757247924804688,
            "disk_free": 24.12635040283203,
            "virtual_used": 0.9504280090332031,
            "virtual_free": 0.9154396057128906
        },
        "samples": [
            {
                "cpu_util": 0.0,
                "disk_read": 0.46949005126953125,
                "disk_write": 4.397397994995117,
                "disk_used": 3.8757247924804688,
                "disk_free": 24.12635040283203,
                "virtual_used": 0.9504280090332031,
                "virtual_free": 0.9154396057128906,
                "sample": 1
            }
        ],
        "response_time": 0.006255626678466797
    }
}