{
    "delete": {
        "baseline": {
            "cpu_util": 0.0,
            "disk_read": 0.4691429138183594,
            "disk_write": 3.9966297149658203,
            "disk_used": 3.8581886291503906,
            "disk_free": 24.14388656616211,
            "virtual_used": 1.1211700439453125,
            "virtual_free": 0.7446975708007812
        },
        "samples": [
            {
                "cpu_util": 0.0,
                "disk_read": 0.4691429138183594,
                "disk_write": 3.9966793060302734,
                "disk_used": 3.8581886291503906,
                "disk_free": 24.14388656616211,
                "virtual_used": 1.1211662292480469,
                "virtual_free": 0.7447013854980469,
                "sample": 1
            }
        ],
        "response_time": 0.0009775161743164062
    },
    "create": {
        "baseline": {
            "cpu_util": 0.0,
            "disk_read": 0.4691429138183594,
            "disk_write": 3.9966793060302734,
            "disk_used": 3.8581886291503906,
            "disk_free": 24.14388656616211,
            "virtual_used": 1.1211471557617188,
            "virtual_free": 0.744720458984375
        },
        "samples": [
            {
                "cpu_util": 48.9,
                "disk_read": 0.4691429138183594,
                "disk_write": 3.9966983795166016,
                "disk_used": 3.8581886291503906,
                "disk_free": 24.14388656616211,
                "virtual_used": 1.1211433410644531,
                "virtual_free": 0.7447242736816406,
                "sample": 1
            },
            {
                "cpu_util": 56.5,
                "disk_read": 0.4691429138183594,
                "disk_write": 3.9966983795166016,
                "disk_used": 3.8581886291503906,
                "disk_free": 24.14388656616211,
                "virtual_used": 1.1190681457519531,
                "virtual_free": 0.7467994689941406,
                "sample": 2
            },
            {
                "cpu_util": 59.1,
                "disk_read": 0.4691429138183594,
                "disk_write": 3.9983081817626953,
                "disk_used": 3.8582000732421875,
                "disk_free": 24.143875122070312,
                "virtual_used": 1.1205940246582031,
                "virtual_free": 0.7452735900878906,
                "sample": 3
            },
            {
                "cpu_util": 36.8,
                "disk_read": 0.4691429138183594,
                "disk_write": 4.001005172729492,
                "disk_used": 3.8582000732421875,
                "disk_free": 24.143875122070312,
                "virtual_used": 1.1224250793457031,
                "virtual_free": 0.7434425354003906,
                "sample": 4
            }
        ],
        "response_time": 0.9722163677215576
    },
    "replaceOneStruct": {
        "baseline": {
            "cpu_util": 15.8,
            "disk_read": 0.4691429138183594,
            "disk_write": 4.00151252746582,
            "disk_used": 3.8633995056152344,
            "disk_free": 24.138675689697266,
            "virtual_used": 1.13214111328125,
            "virtual_free": 0.7337265014648438
        },
        "samples": [
            {
                "cpu_util": 35.0,
                "disk_read": 0.4691429138183594,
                "disk_write": 4.00151252746582,
                "disk_used": 3.8633995056152344,
                "disk_free": 24.138675689697266,
                "virtual_used": 1.13214111328125,
                "virtual_free": 0.7337265014648438,
                "sample": 1
            }
        ],
        "response_time": 0.06256961822509766
    }
}