{
    "delete": {
        "baseline": {
            "cpu_util": 0.0,
            "disk_read": 0.32329702377319336,
            "disk_write": 0.7609004974365234,
            "disk_used": 3.7946014404296875,
            "disk_free": 24.207473754882812,
            "virtual_used": 1.0339546203613281,
            "virtual_free": 2.7130050659179688
        },
        "samples": [
            {
                "cpu_util": 0.0,
                "disk_read": 0.32329702377319336,
                "disk_write": 0.7609043121337891,
                "disk_used": 3.794605255126953,
                "disk_free": 24.207469940185547,
                "virtual_used": 1.0339508056640625,
                "virtual_free": 2.7130088806152344,
                "sample": 1
            }
        ],
        "response_time": 0.0008509159088134766
    },
    "create": {
        "baseline": {
            "cpu_util": 0.0,
            "disk_read": 0.32329702377319336,
            "disk_write": 0.7609043121337891,
            "disk_used": 3.794605255126953,
            "disk_free": 24.207469940185547,
            "virtual_used": 1.0339508056640625,
            "virtual_free": 2.7130088806152344
        },
        "samples": [
            {
                "cpu_util": 40.9,
                "disk_read": 0.32329702377319336,
                "disk_write": 0.7615871429443359,
                "disk_used": 3.7946128845214844,
                "disk_free": 24.207462310791016,
                "virtual_used": 1.0333061218261719,
                "virtual_free": 2.713653564453125,
                "sample": 1
            }
        ],
        "response_time": 0.09857559204101562
    },
    "replaceOneUnstruct": {
        "baseline": {
            "cpu_util": 0.0,
            "disk_read": 0.32329702377319336,
            "disk_write": 0.7620220184326172,
            "disk_used": 3.7946128845214844,
            "disk_free": 24.207462310791016,
            "virtual_used": 1.0333061218261719,
            "virtual_free": 2.713653564453125
        },
        "samples": [
            {
                "cpu_util": 4.8,
                "disk_read": 0.32329702377319336,
                "disk_write": 0.7620258331298828,
                "disk_used": 3.7946128845214844,
                "disk_free": 24.207462310791016,
                "virtual_used": 1.0335464477539062,
                "virtual_free": 2.7134132385253906,
                "sample": 1
            }
        ],
        "response_time": 0.008780956268310547
    }
}