{
    "delete": {
        "baseline": {
            "cpu_util": 0.0,
            "disk_read": 0.32329702377319336,
            "disk_write": 0.7786312103271484,
            "disk_used": 3.7975082397460938,
            "disk_free": 24.204566955566406,
            "virtual_used": 1.03961181640625,
            "virtual_free": 2.707347869873047
        },
        "samples": [
            {
                "cpu_util": 0.0,
                "disk_read": 0.32329702377319336,
                "disk_write": 0.7786350250244141,
                "disk_used": 3.7975082397460938,
                "disk_free": 24.204566955566406,
                "virtual_used": 1.03961181640625,
                "virtual_free": 2.707347869873047,
                "sample": 1
            }
        ],
        "response_time": 0.0007798671722412109
    },
    "create": {
        "baseline": {
            "cpu_util": 0.0,
            "disk_read": 0.32329702377319336,
            "disk_write": 0.7786350250244141,
            "disk_used": 3.7975082397460938,
            "disk_free": 24.204566955566406,
            "virtual_used": 1.03961181640625,
            "virtual_free": 2.707347869873047
        },
        "samples": [
            {
                "cpu_util": 30.0,
                "disk_read": 0.32329702377319336,
                "disk_write": 0.7793674468994141,
                "disk_used": 3.7975196838378906,
                "disk_free": 24.20455551147461,
                "virtual_used": 1.0405616760253906,
                "virtual_free": 2.7063980102539062,
                "sample": 1
            }
        ],
        "response_time": 0.0884864330291748
    },
    "replaceOneUnstruct": {
        "baseline": {
            "cpu_util": 4.8,
            "disk_read": 0.32329702377319336,
            "disk_write": 0.7797565460205078,
            "disk_used": 3.7975196838378906,
            "disk_free": 24.20455551147461,
            "virtual_used": 1.0404586791992188,
            "virtual_free": 2.706501007080078
        },
        "samples": [
            {
                "cpu_util": 10.0,
                "disk_read": 0.32329702377319336,
                "disk_write": 0.7797603607177734,
                "disk_used": 3.7975196838378906,
                "disk_free": 24.20455551147461,
                "virtual_used": 1.0409355163574219,
                "virtual_free": 2.706024169921875,
                "sample": 1
            }
        ],
        "response_time": 0.008972883224487305
    }
}