{
    "delete": {
        "baseline": {
            "cpu_util": 52.6,
            "disk_read": 1.4436326026916504,
            "disk_write": 28.78470802307129,
            "disk_used": 4.948375701904297,
            "disk_free": 23.053699493408203,
            "virtual_used": 2.996856689453125,
            "virtual_free": 0.7500953674316406
        },
        "samples": [
            {
                "cpu_util": 50.0,
                "disk_read": 1.4436326026916504,
                "disk_write": 28.784711837768555,
                "disk_used": 4.948375701904297,
                "disk_free": 23.053699493408203,
                "virtual_used": 2.996856689453125,
                "virtual_free": 0.7500953674316406,
                "sample": 1
            }
        ],
        "response_time": 0.0009906291961669922
    },
    "create": {
        "baseline": {
            "cpu_util": 52.6,
            "disk_read": 1.4436326026916504,
            "disk_write": 28.784761428833008,
            "disk_used": 4.948375701904297,
            "disk_free": 23.053699493408203,
            "virtual_used": 2.9968490600585938,
            "virtual_free": 0.7501029968261719
        },
        "samples": [
            {
                "cpu_util": 55.0,
                "disk_read": 1.4436326026916504,
                "disk_write": 28.784902572631836,
                "disk_used": 4.948387145996094,
                "disk_free": 23.053688049316406,
                "virtual_used": 2.996826171875,
                "virtual_free": 0.7501258850097656,
                "sample": 1
            }
        ],
        "response_time": 0.02093791961669922
    },
    "replaceOneStruct": {
        "baseline": {
            "cpu_util": 50.0,
            "disk_read": 1.4436326026916504,
            "disk_write": 28.784940719604492,
            "disk_used": 4.948387145996094,
            "disk_free": 23.053688049316406,
            "virtual_used": 2.996826171875,
            "virtual_free": 0.7501258850097656
        },
        "samples": [
            {
                "cpu_util": 50.0,
                "disk_read": 1.4436326026916504,
                "disk_write": 28.78495979309082,
                "disk_used": 4.948387145996094,
                "disk_free": 23.053688049316406,
                "virtual_used": 2.996826171875,
                "virtual_free": 0.7501258850097656,
                "sample": 1
            }
        ],
        "response_time": 0.0019490718841552734
    }
}