{
    "delete": {
        "baseline": {
            "cpu_util": 0.0,
            "disk_read": 0.6195502281188965,
            "disk_write": 4.290277481079102,
            "disk_used": 3.9760665893554688,
            "disk_free": 24.02600860595703,
            "virtual_used": 1.2186546325683594,
            "virtual_free": 2.5283050537109375
        },
        "samples": [
            {
                "cpu_util": 0.0,
                "disk_read": 0.6195502281188965,
                "disk_write": 4.290281295776367,
                "disk_used": 3.9760704040527344,
                "disk_free": 24.026004791259766,
                "virtual_used": 1.2186546325683594,
                "virtual_free": 2.5283050537109375,
                "sample": 1
            }
        ],
        "response_time": 0.0011737346649169922
    },
    "create": {
        "baseline": {
            "cpu_util": 4.8,
            "disk_read": 0.6195502281188965,
            "disk_write": 4.295442581176758,
            "disk_used": 3.9760704040527344,
            "disk_free": 24.026004791259766,
            "virtual_used": 1.2186241149902344,
            "virtual_free": 2.5283355712890625
        },
        "samples": [
            {
                "cpu_util": 5.3,
                "disk_read": 0.6195502281188965,
                "disk_write": 4.295637130737305,
                "disk_used": 3.9760780334472656,
                "disk_free": 24.025997161865234,
                "virtual_used": 1.2186203002929688,
                "virtual_free": 2.528339385986328,
                "sample": 1
            }
        ],
        "response_time": 0.0208437442779541
    },
    "replaceOneStruct": {
        "baseline": {
            "cpu_util": 0.0,
            "disk_read": 0.6195502281188965,
            "disk_write": 4.295637130737305,
            "disk_used": 3.9760780334472656,
            "disk_free": 24.025997161865234,
            "virtual_used": 1.2186164855957031,
            "virtual_free": 2.5283432006835938
        },
        "samples": [
            {
                "cpu_util": 0.0,
                "disk_read": 0.6195502281188965,
                "disk_write": 4.29564094543457,
                "disk_used": 3.9760780334472656,
                "disk_free": 24.025997161865234,
                "virtual_used": 1.2186164855957031,
                "virtual_free": 2.5283432006835938,
                "sample": 1
            }
        ],
        "response_time": 0.0018002986907958984
    }
}