{
    "delete": {
        "baseline": {
            "cpu_util": 4.8,
            "disk_read": 0.3282046318054199,
            "disk_write": 1.5359210968017578,
            "disk_used": 4.295806884765625,
            "disk_free": 23.706268310546875,
            "virtual_used": 1.6771430969238281,
            "virtual_free": 2.069812774658203
        },
        "samples": [
            {
                "cpu_util": 0.0,
                "disk_read": 0.3282046318054199,
                "disk_write": 1.5359249114990234,
                "disk_used": 4.295806884765625,
                "disk_free": 23.706268310546875,
                "virtual_used": 1.6771430969238281,
                "virtual_free": 2.069812774658203,
                "sample": 1
            }
        ],
        "response_time": 0.0009379386901855469
    },
    "create": {
        "baseline": {
            "cpu_util": 55.0,
            "disk_read": 0.3282046318054199,
            "disk_write": 1.5359249114990234,
            "disk_used": 4.300601959228516,
            "disk_free": 23.701473236083984,
            "virtual_used": 1.6878471374511719,
            "virtual_free": 2.0591087341308594
        },
        "samples": [
            {
                "cpu_util": 79.2,
                "disk_read": 0.3282046318054199,
                "disk_write": 1.5359249114990234,
                "disk_used": 4.303657531738281,
                "disk_free": 23.69841766357422,
                "virtual_used": 1.7034111022949219,
                "virtual_free": 2.0435447692871094,
                "sample": 1
            },
            {
                "cpu_util": 54.5,
                "disk_read": 0.3282046318054199,
                "disk_write": 1.5361461639404297,
                "disk_used": 4.3036651611328125,
                "disk_free": 23.698410034179688,
                "virtual_used": 1.696258544921875,
                "virtual_free": 2.0506973266601562,
                "sample": 2
            },
            {
                "cpu_util": 47.6,
                "disk_read": 0.3282046318054199,
                "disk_write": 1.5396709442138672,
                "disk_used": 4.3036651611328125,
                "disk_free": 23.698410034179688,
                "virtual_used": 1.6992378234863281,
                "virtual_free": 2.047718048095703,
                "sample": 3
            },
            {
                "cpu_util": 15.8,
                "disk_read": 0.3282046318054199,
                "disk_write": 1.545663833618164,
                "disk_used": 4.303668975830078,
                "disk_free": 23.698406219482422,
                "virtual_used": 1.7035484313964844,
                "virtual_free": 2.043407440185547,
                "sample": 4
            }
        ],
        "response_time": 0.7997984886169434
    },
    "updateManyUnstruct": {
        "baseline": {
            "cpu_util": 33.3,
            "disk_read": 0.3282046318054199,
            "disk_write": 1.545663833618164,
            "disk_used": 4.3072357177734375,
            "disk_free": 23.694839477539062,
            "virtual_used": 1.7079734802246094,
            "virtual_free": 2.038982391357422
        },
        "samples": [
            {
                "cpu_util": 85.0,
                "disk_read": 0.3282046318054199,
                "disk_write": 1.5457744598388672,
                "disk_used": 4.3140106201171875,
                "disk_free": 23.688064575195312,
                "virtual_used": 1.7234268188476562,
                "virtual_free": 2.023529052734375,
                "sample": 1
            },
            {
                "cpu_util": 47.6,
                "disk_read": 0.3282046318054199,
                "disk_write": 1.5478229522705078,
                "disk_used": 4.3140106201171875,
                "disk_free": 23.688064575195312,
                "virtual_used": 1.7285079956054688,
                "virtual_free": 2.0184478759765625,
                "sample": 2
            },
            {
                "cpu_util": 52.4,
                "disk_read": 0.3282046318054199,
                "disk_write": 1.5506954193115234,
                "disk_used": 4.3140106201171875,
                "disk_free": 23.688064575195312,
                "virtual_used": 1.7257804870605469,
                "virtual_free": 2.0211753845214844,
                "sample": 3
            },
            {
                "cpu_util": 47.6,
                "disk_read": 0.3282046318054199,
                "disk_write": 1.5534305572509766,
                "disk_used": 4.3140106201171875,
                "disk_free": 23.688064575195312,
                "virtual_used": 1.7231292724609375,
                "virtual_free": 2.0238265991210938,
                "sample": 4
            },
            {
                "cpu_util": 56.5,
                "disk_read": 0.3282046318054199,
                "disk_write": 1.5563297271728516,
                "disk_used": 4.3140106201171875,
                "disk_free": 23.688064575195312,
                "virtual_used": 1.7283668518066406,
                "virtual_free": 2.0185890197753906,
                "sample": 5
            }
        ],
        "response_time": 0.9786128997802734
    }
}