{
    "delete": {
        "baseline": {
            "cpu_util": 76.2,
            "disk_read": 0.9995265007019043,
            "disk_write": 16.172929763793945,
            "disk_used": 4.209716796875,
            "disk_free": 23.7923583984375,
            "virtual_used": 2.6347312927246094,
            "virtual_free": 1.1122245788574219
        },
        "samples": [
            {
                "cpu_util": 0.0,
                "disk_read": 0.9995265007019043,
                "disk_write": 16.17293357849121,
                "disk_used": 4.209716796875,
                "disk_free": 23.7923583984375,
                "virtual_used": 2.6347312927246094,
                "virtual_free": 1.1122245788574219,
                "sample": 1
            }
        ],
        "response_time": 0.0010492801666259766
    },
    "create": {
        "baseline": {
            "cpu_util": 0.0,
            "disk_read": 0.9995265007019043,
            "disk_write": 16.17293357849121,
            "disk_used": 4.209716796875,
            "disk_free": 23.7923583984375,
            "virtual_used": 2.6346969604492188,
            "virtual_free": 1.1122589111328125
        },
        "samples": [
            {
                "cpu_util": 50.0,
                "disk_read": 0.9995265007019043,
                "disk_write": 16.17293357849121,
                "disk_used": 4.209716796875,
                "disk_free": 23.7923583984375,
                "virtual_used": 2.6346969604492188,
                "virtual_free": 1.1122589111328125,
                "sample": 1
            },
            {
                "cpu_util": 55.2,
                "disk_read": 0.9995608329772949,
                "disk_write": 16.17293357849121,
                "disk_used": 4.209743499755859,
                "disk_free": 23.79233169555664,
                "virtual_used": 2.6353797912597656,
                "virtual_free": 1.1115760803222656,
                "sample": 2
            },
            {
                "cpu_util": 48.0,
                "disk_read": 0.9995608329772949,
                "disk_write": 16.17293357849121,
                "disk_used": 4.209743499755859,
                "disk_free": 23.79233169555664,
                "virtual_used": 2.6356163024902344,
                "virtual_free": 1.1113395690917969,
                "sample": 3
            },
            {
                "cpu_util": 54.2,
                "disk_read": 0.9995608329772949,
                "disk_write": 16.17293357849121,
                "disk_used": 4.209743499755859,
                "disk_free": 23.79233169555664,
                "virtual_used": 2.6356163024902344,
                "virtual_free": 1.1113395690917969,
                "sample": 4
            },
            {
                "cpu_util": 50.8,
                "disk_read": 0.9995608329772949,
                "disk_write": 16.17293357849121,
                "disk_used": 4.209743499755859,
                "disk_free": 23.79233169555664,
                "virtual_used": 2.6355552673339844,
                "virtual_free": 1.1114006042480469,
                "sample": 5
            },
            {
                "cpu_util": 50.0,
                "disk_read": 0.9995608329772949,
                "disk_write": 16.17293357849121,
                "disk_used": 4.209743499755859,
                "disk_free": 23.79233169555664,
                "virtual_used": 2.6355552673339844,
                "virtual_free": 1.1114006042480469,
                "sample": 6
            },
            {
                "cpu_util": 52.6,
                "disk_read": 0.9995608329772949,
                "disk_write": 16.174531936645508,
                "disk_used": 4.209751129150391,
                "disk_free": 23.79232406616211,
                "virtual_used": 2.657917022705078,
                "virtual_free": 1.0890388488769531,
                "sample": 7
            },
            {
                "cpu_util": 75.0,
                "disk_read": 0.9995608329772949,
                "disk_write": 16.17722511291504,
                "disk_used": 4.213100433349609,
                "disk_free": 23.78897476196289,
                "virtual_used": 2.6672401428222656,
                "virtual_free": 1.0797157287597656,
                "sample": 8
            },
            {
                "cpu_util": 57.1,
                "disk_read": 0.9995608329772949,
                "disk_write": 16.177797317504883,
                "disk_used": 4.213100433349609,
                "disk_free": 23.78897476196289,
                "virtual_used": 2.66033935546875,
                "virtual_free": 1.0866165161132812,
                "sample": 9
            },
            {
                "cpu_util": 52.4,
                "disk_read": 0.9995608329772949,
                "disk_write": 16.180753707885742,
                "disk_used": 4.213100433349609,
                "disk_free": 23.78897476196289,
                "virtual_used": 2.664226531982422,
                "virtual_free": 1.0827293395996094,
                "sample": 10
            },
            {
                "cpu_util": 50.0,
                "disk_read": 0.9995608329772949,
                "disk_write": 16.1824893951416,
                "disk_used": 4.213100433349609,
                "disk_free": 23.78897476196289,
                "virtual_used": 2.6751022338867188,
                "virtual_free": 1.0718536376953125,
                "sample": 11
            },
            {
                "cpu_util": 59.1,
                "disk_read": 0.9995608329772949,
                "disk_write": 16.18451499938965,
                "disk_used": 4.213100433349609,
                "disk_free": 23.78897476196289,
                "virtual_used": 2.665557861328125,
                "virtual_free": 1.0813980102539062,
                "sample": 12
            },
            {
                "cpu_util": 100.0,
                "disk_read": 0.9995608329772949,
                "disk_write": 16.187170028686523,
                "disk_used": 4.221080780029297,
                "disk_free": 23.780994415283203,
                "virtual_used": 2.675617218017578,
                "virtual_free": 1.0713386535644531,
                "sample": 13
            },
            {
                "cpu_util": 66.7,
                "disk_read": 0.9995608329772949,
                "disk_write": 16.18723487854004,
                "disk_used": 4.226161956787109,
                "disk_free": 23.77591323852539,
                "virtual_used": 2.711475372314453,
                "virtual_free": 1.0354804992675781,
                "sample": 14
            },
            {
                "cpu_util": 47.4,
                "disk_read": 0.9995646476745605,
                "disk_write": 16.189149856567383,
                "disk_used": 4.226161956787109,
                "disk_free": 23.77591323852539,
                "virtual_used": 2.6960716247558594,
                "virtual_free": 1.0508842468261719,
                "sample": 15
            },
            {
                "cpu_util": 52.0,
                "disk_read": 0.9995646476745605,
                "disk_write": 16.191923141479492,
                "disk_used": 4.226161956787109,
                "disk_free": 23.77591323852539,
                "virtual_used": 2.7116355895996094,
                "virtual_free": 1.0353202819824219,
                "sample": 16
            },
            {
                "cpu_util": 50.0,
                "disk_read": 0.9995646476745605,
                "disk_write": 16.194581985473633,
                "disk_used": 4.226161956787109,
                "disk_free": 23.77591323852539,
                "virtual_used": 2.6956710815429688,
                "virtual_free": 1.0512847900390625,
                "sample": 17
            },
            {
                "cpu_util": 54.5,
                "disk_read": 0.9995646476745605,
                "disk_write": 16.196596145629883,
                "disk_used": 4.226299285888672,