{
    "delete": {
        "baseline": {
            "cpu_util": 0.0,
            "disk_read": 0.5024294853210449,
            "disk_write": 5.240041732788086,
            "disk_used": 3.8542861938476562,
            "disk_free": 24.147789001464844,
            "virtual_used": 1.0131912231445312,
            "virtual_free": 0.8526763916015625
        },
        "samples": [
            {
                "cpu_util": 0.0,
                "disk_read": 0.5024294853210449,
                "disk_write": 5.240045547485352,
                "disk_used": 3.8542861938476562,
                "disk_free": 24.147789001464844,
                "virtual_used": 1.0131874084472656,
                "virtual_free": 0.8526802062988281,
                "sample": 1
            }
        ],
        "response_time": 0.0008416175842285156
    },
    "create": {
        "baseline": {
            "cpu_util": 4.8,
            "disk_read": 0.5024294853210449,
            "disk_write": 5.240045547485352,
            "disk_used": 3.8542861938476562,
            "disk_free": 24.147789001464844,
            "virtual_used": 1.0131759643554688,
            "virtual_free": 0.852691650390625
        },
        "samples": [
            {
                "cpu_util": 0.0,
                "disk_read": 0.5024294853210449,
                "disk_write": 5.240243911743164,
                "disk_used": 3.8542938232421875,
                "disk_free": 24.147781372070312,
                "virtual_used": 1.0131683349609375,
                "virtual_free": 0.8526992797851562,
                "sample": 1
            }
        ],
        "response_time": 0.0217893123626709
    },
    "insertOneStruct": {
        "baseline": {
            "cpu_util": 0.0,
            "disk_read": 0.5024294853210449,
            "disk_write": 5.240243911743164,
            "disk_used": 3.854297637939453,
            "disk_free": 24.147777557373047,
            "virtual_used": 1.0131683349609375,
            "virtual_free": 0.8526992797851562
        },
        "samples": [
            {
                "cpu_util": 0.0,
                "disk_read": 0.5024294853210449,
                "disk_write": 5.24024772644043,
                "disk_used": 3.854297637939453,
                "disk_free": 24.147777557373047,
                "virtual_used": 1.00592041015625,
                "virtual_free": 0.8599472045898438,
                "sample": 1
            }
        ],
        "response_time": 0.0007264614105224609
    }
}