{
    "delete": {
        "baseline": {
            "cpu_util": 0.0,
            "disk_read": 0.5851378440856934,
            "disk_write": 3.540647506713867,
            "disk_used": 5.7422943115234375,
            "disk_free": 22.259780883789062,
            "virtual_used": 0.9997787475585938,
            "virtual_free": 0.8660850524902344
        },
        "samples": [
            {
                "cpu_util": 0.0,
                "disk_read": 0.5851378440856934,
                "disk_write": 3.540651321411133,
                "disk_used": 5.742298126220703,
                "disk_free": 22.259777069091797,
                "virtual_used": 0.9997787475585938,
                "virtual_free": 0.8660850524902344,
                "sample": 1
            }
        ],
        "response_time": 0.0010020732879638672
    },
    "create": {
        "baseline": {
            "cpu_util": 0.0,
            "disk_read": 0.5851378440856934,
            "disk_write": 3.540651321411133,
            "disk_used": 5.742298126220703,
            "disk_free": 22.259777069091797,
            "virtual_used": 0.9920234680175781,
            "virtual_free": 0.87384033203125
        },
        "samples": [
            {
                "cpu_util": 50.8,
                "disk_read": 0.5851378440856934,
                "disk_write": 3.540651321411133,
                "disk_used": 5.742298126220703,
                "disk_free": 22.259777069091797,
                "virtual_used": 0.9922637939453125,
                "virtual_free": 0.8736000061035156,
                "sample": 1
            },
            {
                "cpu_util": 52.2,
                "disk_read": 0.5851378440856934,
                "disk_write": 3.540708541870117,
                "disk_used": 5.742301940917969,
                "disk_free": 22.25977325439453,
                "virtual_used": 1.0093917846679688,
                "virtual_free": 0.8564720153808594,
                "sample": 2
            },
            {
                "cpu_util": 50.0,
                "disk_read": 0.5851378440856934,
                "disk_write": 3.5429210662841797,
                "disk_used": 5.742305755615234,
                "disk_free": 22.259769439697266,
                "virtual_used": 1.0109329223632812,
                "virtual_free": 0.8549308776855469,
                "sample": 3
            },
            {
                "cpu_util": 78.9,
                "disk_read": 0.5851378440856934,
                "disk_write": 3.5487842559814453,
                "disk_used": 5.750038146972656,
                "disk_free": 22.252037048339844,
                "virtual_used": 1.0161018371582031,
                "virtual_free": 0.849761962890625,
                "sample": 4
            }
        ],
        "response_time": 0.9971117973327637
    },
    "aggregateUnstruct": {
        "baseline": {
            "cpu_util": 10.5,
            "disk_read": 0.5851378440856934,
            "disk_write": 3.5502147674560547,
            "disk_used": 5.7519989013671875,
            "disk_free": 22.250076293945312,
            "virtual_used": 1.0144081115722656,
            "virtual_free": 0.8514556884765625
        },
        "samples": [
            {
                "cpu_util": 35.0,
                "disk_read": 0.5851378440856934,
                "disk_write": 3.5502147674560547,
                "disk_used": 5.752143859863281,
                "disk_free": 22.24993133544922,
                "virtual_used": 1.015289306640625,
                "virtual_free": 0.8505744934082031,
                "sample": 1
            }
        ],
        "response_time": 0.06626439094543457
    }
}