{
    "delete": {
        "baseline": {
            "cpu_util": 0.0,
            "disk_read": 0.5851378440856934,
            "disk_write": 3.5106143951416016,
            "disk_used": 5.6146240234375,
            "disk_free": 22.387451171875,
            "virtual_used": 1.0075187683105469,
            "virtual_free": 0.8583450317382812
        },
        "samples": [
            {
                "cpu_util": 0.0,
                "disk_read": 0.5851378440856934,
                "disk_write": 3.510618209838867,
                "disk_used": 5.614627838134766,
                "disk_free": 22.387447357177734,
                "virtual_used": 1.0075149536132812,
                "virtual_free": 0.8583488464355469,
                "sample": 1
            }
        ],
        "response_time": 0.0008733272552490234
    },
    "create": {
        "baseline": {
            "cpu_util": 0.0,
            "disk_read": 0.5851378440856934,
            "disk_write": 3.510618209838867,
            "disk_used": 5.614627838134766,
            "disk_free": 22.387447357177734,
            "virtual_used": 1.0075149536132812,
            "virtual_free": 0.8583488464355469
        },
        "samples": [
            {
                "cpu_util": 50.7,
                "disk_read": 0.5851378440856934,
                "disk_write": 3.510618209838867,
                "disk_used": 5.614627838134766,
                "disk_free": 22.387447357177734,
                "virtual_used": 1.0075149536132812,
                "virtual_free": 0.8583488464355469,
                "sample": 1
            },
            {
                "cpu_util": 50.0,
                "disk_read": 0.5851378440856934,
                "disk_write": 3.512197494506836,
                "disk_used": 5.614635467529297,
                "disk_free": 22.387439727783203,
                "virtual_used": 1.0103797912597656,
                "virtual_free": 0.8554840087890625,
                "sample": 2
            },
            {
                "cpu_util": 76.2,
                "disk_read": 0.5851378440856934,
                "disk_write": 3.5188655853271484,
                "disk_used": 5.622371673583984,
                "disk_free": 22.379703521728516,
                "virtual_used": 1.0174636840820312,
                "virtual_free": 0.8484001159667969,
                "sample": 3
            }
        ],
        "response_time": 0.9437415599822998
    },
    "aggregateUnstruct": {
        "baseline": {
            "cpu_util": 0.0,
            "disk_read": 0.5851378440856934,
            "disk_write": 3.5203075408935547,
            "disk_used": 5.720272064208984,
            "disk_free": 22.281803131103516,
            "virtual_used": 1.0156707763671875,
            "virtual_free": 0.8501930236816406
        },
        "samples": [
            {
                "cpu_util": 57.9,
                "disk_read": 0.5851378440856934,
                "disk_write": 3.5203075408935547,
                "disk_used": 5.722362518310547,
                "disk_free": 22.279712677001953,
                "virtual_used": 1.0164718627929688,
                "virtual_free": 0.8493919372558594,
                "sample": 1
            }
        ],
        "response_time": 0.08084487915039062
    }
}