{
    "delete": {
        "baseline": {
            "cpu_util": 0.0,
            "disk_read": 12.482490539550781,
            "disk_write": 4.831014633178711,
            "disk_used": 4.0067138671875,
            "disk_free": 23.995361328125,
            "virtual_used": 1.1238327026367188,
            "virtual_free": 0.742034912109375
        },
        "samples": [
            {
                "cpu_util": 9.1,
                "disk_read": 12.482490539550781,
                "disk_write": 4.831014633178711,
                "disk_used": 4.0067138671875,
                "disk_free": 23.995361328125,
                "virtual_used": 1.1239547729492188,
                "virtual_free": 0.741912841796875,
                "sample": 1
            }
        ],
        "response_time": 0.0006556510925292969
    },
    "create": {
        "baseline": {
            "cpu_util": 0.0,
            "disk_read": 12.482490539550781,
            "disk_write": 4.831014633178711,
            "disk_used": 4.0067138671875,
            "disk_free": 23.995361328125,
            "virtual_used": 1.1239547729492188,
            "virtual_free": 0.741912841796875
        },
        "samples": [
            {
                "cpu_util": 53.1,
                "disk_read": 12.482490539550781,
                "disk_write": 4.83104133605957,
                "disk_used": 4.0067138671875,
                "disk_free": 23.995361328125,
                "virtual_used": 1.1206626892089844,
                "virtual_free": 0.7452049255371094,
                "sample": 1
            },
            {
                "cpu_util": 51.5,
                "disk_read": 12.482490539550781,
                "disk_write": 4.83104133605957,
                "disk_used": 4.0067138671875,
                "disk_free": 23.995361328125,
                "virtual_used": 1.1284370422363281,
                "virtual_free": 0.7374305725097656,
                "sample": 2
            },
            {
                "cpu_util": 51.9,
                "disk_read": 12.482490539550781,
                "disk_write": 4.83104133605957,
                "disk_used": 4.0067138671875,
                "disk_free": 23.995361328125,
                "virtual_used": 1.1532173156738281,
                "virtual_free": 0.7126502990722656,
                "sample": 3
            },
            {
                "cpu_util": 52.4,
                "disk_read": 12.482490539550781,
                "disk_write": 4.831926345825195,
                "disk_used": 4.006721496582031,
                "disk_free": 23.99535369873047,
                "virtual_used": 1.1490287780761719,
                "virtual_free": 0.7168388366699219,
                "sample": 4
            },
            {
                "cpu_util": 65.0,
                "disk_read": 12.482494354248047,
                "disk_write": 4.834890365600586,
                "disk_used": 4.008460998535156,
                "disk_free": 23.993614196777344,
                "virtual_used": 1.15179443359375,
                "virtual_free": 0.7140731811523438,
                "sample": 5
            }
        ],
        "response_time": 1.7432310581207275
    },
    "insertOneStruct": {
        "baseline": {
            "cpu_util": 0.0,
            "disk_read": 12.482494354248047,
            "disk_write": 4.835969924926758,
            "disk_used": 4.011508941650391,
            "disk_free": 23.99056625366211,
            "virtual_used": 1.1636009216308594,
            "virtual_free": 0.7022666931152344
        },
        "samples": [
            {
                "cpu_util": 0.0,
                "disk_read": 12.482494354248047,
                "disk_write": 4.835973739624023,
                "disk_used": 4.011508941650391,
                "disk_free": 23.99056625366211,
                "virtual_used": 1.1635932922363281,
                "virtual_free": 0.7022743225097656,
                "sample": 1
            }
        ],
        "response_time": 0.0009679794311523438
    }
}