{
    "delete": {
        "baseline": {
            "cpu_util": 4.8,
            "disk_read": 0.3482065200805664,
            "disk_write": 2.895578384399414,
            "disk_used": 3.881866455078125,
            "disk_free": 24.120208740234375,
            "virtual_used": 1.0415267944335938,
            "virtual_free": 2.705432891845703
        },
        "samples": [
            {
                "cpu_util": 0.0,
                "disk_read": 0.3482065200805664,
                "disk_write": 2.8955821990966797,
                "disk_used": 3.881866455078125,
                "disk_free": 24.120208740234375,
                "virtual_used": 1.0415229797363281,
                "virtual_free": 2.7054367065429688,
                "sample": 1
            }
        ],
        "response_time": 0.0011723041534423828
    },
    "create": {
        "baseline": {
            "cpu_util": 0.0,
            "disk_read": 0.3482065200805664,
            "disk_write": 2.8955821990966797,
            "disk_used": 3.881866455078125,
            "disk_free": 24.120208740234375,
            "virtual_used": 1.0415229797363281,
            "virtual_free": 2.7054367065429688
        },
        "samples": [
            {
                "cpu_util": 42.9,
                "disk_read": 0.3482065200805664,
                "disk_write": 2.8961925506591797,
                "disk_used": 3.881877899169922,
                "disk_free": 24.120197296142578,
                "virtual_used": 1.0424880981445312,
                "virtual_free": 2.7044715881347656,
                "sample": 1
            }
        ],
        "response_time": 0.12364411354064941
    },
    "readOneStruct": {
        "baseline": {
            "cpu_util": 0.0,
            "disk_read": 0.3482065200805664,
            "disk_write": 2.896230697631836,
            "disk_used": 3.881877899169922,
            "disk_free": 24.120197296142578,
            "virtual_used": 1.0424880981445312,
            "virtual_free": 2.7044715881347656
        },
        "samples": [
            {
                "cpu_util": 9.5,
                "disk_read": 0.3482065200805664,
                "disk_write": 2.896230697631836,
                "disk_used": 3.881877899169922,
                "disk_free": 24.120197296142578,
                "virtual_used": 1.0427284240722656,
                "virtual_free": 2.7042312622070312,
                "sample": 1
            }
        ],
        "response_time": 0.012378931045532227
    }
}