{
    "delete": {
        "baseline": {
            "cpu_util": 0.0,
            "disk_read": 0.3482065200805664,
            "disk_write": 2.896860122680664,
            "disk_used": 3.8818931579589844,
            "disk_free": 24.120182037353516,
            "virtual_used": 1.0351791381835938,
            "virtual_free": 2.711780548095703
        },
        "samples": [
            {
                "cpu_util": 0.0,
                "disk_read": 0.3482065200805664,
                "disk_write": 2.8968639373779297,
                "disk_used": 3.8818931579589844,
                "disk_free": 24.120182037353516,
                "virtual_used": 1.0351791381835938,
                "virtual_free": 2.711780548095703,
                "sample": 1
            }
        ],
        "response_time": 0.0010645389556884766
    },
    "create": {
        "baseline": {
            "cpu_util": 0.0,
            "disk_read": 0.3482065200805664,
            "disk_write": 2.8968639373779297,
            "disk_used": 3.8818931579589844,
            "disk_free": 24.120182037353516,
            "virtual_used": 1.0351753234863281,
            "virtual_free": 2.7117843627929688
        },
        "samples": [
            {
                "cpu_util": 36.4,
                "disk_read": 0.3482065200805664,
                "disk_write": 2.8971500396728516,
                "disk_used": 3.8819007873535156,
                "disk_free": 24.120174407958984,
                "virtual_used": 1.0348930358886719,
                "virtual_free": 2.712066650390625,
                "sample": 1
            }
        ],
        "response_time": 0.09787178039550781
    },
    "readOneStruct": {
        "baseline": {
            "cpu_util": 0.0,
            "disk_read": 0.3482065200805664,
            "disk_write": 2.8975086212158203,
            "disk_used": 3.8819007873535156,
            "disk_free": 24.120174407958984,
            "virtual_used": 1.0347518920898438,
            "virtual_free": 2.712207794189453
        },
        "samples": [
            {
                "cpu_util": 4.8,
                "disk_read": 0.3482065200805664,
                "disk_write": 2.8975086212158203,
                "disk_used": 3.8819007873535156,
                "disk_free": 24.120174407958984,
                "virtual_used": 1.0357131958007812,
                "virtual_free": 2.7112464904785156,
                "sample": 1
            }
        ],
        "response_time": 0.0076541900634765625
    }
}