{
    "delete": {
        "baseline": {
            "cpu_util": 0.0,
            "disk_read": 53.64985704421997,
            "disk_write": 7.031633377075195,
            "disk_used": 6.011600494384766,
            "disk_free": 21.990474700927734,
            "virtual_used": 1.0464286804199219,
            "virtual_free": 0.8194351196289062
        },
        "samples": [
            {
                "cpu_util": 0.0,
                "disk_read": 53.64985704421997,
                "disk_write": 7.031637191772461,
                "disk_used": 6.011600494384766,
                "disk_free": 21.990474700927734,
                "virtual_used": 1.0464286804199219,
                "virtual_free": 0.8194351196289062,
                "sample": 1
            }
        ],
        "response_time": 0.001161336898803711
    },
    "create": {
        "baseline": {
            "cpu_util": 0.0,
            "disk_read": 53.64985704421997,
            "disk_write": 7.031637191772461,
            "disk_used": 6.011600494384766,
            "disk_free": 21.990474700927734,
            "virtual_used": 1.0464286804199219,
            "virtual_free": 0.8194351196289062
        },
        "samples": [
            {
                "cpu_util": 5.0,
                "disk_read": 53.64985704421997,
                "disk_write": 7.031808853149414,
                "disk_used": 6.011608123779297,
                "disk_free": 21.990467071533203,
                "virtual_used": 1.0464096069335938,
                "virtual_free": 0.8194541931152344,
                "sample": 1
            }
        ],
        "response_time": 0.02551746368408203
    },
    "aggregateStruct": {
        "baseline": {
            "cpu_util": 0.0,
            "disk_read": 53.64985704421997,
            "disk_write": 7.032186508178711,
            "disk_used": 6.011608123779297,
            "disk_free": 21.990467071533203,
            "virtual_used": 1.0464057922363281,
            "virtual_free": 0.8194580078125
        },
        "samples": [
            {
                "cpu_util": 0.0,
                "disk_read": 53.64985704421997,
                "disk_write": 7.032186508178711,
                "disk_used": 6.011608123779297,
                "disk_free": 21.990467071533203,
                "virtual_used": 1.0464057922363281,
                "virtual_free": 0.8194580078125,
                "sample": 1
            }
        ],
        "response_time": 0.001863718032836914
    }
}