{
    "delete": {
        "baseline": {
            "cpu_util": 0.0,
            "disk_read": 0.8625273704528809,
            "disk_write": 16.110624313354492,
            "disk_used": 5.044445037841797,
            "disk_free": 22.957630157470703,
            "virtual_used": 1.7184066772460938,
            "virtual_free": 2.028545379638672
        },
        "samples": [
            {
                "cpu_util": 4.8,
                "disk_read": 0.8625273704528809,
                "disk_write": 16.110628128051758,
                "disk_used": 5.044445037841797,
                "disk_free": 22.957630157470703,
                "virtual_used": 1.7193679809570312,
                "virtual_free": 2.0275840759277344,
                "sample": 1
            }
        ],
        "response_time": 0.0008912086486816406
    },
    "create": {
        "baseline": {
            "cpu_util": 0.0,
            "disk_read": 0.8625273704528809,
            "disk_write": 16.110628128051758,
            "disk_used": 5.044445037841797,
            "disk_free": 22.957630157470703,
            "virtual_used": 1.7193679809570312,
            "virtual_free": 2.0275840759277344
        },
        "samples": [
            {
                "cpu_util": 31.6,
                "disk_read": 0.8625273704528809,
                "disk_write": 16.111753463745117,
                "disk_used": 5.044452667236328,
                "disk_free": 22.957622528076172,
                "virtual_used": 1.7123069763183594,
                "virtual_free": 2.0346450805664062,
                "sample": 1
            }
        ],
        "response_time": 0.08069944381713867
    },
    "insertOneThenUpdateTimestampUnstruct": {
        "baseline": {
            "cpu_util": 0.0,
            "disk_read": 0.8625273704528809,
            "disk_write": 16.111753463745117,
            "disk_used": 5.044452667236328,
            "disk_free": 22.957622528076172,
            "virtual_used": 1.7132682800292969,
            "virtual_free": 2.0336837768554688
        },
        "samples": [
            {
                "cpu_util": 5.0,
                "disk_read": 0.8625273704528809,
                "disk_write": 16.111757278442383,
                "disk_used": 5.044452667236328,
                "disk_free": 22.957622528076172,
                "virtual_used": 1.7132682800292969,
                "virtual_free": 2.0336837768554688,
                "sample": 1
            }
        ],
        "response_time": 0.0069348812103271484
    }
}