{
    "delete": {
        "baseline": {
            "cpu_util": 17.4,
            "disk_read": 0.5018420219421387,
            "disk_write": 4.90239143371582,
            "disk_used": 4.035499572753906,
            "disk_free": 23.966575622558594,
            "virtual_used": 1.0992202758789062,
            "virtual_free": 0.7666473388671875
        },
        "samples": [
            {
                "cpu_util": 0.0,
                "disk_read": 0.5018420219421387,
                "disk_write": 4.902395248413086,
                "disk_used": 4.035499572753906,
                "disk_free": 23.966575622558594,
                "virtual_used": 1.0992202758789062,
                "virtual_free": 0.7666473388671875,
                "sample": 1
            }
        ],
        "response_time": 0.00083160400390625
    },
    "create": {
        "baseline": {
            "cpu_util": 9.5,
            "disk_read": 0.5018420219421387,
            "disk_write": 4.902395248413086,
            "disk_used": 4.035499572753906,
            "disk_free": 23.966575622558594,
            "virtual_used": 1.0992202758789062,
            "virtual_free": 0.7666473388671875
        },
        "samples": [
            {
                "cpu_util": 54.2,
                "disk_read": 0.5018420219421387,
                "disk_write": 4.902395248413086,
                "disk_used": 4.035499572753906,
                "disk_free": 23.966575622558594,
                "virtual_used": 1.0992202758789062,
                "virtual_free": 0.7666473388671875,
                "sample": 1
            },
            {
                "cpu_util": 60.9,
                "disk_read": 0.5018420219421387,
                "disk_write": 4.902395248413086,
                "disk_used": 4.035499572753906,
                "disk_free": 23.966575622558594,
                "virtual_used": 1.0992698669433594,
                "virtual_free": 0.7665977478027344,
                "sample": 2
            },
            {
                "cpu_util": 70.0,
                "disk_read": 0.5018420219421387,
                "disk_write": 4.904237747192383,
                "disk_used": 4.037540435791016,
                "disk_free": 23.964534759521484,
                "virtual_used": 1.1026535034179688,
                "virtual_free": 0.763214111328125,
                "sample": 3
            },
            {
                "cpu_util": 68.2,
                "disk_read": 0.5018420219421387,
                "disk_write": 4.906179428100586,
                "disk_used": 4.039485931396484,
                "disk_free": 23.962589263916016,
                "virtual_used": 1.1063041687011719,
                "virtual_free": 0.7595634460449219,
                "sample": 4
            }
        ],
        "response_time": 1.1666007041931152
    },
    "insertOneThenUpdateBirthdayStruct": {
        "baseline": {
            "cpu_util": 13.6,
            "disk_read": 0.5018420219421387,
            "disk_write": 4.907243728637695,
            "disk_used": 4.040630340576172,
            "disk_free": 23.961444854736328,
            "virtual_used": 1.1052131652832031,
            "virtual_free": 0.7606544494628906
        },
        "samples": [
            {
                "cpu_util": 38.1,
                "disk_read": 0.5018420219421387,
                "disk_write": 4.930086135864258,
                "disk_used": 4.040657043457031,
                "disk_free": 23.96141815185547,
                "virtual_used": 1.1051864624023438,
                "virtual_free": 0.76068115234375,
                "sample": 1
            }
        ],
        "response_time": 0.05667567253112793
    }
}