{
    "delete": {
        "baseline": {
            "cpu_util": 0.0,
            "disk_read": 0.43950891494750977,
            "disk_write": 3.059194564819336,
            "disk_used": 3.8718299865722656,
            "disk_free": 24.130245208740234,
            "virtual_used": 1.1486854553222656,
            "virtual_free": 0.7171821594238281
        },
        "samples": [
            {
                "cpu_util": 0.0,
                "disk_read": 0.43950891494750977,
                "disk_write": 3.0591983795166016,
                "disk_used": 3.8718338012695312,
                "disk_free": 24.13024139404297,
                "virtual_used": 1.1486854553222656,
                "virtual_free": 0.7171821594238281,
                "sample": 1
            }
        ],
        "response_time": 0.0008456707000732422
    },
    "create": {
        "baseline": {
            "cpu_util": 0.0,
            "disk_read": 0.43950891494750977,
            "disk_write": 3.0591983795166016,
            "disk_used": 3.8718338012695312,
            "disk_free": 24.13024139404297,
            "virtual_used": 1.1486854553222656,
            "virtual_free": 0.7171821594238281
        },
        "samples": [
            {
                "cpu_util": 51.9,
                "disk_read": 0.43950891494750977,
                "disk_write": 3.0591983795166016,
                "disk_used": 3.8718338012695312,
                "disk_free": 24.13024139404297,
                "virtual_used": 1.14892578125,
                "virtual_free": 0.7169418334960938,
                "sample": 1
            },
            {
                "cpu_util": 52.2,
                "disk_read": 0.43950891494750977,
                "disk_write": 3.0593509674072266,
                "disk_used": 3.8718414306640625,
                "disk_free": 24.130233764648438,
                "virtual_used": 1.1527023315429688,
                "virtual_free": 0.713165283203125,
                "sample": 2
            },
            {
                "cpu_util": 52.6,
                "disk_read": 0.43950891494750977,
                "disk_write": 3.063913345336914,
                "disk_used": 3.8718414306640625,
                "disk_free": 24.130233764648438,
                "virtual_used": 1.1530265808105469,
                "virtual_free": 0.7128410339355469,
                "sample": 3
            },
            {
                "cpu_util": 100.0,
                "disk_read": 0.43950891494750977,
                "disk_write": 3.0685291290283203,
                "disk_used": 3.881694793701172,
                "disk_free": 24.120380401611328,
                "virtual_used": 1.1563072204589844,
                "virtual_free": 0.7095603942871094,
                "sample": 4
            }
        ],
        "response_time": 0.9009048938751221
    },
    "aggregateUnstruct": {
        "baseline": {
            "cpu_util": 0.0,
            "disk_read": 0.43950891494750977,
            "disk_write": 3.068784713745117,
            "disk_used": 3.8820953369140625,
            "disk_free": 24.119979858398438,
            "virtual_used": 1.1567611694335938,
            "virtual_free": 0.7091064453125
        },
        "samples": [
            {
                "cpu_util": 36.8,
                "disk_read": 0.43950891494750977,
                "disk_write": 3.068784713745117,
                "disk_used": 3.8820953369140625,
                "disk_free": 24.119979858398438,
                "virtual_used": 1.1586112976074219,
                "virtual_free": 0.7072563171386719,
                "sample": 1
            }
        ],
        "response_time": 0.07382941246032715
    }
}