{
    "delete": {
        "baseline": {
            "cpu_util": 0.0,
            "disk_read": 0.32329702377319336,
            "disk_write": 0.7563610076904297,
            "disk_used": 3.79248046875,
            "disk_free": 24.2095947265625,
            "virtual_used": 1.0334320068359375,
            "virtual_free": 2.7135276794433594
        },
        "samples": [
            {
                "cpu_util": 0.0,
                "disk_read": 0.32329702377319336,
                "disk_write": 0.7563648223876953,
                "disk_used": 3.79248046875,
                "disk_free": 24.2095947265625,
                "virtual_used": 1.0334320068359375,
                "virtual_free": 2.7135276794433594,
                "sample": 1
            }
        ],
        "response_time": 0.0009691715240478516
    },
    "create": {
        "baseline": {
            "cpu_util": 0.0,
            "disk_read": 0.32329702377319336,
            "disk_write": 0.7563648223876953,
            "disk_used": 3.79248046875,
            "disk_free": 24.2095947265625,
            "virtual_used": 1.0334014892578125,
            "virtual_free": 2.7135581970214844
        },
        "samples": [
            {
                "cpu_util": 53.5,
                "disk_read": 0.32329702377319336,
                "disk_write": 0.7563648223876953,
                "disk_used": 3.79248046875,
                "disk_free": 24.2095947265625,
                "virtual_used": 1.0353240966796875,
                "virtual_free": 2.7116355895996094,
                "sample": 1
            }
        ],
        "response_time": 0.29238271713256836
    },
    "updateManyUnstruct": {
        "baseline": {
            "cpu_util": 0.0,
            "disk_read": 0.32329702377319336,
            "disk_write": 0.7574596405029297,
            "disk_used": 3.7924880981445312,
            "disk_free": 24.20958709716797,
            "virtual_used": 1.0384559631347656,
            "virtual_free": 2.7085037231445312
        },
        "samples": [
            {
                "cpu_util": 54.5,
                "disk_read": 0.32329702377319336,
                "disk_write": 0.7575397491455078,
                "disk_used": 3.7924880981445312,
                "disk_free": 24.20958709716797,
                "virtual_used": 1.0374374389648438,
                "virtual_free": 2.709522247314453,
                "sample": 1
            }
        ],
        "response_time": 0.09611058235168457
    }
}