{
    "delete": {
        "baseline": {
            "cpu_util": 0.0,
            "disk_read": 53.649303913116455,
            "disk_write": 6.279069900512695,
            "disk_used": 6.064746856689453,
            "disk_free": 21.937328338623047,
            "virtual_used": 1.1910285949707031,
            "virtual_free": 0.674835205078125
        },
        "samples": [
            {
                "cpu_util": 5.0,
                "disk_read": 53.649303913116455,
                "disk_write": 6.279108047485352,
                "disk_used": 6.064746856689453,
                "disk_free": 21.937328338623047,
                "virtual_used": 1.1910209655761719,
                "virtual_free": 0.6748428344726562,
                "sample": 1
            }
        ],
        "response_time": 0.0010495185852050781
    },
    "create": {
        "baseline": {
            "cpu_util": 0.0,
            "disk_read": 53.649303913116455,
            "disk_write": 6.279108047485352,
            "disk_used": 6.069770812988281,
            "disk_free": 21.93230438232422,
            "virtual_used": 1.190032958984375,
            "virtual_free": 0.6758308410644531
        },
        "samples": [
            {
                "cpu_util": 50.8,
                "disk_read": 53.649303913116455,
                "disk_write": 6.27916145324707,
                "disk_used": 6.167427062988281,
                "disk_free": 21.83464813232422,
                "virtual_used": 1.1900291442871094,
                "virtual_free": 0.6758346557617188,
                "sample": 1
            },
            {
                "cpu_util": 50.0,
                "disk_read": 53.649303913116455,
                "disk_write": 6.280248641967773,
                "disk_used": 6.1674346923828125,
                "disk_free": 21.834640502929688,
                "virtual_used": 1.1868972778320312,
                "virtual_free": 0.6789665222167969,
                "sample": 2
            },
            {
                "cpu_util": 31.6,
                "disk_read": 53.649303913116455,
                "disk_write": 6.283937454223633,
                "disk_used": 6.167438507080078,
                "disk_free": 21.834636688232422,
                "virtual_used": 1.18682861328125,
                "virtual_free": 0.6790351867675781,
                "sample": 3
            }
        ],
        "response_time": 0.8005373477935791
    },
    "readManyStruct": {
        "baseline": {
            "cpu_util": 14.3,
            "disk_read": 53.649303913116455,
            "disk_write": 6.283937454223633,
            "disk_used": 6.172458648681641,
            "disk_free": 21.82961654663086,
            "virtual_used": 1.1849136352539062,
            "virtual_free": 0.6809501647949219
        },
        "samples": [
            {
                "cpu_util": 0.0,
                "disk_read": 53.649303913116455,
                "disk_write": 6.283937454223633,
                "disk_used": 6.172458648681641,
                "disk_free": 21.82961654663086,
                "virtual_used": 1.1849136352539062,
                "virtual_free": 0.6809501647949219,
                "sample": 1
            }
        ],
        "response_time": 8.869171142578125e-05
    }
}