{
    "delete": {
        "baseline": {
            "cpu_util": 0.0,
            "disk_read": 0.43979501724243164,
            "disk_write": 3.245241165161133,
            "disk_used": 3.844013214111328,
            "disk_free": 24.158061981201172,
            "virtual_used": 1.1036605834960938,
            "virtual_free": 0.76220703125
        },
        "samples": [
            {
                "cpu_util": 4.8,
                "disk_read": 0.43979501724243164,
                "disk_write": 3.2452449798583984,
                "disk_used": 3.8440208435058594,
                "disk_free": 24.15805435180664,
                "virtual_used": 1.1036605834960938,
                "virtual_free": 0.76220703125,
                "sample": 1
            }
        ],
        "response_time": 0.0009622573852539062
    },
    "create": {
        "baseline": {
            "cpu_util": 0.0,
            "disk_read": 0.43979501724243164,
            "disk_write": 3.2452449798583984,
            "disk_used": 3.8440208435058594,
            "disk_free": 24.15805435180664,
            "virtual_used": 1.1036605834960938,
            "virtual_free": 0.76220703125
        },
        "samples": [
            {
                "cpu_util": 5.0,
                "disk_read": 0.43979501724243164,
                "disk_write": 3.245515823364258,
                "disk_used": 3.8440284729003906,
                "disk_free": 24.15804672241211,
                "virtual_used": 1.1035804748535156,
                "virtual_free": 0.7622871398925781,
                "sample": 1
            }
        ],
        "response_time": 0.026814699172973633
    },
    "replaceOneUnstruct": {
        "baseline": {
            "cpu_util": 0.0,
            "disk_read": 0.43979501724243164,
            "disk_write": 3.245515823364258,
            "disk_used": 3.8440284729003906,
            "disk_free": 24.15804672241211,
            "virtual_used": 1.1035804748535156,
            "virtual_free": 0.7622871398925781
        },
        "samples": [
            {
                "cpu_util": 4.8,
                "disk_read": 0.43979501724243164,
                "disk_write": 3.2455196380615234,
                "disk_used": 3.8440284729003906,
                "disk_free": 24.15804672241211,
                "virtual_used": 1.1035804748535156,
                "virtual_free": 0.7622871398925781,
                "sample": 1
            }
        ],
        "response_time": 0.002852201461791992
    }
}