{
    "delete": {
        "baseline": {
            "cpu_util": 25.0,
            "disk_read": 0.3494758605957031,
            "disk_write": 3.998994827270508,
            "disk_used": 3.7912139892578125,
            "disk_free": 24.210861206054688,
            "virtual_used": 1.149383544921875,
            "virtual_free": 2.597583770751953
        },
        "samples": [
            {
                "cpu_util": 0.0,
                "disk_read": 0.3494758605957031,
                "disk_write": 3.9989986419677734,
                "disk_used": 3.7912139892578125,
                "disk_free": 24.210861206054688,
                "virtual_used": 1.149383544921875,
                "virtual_free": 2.597583770751953,
                "sample": 1
            }
        ],
        "response_time": 0.0009791851043701172
    },
    "create": {
        "baseline": {
            "cpu_util": 5.0,
            "disk_read": 0.3494758605957031,
            "disk_write": 3.9989986419677734,
            "disk_used": 3.7912139892578125,
            "disk_free": 24.210861206054688,
            "virtual_used": 1.14959716796875,
            "virtual_free": 2.597370147705078
        },
        "samples": [
            {
                "cpu_util": 0.0,
                "disk_read": 0.3494758605957031,
                "disk_write": 3.9991703033447266,
                "disk_used": 3.7912216186523438,
                "disk_free": 24.210853576660156,
                "virtual_used": 1.1498260498046875,
                "virtual_free": 2.5971412658691406,
                "sample": 1
            }
        ],
        "response_time": 0.01934504508972168
    },
    "insertManyStruct": {
        "baseline": {
            "cpu_util": 0.0,
            "disk_read": 0.3494758605957031,
            "disk_write": 3.9991931915283203,
            "disk_used": 3.7912254333496094,
            "disk_free": 24.21084976196289,
            "virtual_used": 1.1498260498046875,
            "virtual_free": 2.5971412658691406
        },
        "samples": [
            {
                "cpu_util": 50.0,
                "disk_read": 0.3494758605957031,
                "disk_write": 3.9991931915283203,
                "disk_used": 3.7912254333496094,
                "disk_free": 24.21084976196289,
                "virtual_used": 1.1498260498046875,
                "virtual_free": 2.5971412658691406,
                "sample": 1
            },
            {
                "cpu_util": 60.0,
                "disk_read": 0.3494758605957031,
                "disk_write": 3.9991931915283203,
                "disk_used": 3.7912254333496094,
                "disk_free": 24.21084976196289,
                "virtual_used": 1.1551704406738281,
                "virtual_free": 2.591796875,
                "sample": 2
            },
            {
                "cpu_util": 52.6,
                "disk_read": 0.3494758605957031,
                "disk_write": 4.000604629516602,
                "disk_used": 3.791423797607422,
                "disk_free": 24.210651397705078,
                "virtual_used": 1.1563529968261719,
                "virtual_free": 2.5906143188476562,
                "sample": 3
            },
            {
                "cpu_util": 52.4,
                "disk_read": 0.3494758605957031,
                "disk_write": 4.003286361694336,
                "disk_used": 3.7920150756835938,
                "disk_free": 24.210060119628906,
                "virtual_used": 1.1574058532714844,
                "virtual_free": 2.5895614624023438,
                "sample": 4
            }
        ],
        "response_time": 0.9058845043182373
    }
}