{
    "delete": {
        "baseline": {
            "cpu_util": 4.8,
            "disk_read": 0.7575182914733887,
            "disk_write": 15.567625045776367,
            "disk_used": 4.001567840576172,
            "disk_free": 24.000507354736328,
            "virtual_used": 1.58251953125,
            "virtual_free": 2.1644363403320312
        },
        "samples": [
            {
                "cpu_util": 0.0,
                "disk_read": 0.7575182914733887,
                "disk_write": 15.567628860473633,
                "disk_used": 4.0015716552734375,
                "disk_free": 24.000503540039062,
                "virtual_used": 1.5825157165527344,
                "virtual_free": 2.164440155029297,
                "sample": 1
            }
        ],
        "response_time": 0.0009162425994873047
    },
    "create": {
        "baseline": {
            "cpu_util": 0.0,
            "disk_read": 0.7575182914733887,
            "disk_write": 15.567628860473633,
            "disk_used": 4.0015716552734375,
            "disk_free": 24.000503540039062,
            "virtual_used": 1.5825157165527344,
            "virtual_free": 2.164440155029297
        },
        "samples": [
            {
                "cpu_util": 5.0,
                "disk_read": 0.7575182914733887,
                "disk_write": 15.567846298217773,
                "disk_used": 4.001579284667969,
                "disk_free": 24.00049591064453,
                "virtual_used": 1.5824050903320312,
                "virtual_free": 2.16455078125,
                "sample": 1
            }
        ],
        "response_time": 0.01746201515197754
    },
    "updateManyStruct": {
        "baseline": {
            "cpu_util": 0.0,
            "disk_read": 0.7575182914733887,
            "disk_write": 15.56785774230957,
            "disk_used": 4.001579284667969,
            "disk_free": 24.00049591064453,
            "virtual_used": 1.5824050903320312,
            "virtual_free": 2.16455078125
        },
        "samples": [
            {
                "cpu_util": 5.0,
                "disk_read": 0.7575182914733887,
                "disk_write": 15.568120956420898,
                "disk_used": 4.001579284667969,
                "disk_free": 24.00049591064453,
                "virtual_used": 1.5821800231933594,
                "virtual_free": 2.164775848388672,
                "sample": 1
            }
        ],
        "response_time": 0.013064861297607422
    }
}