{
    "delete": {
        "baseline": {
            "cpu_util": 59.1,
            "disk_read": 0.3482065200805664,
            "disk_write": 2.872823715209961,
            "disk_used": 3.7597885131835938,
            "disk_free": 24.242286682128906,
            "virtual_used": 1.0296821594238281,
            "virtual_free": 2.7172775268554688
        },
        "samples": [
            {
                "cpu_util": 45.0,
                "disk_read": 0.3482065200805664,
                "disk_write": 2.8728275299072266,
                "disk_used": 3.7624664306640625,
                "disk_free": 24.239608764648438,
                "virtual_used": 1.0307579040527344,
                "virtual_free": 2.7162017822265625,
                "sample": 1
            }
        ],
        "response_time": 0.0011892318725585938
    },
    "create": {
        "baseline": {
            "cpu_util": 0.0,
            "disk_read": 0.3482065200805664,
            "disk_write": 2.8728275299072266,
            "disk_used": 3.7624664306640625,
            "disk_free": 24.239608764648438,
            "virtual_used": 1.0307579040527344,
            "virtual_free": 2.7162017822265625
        },
        "samples": [
            {
                "cpu_util": 45.5,
                "disk_read": 0.3482065200805664,
                "disk_write": 2.8729801177978516,
                "disk_used": 3.7624740600585938,
                "disk_free": 24.239601135253906,
                "virtual_used": 1.0283889770507812,
                "virtual_free": 2.7185707092285156,
                "sample": 1
            }
        ],
        "response_time": 0.11571741104125977
    },
    "insertManyStruct": {
        "baseline": {
            "cpu_util": 0.0,
            "disk_read": 0.3482065200805664,
            "disk_write": 2.8734569549560547,
            "disk_used": 3.7624740600585938,
            "disk_free": 24.239601135253906,
            "virtual_used": 1.0283775329589844,
            "virtual_free": 2.7185821533203125
        },
        "samples": [
            {
                "cpu_util": 51.9,
                "disk_read": 0.3482065200805664,
                "disk_write": 2.8734569549560547,
                "disk_used": 3.7624740600585938,
                "disk_free": 24.239601135253906,
                "virtual_used": 1.0286178588867188,
                "virtual_free": 2.718341827392578,
                "sample": 1
            },
            {
                "cpu_util": 50.0,
                "disk_read": 0.3482065200805664,
                "disk_write": 2.8734569549560547,
                "disk_used": 3.7624740600585938,
                "disk_free": 24.239601135253906,
                "virtual_used": 1.0469322204589844,
                "virtual_free": 2.7000274658203125,
                "sample": 2
            },
            {
                "cpu_util": 52.6,
                "disk_read": 0.3482065200805664,
                "disk_write": 2.8755245208740234,
                "disk_used": 3.7624740600585938,
                "disk_free": 24.239601135253906,
                "virtual_used": 1.0356788635253906,
                "virtual_free": 2.7112808227539062,
                "sample": 3
            },
            {
                "cpu_util": 31.6,
                "disk_read": 0.3482065200805664,
                "disk_write": 2.8781261444091797,
                "disk_used": 3.7624740600585938,
                "disk_free": 24.239601135253906,
                "virtual_used": 1.0411529541015625,
                "virtual_free": 2.7058067321777344,
                "sample": 4
            }
        ],
        "response_time": 0.8022520542144775
    }
}