{
    "delete": {
        "baseline": {
            "cpu_util": 4.8,
            "disk_read": 0.34626102447509766,
            "disk_write": 3.242490768432617,
            "disk_used": 3.8439254760742188,
            "disk_free": 24.15814971923828,
            "virtual_used": 0.935211181640625,
            "virtual_free": 0.9306564331054688
        },
        "samples": [
            {
                "cpu_util": 0.0,
                "disk_read": 0.34626102447509766,
                "disk_write": 3.242494583129883,
                "disk_used": 3.8439292907714844,
                "disk_free": 24.158145904541016,
                "virtual_used": 0.935211181640625,
                "virtual_free": 0.9306564331054688,
                "sample": 1
            }
        ],
        "response_time": 0.0013380050659179688
    },
    "create": {
        "baseline": {
            "cpu_util": 5.0,
            "disk_read": 0.34626102447509766,
            "disk_write": 3.242494583129883,
            "disk_used": 3.8439292907714844,
            "disk_free": 24.158145904541016,
            "virtual_used": 0.9352035522460938,
            "virtual_free": 0.9306640625
        },
        "samples": [
            {
                "cpu_util": 9.1,
                "disk_read": 0.34626102447509766,
                "disk_write": 3.242677688598633,
                "disk_used": 3.8439369201660156,
                "disk_free": 24.158138275146484,
                "virtual_used": 0.9351882934570312,
                "virtual_free": 0.9306793212890625,
                "sample": 1
            }
        ],
        "response_time": 0.013413667678833008
    },
    "aggregateUnstruct": {
        "baseline": {
            "cpu_util": 0.0,
            "disk_read": 0.34626102447509766,
            "disk_write": 3.242677688598633,
            "disk_used": 3.8439369201660156,
            "disk_free": 24.158138275146484,
            "virtual_used": 0.9351882934570312,
            "virtual_free": 0.9306793212890625
        },
        "samples": [
            {
                "cpu_util": 0.0,
                "disk_read": 0.34626102447509766,
                "disk_write": 3.242677688598633,
                "disk_used": 3.8439369201660156,
                "disk_free": 24.158138275146484,
                "virtual_used": 0.9351882934570312,
                "virtual_free": 0.9306793212890625,
                "sample": 1
            }
        ],
        "response_time": 0.0027370452880859375
    }
}