{
    "delete": {
        "baseline": {
            "cpu_util": 4.8,
            "disk_read": 53.649967670440674,
            "disk_write": 7.21159553527832,
            "disk_used": 5.885440826416016,
            "disk_free": 22.116634368896484,
            "virtual_used": 1.0458831787109375,
            "virtual_free": 0.8199806213378906
        },
        "samples": [
            {
                "cpu_util": 0.0,
                "disk_read": 53.649967670440674,
                "disk_write": 7.211599349975586,
                "disk_used": 5.885440826416016,
                "disk_free": 22.116634368896484,
                "virtual_used": 1.0458755493164062,
                "virtual_free": 0.8199882507324219,
                "sample": 1
            }
        ],
        "response_time": 0.0008594989776611328
    },
    "create": {
        "baseline": {
            "cpu_util": 0.0,
            "disk_read": 53.649967670440674,
            "disk_write": 7.211599349975586,
            "disk_used": 5.885440826416016,
            "disk_free": 22.116634368896484,
            "virtual_used": 1.0458755493164062,
            "virtual_free": 0.8199882507324219
        },
        "samples": [
            {
                "cpu_util": 4.8,
                "disk_read": 53.649967670440674,
                "disk_write": 7.211759567260742,
                "disk_used": 5.885448455810547,
                "disk_free": 22.116626739501953,
                "virtual_used": 1.0458564758300781,
                "virtual_free": 0.82000732421875,
                "sample": 1
            }
        ],
        "response_time": 0.018833160400390625
    },
    "readOneStruct": {
        "baseline": {
            "cpu_util": 0.0,
            "disk_read": 53.649967670440674,
            "disk_write": 7.211767196655273,
            "disk_used": 5.885448455810547,
            "disk_free": 22.116626739501953,
            "virtual_used": 1.0458450317382812,
            "virtual_free": 0.8200187683105469
        },
        "samples": [
            {
                "cpu_util": 0.0,
                "disk_read": 53.649967670440674,
                "disk_write": 7.211767196655273,
                "disk_used": 5.885448455810547,
                "disk_free": 22.116626739501953,
                "virtual_used": 1.0458450317382812,
                "virtual_free": 0.8200187683105469,
                "sample": 1
            }
        ],
        "response_time": 0.001990795135498047
    }
}