{
    "delete": {
        "baseline": {
            "cpu_util": 0.0,
            "disk_read": 53.649303913116455,
            "disk_write": 6.269338607788086,
            "disk_used": 6.054901123046875,
            "disk_free": 21.947174072265625,
            "virtual_used": 1.1814193725585938,
            "virtual_free": 0.6844444274902344
        },
        "samples": [
            {
                "cpu_util": 10.0,
                "disk_read": 53.649303913116455,
                "disk_write": 6.269342422485352,
                "disk_used": 6.056148529052734,
                "disk_free": 21.945926666259766,
                "virtual_used": 1.181976318359375,
                "virtual_free": 0.6838874816894531,
                "sample": 1
            }
        ],
        "response_time": 0.00102996826171875
    },
    "create": {
        "baseline": {
            "cpu_util": 0.0,
            "disk_read": 53.649303913116455,
            "disk_write": 6.269357681274414,
            "disk_used": 6.0599212646484375,
            "disk_free": 21.942153930664062,
            "virtual_used": 1.1805763244628906,
            "virtual_free": 0.6852874755859375
        },
        "samples": [
            {
                "cpu_util": 50.0,
                "disk_read": 53.649303913116455,
                "disk_write": 6.269357681274414,
                "disk_used": 6.0599212646484375,
                "disk_free": 21.942153930664062,
                "virtual_used": 1.1805763244628906,
                "virtual_free": 0.6852874755859375,
                "sample": 1
            },
            {
                "cpu_util": 55.0,
                "disk_read": 53.649303913116455,
                "disk_write": 6.270627975463867,
                "disk_used": 6.059928894042969,
                "disk_free": 21.94214630126953,
                "virtual_used": 1.1948890686035156,
                "virtual_free": 0.6709747314453125,
                "sample": 2
            },
            {
                "cpu_util": 30.0,
                "disk_read": 53.649303913116455,
                "disk_write": 6.274202346801758,
                "disk_used": 6.059928894042969,
                "disk_free": 21.94214630126953,
                "virtual_used": 1.1933975219726562,
                "virtual_free": 0.6724662780761719,
                "sample": 3
            }
        ],
        "response_time": 0.6234142780303955
    },
    "readOneStruct": {
        "baseline": {
            "cpu_util": 15.0,
            "disk_read": 53.649303913116455,
            "disk_write": 6.274202346801758,
            "disk_used": 6.061336517333984,
            "disk_free": 21.940738677978516,
            "virtual_used": 1.1923828125,
            "virtual_free": 0.6734809875488281
        },
        "samples": [
            {
                "cpu_util": 55.0,
                "disk_read": 53.649303913116455,
                "disk_write": 6.274202346801758,
                "disk_used": 6.064952850341797,
                "disk_free": 21.937122344970703,
                "virtual_used": 1.1868476867675781,
                "virtual_free": 0.67901611328125,
                "sample": 1
            }
        ],
        "response_time": 0.07448720932006836
    }
}