{
    "delete": {
        "baseline": {
            "cpu_util": 0.0,
            "disk_read": 16.939234256744385,
            "disk_write": 5.120359420776367,
            "disk_used": 3.8765220642089844,
            "disk_free": 24.125553131103516,
            "virtual_used": 1.0484695434570312,
            "virtual_free": 0.8173980712890625
        },
        "samples": [
            {
                "cpu_util": 0.0,
                "disk_read": 16.939234256744385,
                "disk_write": 5.120363235473633,
                "disk_used": 3.87652587890625,
                "disk_free": 24.12554931640625,
                "virtual_used": 1.0484695434570312,
                "virtual_free": 0.8173980712890625,
                "sample": 1
            }
        ],
        "response_time": 0.0009412765502929688
    },
    "create": {
        "baseline": {
            "cpu_util": 0.0,
            "disk_read": 16.939234256744385,
            "disk_write": 5.120363235473633,
            "disk_used": 3.87652587890625,
            "disk_free": 24.12554931640625,
            "virtual_used": 1.0484695434570312,
            "virtual_free": 0.8173980712890625
        },
        "samples": [
            {
                "cpu_util": 19.0,
                "disk_read": 16.939234256744385,
                "disk_write": 5.120576858520508,
                "disk_used": 3.8765335083007812,
                "disk_free": 24.12554168701172,
                "virtual_used": 1.0483894348144531,
                "virtual_free": 0.8174781799316406,
                "sample": 1
            }
        ],
        "response_time": 0.04694628715515137
    },
    "replaceOneStruct": {
        "baseline": {
            "cpu_util": 0.0,
            "disk_read": 16.939234256744385,
            "disk_write": 5.120576858520508,
            "disk_used": 3.8765335083007812,
            "disk_free": 24.12554168701172,
            "virtual_used": 1.0483131408691406,
            "virtual_free": 0.8175544738769531
        },
        "samples": [
            {
                "cpu_util": 5.0,
                "disk_read": 16.939234256744385,
                "disk_write": 5.120580673217773,
                "disk_used": 3.8765335083007812,
                "disk_free": 24.12554168701172,
                "virtual_used": 1.0482978820800781,
                "virtual_free": 0.8175697326660156,
                "sample": 1
            }
        ],
        "response_time": 0.0025839805603027344
    }
}