{
    "delete": {
        "baseline": {
            "cpu_util": 0.0,
            "disk_read": 16.93926477432251,
            "disk_write": 5.388406753540039,
            "disk_used": 3.899433135986328,
            "disk_free": 24.102642059326172,
            "virtual_used": 1.0258140563964844,
            "virtual_free": 0.8400535583496094
        },
        "samples": [
            {
                "cpu_util": 0.0,
                "disk_read": 16.93926477432251,
                "disk_write": 5.388410568237305,
                "disk_used": 3.8994369506835938,
                "disk_free": 24.102638244628906,
                "virtual_used": 1.0258026123046875,
                "virtual_free": 0.8400650024414062,
                "sample": 1
            }
        ],
        "response_time": 0.0008518695831298828
    },
    "create": {
        "baseline": {
            "cpu_util": 0.0,
            "disk_read": 16.93926477432251,
            "disk_write": 5.388410568237305,
            "disk_used": 3.8994369506835938,
            "disk_free": 24.102638244628906,
            "virtual_used": 1.0257987976074219,
            "virtual_free": 0.8400688171386719
        },
        "samples": [
            {
                "cpu_util": 5.0,
                "disk_read": 16.93926477432251,
                "disk_write": 5.388566970825195,
                "disk_used": 3.899444580078125,
                "disk_free": 24.102630615234375,
                "virtual_used": 1.0257987976074219,
                "virtual_free": 0.8400688171386719,
                "sample": 1
            }
        ],
        "response_time": 0.018494844436645508
    },
    "insertOneThenUpdateBirthdayStruct": {
        "baseline": {
            "cpu_util": 0.0,
            "disk_read": 16.93926477432251,
            "disk_write": 5.388700485229492,
            "disk_used": 3.899444580078125,
            "disk_free": 24.102630615234375,
            "virtual_used": 1.0257987976074219,
            "virtual_free": 0.8400688171386719
        },
        "samples": [
            {
                "cpu_util": 0.0,
                "disk_read": 16.93926477432251,
                "disk_write": 5.388704299926758,
                "disk_used": 3.899444580078125,
                "disk_free": 24.102630615234375,
                "virtual_used": 1.0257987976074219,
                "virtual_free": 0.8400688171386719,
                "sample": 1
            }
        ],
        "response_time": 0.002290487289428711
    }
}