{
    "delete": {
        "baseline": {
            "cpu_util": 0.0,
            "disk_read": 0.3494758605957031,
            "disk_write": 4.084535598754883,
            "disk_used": 3.7733421325683594,
            "disk_free": 24.22873306274414,
            "virtual_used": 1.1609306335449219,
            "virtual_free": 2.5860366821289062
        },
        "samples": [
            {
                "cpu_util": 0.0,
                "disk_read": 0.3494758605957031,
                "disk_write": 4.084539413452148,
                "disk_used": 3.773345947265625,
                "disk_free": 24.228729248046875,
                "virtual_used": 1.1609306335449219,
                "virtual_free": 2.5860366821289062,
                "sample": 1
            }
        ],
        "response_time": 0.0009245872497558594
    },
    "create": {
        "baseline": {
            "cpu_util": 0.0,
            "disk_read": 0.3494758605957031,
            "disk_write": 4.084539413452148,
            "disk_used": 3.773345947265625,
            "disk_free": 24.228729248046875,
            "virtual_used": 1.1609115600585938,
            "virtual_free": 2.5860557556152344
        },
        "samples": [
            {
                "cpu_util": 5.3,
                "disk_read": 0.3494758605957031,
                "disk_write": 4.084722518920898,
                "disk_used": 3.7733535766601562,
                "disk_free": 24.228721618652344,
                "virtual_used": 1.1608963012695312,
                "virtual_free": 2.586071014404297,
                "sample": 1
            }
        ],
        "response_time": 0.01976776123046875
    },
    "aggregateStruct": {
        "baseline": {
            "cpu_util": 0.0,
            "disk_read": 0.3494758605957031,
            "disk_write": 4.084722518920898,
            "disk_used": 3.7733535766601562,
            "disk_free": 24.228721618652344,
            "virtual_used": 1.1608963012695312,
            "virtual_free": 2.586071014404297
        },
        "samples": [
            {
                "cpu_util": 0.0,
                "disk_read": 0.3494758605957031,
                "disk_write": 4.084722518920898,
                "disk_used": 3.7733535766601562,
                "disk_free": 24.228721618652344,
                "virtual_used": 1.1608963012695312,
                "virtual_free": 2.586071014404297,
                "sample": 1
            }
        ],
        "response_time": 0.0013570785522460938
    }
}