{
    "delete": {
        "baseline": {
            "cpu_util": 0.0,
            "disk_read": 0.6195502281188965,
            "disk_write": 4.092073440551758,
            "disk_used": 3.8530845642089844,
            "disk_free": 24.148990631103516,
            "virtual_used": 1.3393669128417969,
            "virtual_free": 2.4075927734375
        },
        "samples": [
            {
                "cpu_util": 0.0,
                "disk_read": 0.6195502281188965,
                "disk_write": 4.092077255249023,
                "disk_used": 3.8530845642089844,
                "disk_free": 24.148990631103516,
                "virtual_used": 1.3392715454101562,
                "virtual_free": 2.4076881408691406,
                "sample": 1
            }
        ],
        "response_time": 0.0011315345764160156
    },
    "create": {
        "baseline": {
            "cpu_util": 0.0,
            "disk_read": 0.6195502281188965,
            "disk_write": 4.092077255249023,
            "disk_used": 3.8530845642089844,
            "disk_free": 24.148990631103516,
            "virtual_used": 1.3392562866210938,
            "virtual_free": 2.407703399658203
        },
        "samples": [
            {
                "cpu_util": 53.1,
                "disk_read": 0.6195502281188965,
                "disk_write": 4.092077255249023,
                "disk_used": 3.8530845642089844,
                "disk_free": 24.148990631103516,
                "virtual_used": 1.3392562866210938,
                "virtual_free": 2.407703399658203,
                "sample": 1
            },
            {
                "cpu_util": 50.0,
                "disk_read": 0.6195502281188965,
                "disk_write": 4.092077255249023,
                "disk_used": 3.8530845642089844,
                "disk_free": 24.148990631103516,
                "virtual_used": 1.3405380249023438,
                "virtual_free": 2.406421661376953,
                "sample": 2
            },
            {
                "cpu_util": 54.5,
                "disk_read": 0.6195502281188965,
                "disk_write": 4.092851638793945,
                "disk_used": 3.8530921936035156,
                "disk_free": 24.148983001708984,
                "virtual_used": 1.3386650085449219,
                "virtual_free": 2.408294677734375,
                "sample": 3
            },
            {
                "cpu_util": 57.1,
                "disk_read": 0.6195502281188965,
                "disk_write": 4.09556770324707,
                "disk_used": 3.8528518676757812,
                "disk_free": 24.14922332763672,
                "virtual_used": 1.3448333740234375,
                "virtual_free": 2.4021263122558594,
                "sample": 4
            }
        ],
        "response_time": 1.3031072616577148
    },
    "aggregateStruct": {
        "baseline": {
            "cpu_util": 0.0,
            "disk_read": 0.6195502281188965,
            "disk_write": 4.097036361694336,
            "disk_used": 3.9505081176757812,
            "disk_free": 24.05156707763672,
            "virtual_used": 1.3442268371582031,
            "virtual_free": 2.4027328491210938
        },
        "samples": [
            {
                "cpu_util": 25.0,
                "disk_read": 0.6195502281188965,
                "disk_write": 4.097036361694336,
                "disk_used": 3.9505081176757812,
                "disk_free": 24.05156707763672,
                "virtual_used": 1.3444671630859375,
                "virtual_free": 2.4024925231933594,
                "sample": 1
            }
        ],
        "response_time": 0.048819780349731445
    }
}