{
    "delete": {
        "baseline": {
            "cpu_util": 0.0,
            "disk_read": 0.43979501724243164,
            "disk_write": 3.2120723724365234,
            "disk_used": 4.042701721191406,
            "disk_free": 23.959373474121094,
            "virtual_used": 1.0956916809082031,
            "virtual_free": 0.7701759338378906
        },
        "samples": [
            {
                "cpu_util": 0.0,
                "disk_read": 0.43979501724243164,
                "disk_write": 3.212076187133789,
                "disk_used": 4.042705535888672,
                "disk_free": 23.959369659423828,
                "virtual_used": 1.0956840515136719,
                "virtual_free": 0.7701835632324219,
                "sample": 1
            }
        ],
        "response_time": 0.0012624263763427734
    },
    "create": {
        "baseline": {
            "cpu_util": 0.0,
            "disk_read": 0.43979501724243164,
            "disk_write": 3.212137222290039,
            "disk_used": 4.042705535888672,
            "disk_free": 23.959369659423828,
            "virtual_used": 1.0956840515136719,
            "virtual_free": 0.7701835632324219
        },
        "samples": [
            {
                "cpu_util": 10.0,
                "disk_read": 0.43979501724243164,
                "disk_write": 3.2123050689697266,
                "disk_used": 4.042713165283203,
                "disk_free": 23.959362030029297,
                "virtual_used": 1.095672607421875,
                "virtual_free": 0.7701950073242188,
                "sample": 1
            }
        ],
        "response_time": 0.030484914779663086
    },
    "readOneUnstruct": {
        "baseline": {
            "cpu_util": 0.0,
            "disk_read": 0.43979501724243164,
            "disk_write": 3.2124156951904297,
            "disk_used": 4.042713165283203,
            "disk_free": 23.959362030029297,
            "virtual_used": 1.0955924987792969,
            "virtual_free": 0.7702751159667969
        },
        "samples": [
            {
                "cpu_util": 0.0,
                "disk_read": 0.43979501724243164,
                "disk_write": 3.2124156951904297,
                "disk_used": 4.042713165283203,
                "disk_free": 23.959362030029297,
                "virtual_used": 1.0955924987792969,
                "virtual_free": 0.7702751159667969,
                "sample": 1
            }
        ],
        "response_time": 0.002698659896850586
    }
}