{
    "delete": {
        "baseline": {
            "cpu_util": 0.0,
            "disk_read": 0.46924591064453125,
            "disk_write": 4.330110549926758,
            "disk_used": 3.873271942138672,
            "disk_free": 24.128803253173828,
            "virtual_used": 1.0648002624511719,
            "virtual_free": 0.8010673522949219
        },
        "samples": [
            {
                "cpu_util": 4.8,
                "disk_read": 0.46924591064453125,
                "disk_write": 4.330114364624023,
                "disk_used": 3.873271942138672,
                "disk_free": 24.128803253173828,
                "virtual_used": 1.0650367736816406,
                "virtual_free": 0.8008308410644531,
                "sample": 1
            }
        ],
        "response_time": 0.0008609294891357422
    },
    "create": {
        "baseline": {
            "cpu_util": 0.0,
            "disk_read": 0.46924591064453125,
            "disk_write": 4.330114364624023,
            "disk_used": 3.8782920837402344,
            "disk_free": 24.123783111572266,
            "virtual_used": 1.0634269714355469,
            "virtual_free": 0.8024406433105469
        },
        "samples": [
            {
                "cpu_util": 50.0,
                "disk_read": 0.46924591064453125,
                "disk_write": 4.330114364624023,
                "disk_used": 3.8782920837402344,
                "disk_free": 24.123783111572266,
                "virtual_used": 1.0633621215820312,
                "virtual_free": 0.8025054931640625,
                "sample": 1
            },
            {
                "cpu_util": 53.8,
                "disk_read": 0.46924591064453125,
                "disk_write": 4.330114364624023,
                "disk_used": 3.8782920837402344,
                "disk_free": 24.123783111572266,
                "virtual_used": 1.0640029907226562,
                "virtual_free": 0.8018646240234375,
                "sample": 2
            },
            {
                "cpu_util": 52.6,
                "disk_read": 0.46924591064453125,
                "disk_write": 4.331613540649414,
                "disk_used": 3.8782997131347656,
                "disk_free": 24.123775482177734,
                "virtual_used": 1.0703620910644531,
                "virtual_free": 0.7955055236816406,
                "sample": 3
            },
            {
                "cpu_util": 73.7,
                "disk_read": 0.46924591064453125,
                "disk_write": 4.334936141967773,
                "disk_used": 3.8827285766601562,
                "disk_free": 24.119346618652344,
                "virtual_used": 1.0714454650878906,
                "virtual_free": 0.7944221496582031,
                "sample": 4
            }
        ],
        "response_time": 0.8730933666229248
    },
    "aggregateStruct": {
        "baseline": {
            "cpu_util": 0.0,
            "disk_read": 0.46924591064453125,
            "disk_write": 4.334936141967773,
            "disk_used": 3.883319854736328,
            "disk_free": 24.118755340576172,
            "virtual_used": 1.0710411071777344,
            "virtual_free": 0.7948265075683594
        },
        "samples": [
            {
                "cpu_util": 20.0,
                "disk_read": 0.46924591064453125,
                "disk_write": 4.334936141967773,
                "disk_used": 3.883319854736328,
                "disk_free": 24.118755340576172,
                "virtual_used": 1.0689659118652344,
                "virtual_free": 0.7969017028808594,
                "sample": 1
            }
        ],
        "response_time": 0.04638218879699707
    }
}