{
    "delete": {
        "baseline": {
            "cpu_util": 0.0,
            "disk_read": 0.3482065200805664,
            "disk_write": 2.900156021118164,
            "disk_used": 3.8849143981933594,
            "disk_free": 24.11716079711914,
            "virtual_used": 1.0280532836914062,
            "virtual_free": 2.7189064025878906
        },
        "samples": [
            {
                "cpu_util": 0.0,
                "disk_read": 0.3482065200805664,
                "disk_write": 2.9001598358154297,
                "disk_used": 3.884918212890625,
                "disk_free": 24.117156982421875,
                "virtual_used": 1.0280532836914062,
                "virtual_free": 2.7189064025878906,
                "sample": 1
            }
        ],
        "response_time": 0.0009367465972900391
    },
    "create": {
        "baseline": {
            "cpu_util": 0.0,
            "disk_read": 0.3482065200805664,
            "disk_write": 2.9001598358154297,
            "disk_used": 3.884918212890625,
            "disk_free": 24.117156982421875,
            "virtual_used": 1.0279960632324219,
            "virtual_free": 2.718963623046875
        },
        "samples": [
            {
                "cpu_util": 47.8,
                "disk_read": 0.3482065200805664,
                "disk_write": 2.900514602661133,
                "disk_used": 3.8849258422851562,
                "disk_free": 24.117149353027344,
                "virtual_used": 1.0270118713378906,
                "virtual_free": 2.7199478149414062,
                "sample": 1
            }
        ],
        "response_time": 0.12904047966003418
    },
    "readManyStruct": {
        "baseline": {
            "cpu_util": 0.0,
            "disk_read": 0.3482065200805664,
            "disk_write": 2.9008045196533203,
            "disk_used": 3.8849258422851562,
            "disk_free": 24.117149353027344,
            "virtual_used": 1.0242271423339844,
            "virtual_free": 2.7227325439453125
        },
        "samples": [
            {
                "cpu_util": 0.0,
                "disk_read": 0.3482065200805664,
                "disk_write": 2.9008045196533203,
                "disk_used": 3.8849258422851562,
                "disk_free": 24.117149353027344,
                "virtual_used": 1.0244674682617188,
                "virtual_free": 2.722492218017578,
                "sample": 1
            }
        ],
        "response_time": 7.462501525878906e-05
    }
}