{
    "delete": {
        "baseline": {
            "cpu_util": 0.0,
            "disk_read": 0.3510246276855469,
            "disk_write": 2.940553665161133,
            "disk_used": 3.844371795654297,
            "disk_free": 24.157703399658203,
            "virtual_used": 1.002685546875,
            "virtual_free": 0.8631820678710938
        },
        "samples": [
            {
                "cpu_util": 0.0,
                "disk_read": 0.3510246276855469,
                "disk_write": 2.9405574798583984,
                "disk_used": 3.844371795654297,
                "disk_free": 24.157703399658203,
                "virtual_used": 1.002685546875,
                "virtual_free": 0.8631820678710938,
                "sample": 1
            }
        ],
        "response_time": 0.0008323192596435547
    },
    "create": {
        "baseline": {
            "cpu_util": 0.0,
            "disk_read": 0.3510246276855469,
            "disk_write": 2.9405574798583984,
            "disk_used": 3.8443756103515625,
            "disk_free": 24.157699584960938,
            "virtual_used": 1.0026664733886719,
            "virtual_free": 0.8632011413574219
        },
        "samples": [
            {
                "cpu_util": 5.3,
                "disk_read": 0.3510246276855469,
                "disk_write": 2.940713882446289,
                "disk_used": 3.8443832397460938,
                "disk_free": 24.157691955566406,
                "virtual_used": 1.0025825500488281,
                "virtual_free": 0.8632850646972656,
                "sample": 1
            }
        ],
        "response_time": 0.02134561538696289
    },
    "updateManyUnstruct": {
        "baseline": {
            "cpu_util": 0.0,
            "disk_read": 0.3510246276855469,
            "disk_write": 2.940824508666992,
            "disk_used": 3.8443832397460938,
            "disk_free": 24.157691955566406,
            "virtual_used": 1.0025825500488281,
            "virtual_free": 0.8632850646972656
        },
        "samples": [
            {
                "cpu_util": 9.5,
                "disk_read": 0.3510246276855469,
                "disk_write": 2.940824508666992,
                "disk_used": 3.8443832397460938,
                "disk_free": 24.157691955566406,
                "virtual_used": 1.00250244140625,
                "virtual_free": 0.8633651733398438,
                "sample": 1
            }
        ],
        "response_time": 0.011440515518188477
    }
}