{
    "delete": {
        "baseline": {
            "cpu_util": 0.0,
            "disk_read": 0.34622669219970703,
            "disk_write": 2.833494186401367,
            "disk_used": 3.903789520263672,
            "disk_free": 24.098285675048828,
            "virtual_used": 0.9286994934082031,
            "virtual_free": 0.9371681213378906
        },
        "samples": [
            {
                "cpu_util": 4.8,
                "disk_read": 0.34622669219970703,
                "disk_write": 2.833498001098633,
                "disk_used": 3.903789520263672,
                "disk_free": 24.098285675048828,
                "virtual_used": 0.9286956787109375,
                "virtual_free": 0.9371719360351562,
                "sample": 1
            }
        ],
        "response_time": 0.0009157657623291016
    },
    "create": {
        "baseline": {
            "cpu_util": 0.0,
            "disk_read": 0.34622669219970703,
            "disk_write": 2.833498001098633,
            "disk_used": 3.903789520263672,
            "disk_free": 24.098285675048828,
            "virtual_used": 0.9286956787109375,
            "virtual_free": 0.9371719360351562
        },
        "samples": [
            {
                "cpu_util": 5.0,
                "disk_read": 0.34622669219970703,
                "disk_write": 2.8337574005126953,
                "disk_used": 3.903797149658203,
                "disk_free": 24.098278045654297,
                "virtual_used": 0.928802490234375,
                "virtual_free": 0.9370651245117188,
                "sample": 1
            }
        ],
        "response_time": 0.019621849060058594
    },
    "updateOneUnstruct": {
        "baseline": {
            "cpu_util": 0.0,
            "disk_read": 0.34622669219970703,
            "disk_write": 2.8337574005126953,
            "disk_used": 3.903797149658203,
            "disk_free": 24.098278045654297,
            "virtual_used": 0.928802490234375,
            "virtual_free": 0.9370651245117188
        },
        "samples": [
            {
                "cpu_util": 5.0,
                "disk_read": 0.34622669219970703,
                "disk_write": 2.833761215209961,
                "disk_used": 3.903797149658203,
                "disk_free": 24.098278045654297,
                "virtual_used": 0.9277610778808594,
                "virtual_free": 0.9381065368652344,
                "sample": 1
            }
        ],
        "response_time": 0.004631996154785156
    }
}