{
    "delete": {
        "baseline": {
            "cpu_util": 0.0,
            "disk_read": 0.3250589370727539,
            "disk_write": 1.292989730834961,
            "disk_used": 3.981830596923828,
            "disk_free": 24.020244598388672,
            "virtual_used": 1.3650093078613281,
            "virtual_free": 2.3819503784179688
        },
        "samples": [
            {
                "cpu_util": 4.8,
                "disk_read": 0.3250589370727539,
                "disk_write": 1.2930355072021484,
                "disk_used": 3.981830596923828,
                "disk_free": 24.020244598388672,
                "virtual_used": 1.3650054931640625,
                "virtual_free": 2.3819541931152344,
                "sample": 1
            }
        ],
        "response_time": 0.0008723735809326172
    },
    "create": {
        "baseline": {
            "cpu_util": 0.0,
            "disk_read": 0.3250589370727539,
            "disk_write": 1.2930355072021484,
            "disk_used": 3.981830596923828,
            "disk_free": 24.020244598388672,
            "virtual_used": 1.3649978637695312,
            "virtual_free": 2.3819618225097656
        },
        "samples": [
            {
                "cpu_util": 50.0,
                "disk_read": 0.3250589370727539,
                "disk_write": 1.2930355072021484,
                "disk_used": 3.981830596923828,
                "disk_free": 24.020244598388672,
                "virtual_used": 1.3649978637695312,
                "virtual_free": 2.3819618225097656,
                "sample": 1
            },
            {
                "cpu_util": 52.0,
                "disk_read": 0.3250589370727539,
                "disk_write": 1.2930355072021484,
                "disk_used": 3.981830596923828,
                "disk_free": 24.020244598388672,
                "virtual_used": 1.3878021240234375,
                "virtual_free": 2.3591575622558594,
                "sample": 2
            },
            {
                "cpu_util": 47.4,
                "disk_read": 0.3250589370727539,
                "disk_write": 1.2960224151611328,
                "disk_used": 3.9818382263183594,
                "disk_free": 24.02023696899414,
                "virtual_used": 1.3568191528320312,
                "virtual_free": 2.3901405334472656,
                "sample": 3
            },
            {
                "cpu_util": 55.0,
                "disk_read": 0.3250589370727539,
                "disk_write": 1.2985210418701172,
                "disk_used": 3.9818382263183594,
                "disk_free": 24.02023696899414,
                "virtual_used": 1.364959716796875,
                "virtual_free": 2.381999969482422,
                "sample": 4
            },
            {
                "cpu_util": 40.9,
                "disk_read": 0.3250589370727539,
                "disk_write": 1.3025226593017578,
                "disk_used": 3.9826507568359375,
                "disk_free": 24.019424438476562,
                "virtual_used": 1.3660926818847656,
                "virtual_free": 2.3808670043945312,
                "sample": 5
            }
        ],
        "response_time": 1.3632967472076416
    },
    "readManyUnstruct": {
        "baseline": {
            "cpu_util": 25.0,
            "disk_read": 0.3250589370727539,
            "disk_write": 1.3026447296142578,
            "disk_used": 3.9920501708984375,
            "disk_free": 24.010025024414062,
            "virtual_used": 1.3873977661132812,
            "virtual_free": 2.3595619201660156
        },
        "samples": [
            {
                "cpu_util": 0.0,
                "disk_read": 0.3250589370727539,
                "disk_write": 1.3026447296142578,
                "disk_used": 3.9920501708984375,
                "disk_free": 24.010025024414062,
                "virtual_used": 1.3873977661132812,
                "virtual_free": 2.3595619201660156,
                "sample": 1
            }
        ],
        "response_time": 7.224082946777344e-05
    }
}