{
    "delete": {
        "baseline": {
            "cpu_util": 50.0,
            "disk_read": 1.4431443214416504,
            "disk_write": 28.6369686126709,
            "disk_used": 4.924640655517578,
            "disk_free": 23.077434539794922,
            "virtual_used": 2.979522705078125,
            "virtual_free": 0.7674293518066406
        },
        "samples": [
            {
                "cpu_util": 57.1,
                "disk_read": 1.4431443214416504,
                "disk_write": 28.636972427368164,
                "disk_used": 4.924640655517578,
                "disk_free": 23.077434539794922,
                "virtual_used": 2.979522705078125,
                "virtual_free": 0.7674293518066406,
                "sample": 1
            }
        ],
        "response_time": 0.0009317398071289062
    },
    "create": {
        "baseline": {
            "cpu_util": 47.4,
            "disk_read": 1.4431443214416504,
            "disk_write": 28.637014389038086,
            "disk_used": 4.924640655517578,
            "disk_free": 23.077434539794922,
            "virtual_used": 2.9795188903808594,
            "virtual_free": 0.7674331665039062
        },
        "samples": [
            {
                "cpu_util": 52.6,
                "disk_read": 1.4431443214416504,
                "disk_write": 28.63716697692871,
                "disk_used": 4.924648284912109,
                "disk_free": 23.07742691040039,
                "virtual_used": 2.9795074462890625,
                "virtual_free": 0.7674446105957031,
                "sample": 1
            }
        ],
        "response_time": 0.01840972900390625
    },
    "insertOneStruct": {
        "baseline": {
            "cpu_util": 47.6,
            "disk_read": 1.4431443214416504,
            "disk_write": 28.637174606323242,
            "disk_used": 4.924648284912109,
            "disk_free": 23.07742691040039,
            "virtual_used": 2.9795074462890625,
            "virtual_free": 0.7674446105957031
        },
        "samples": [
            {
                "cpu_util": 52.6,
                "disk_read": 1.4431443214416504,
                "disk_write": 28.637197494506836,
                "disk_used": 4.924648284912109,
                "disk_free": 23.07742691040039,
                "virtual_used": 2.979503631591797,
                "virtual_free": 0.7674484252929688,
                "sample": 1
            }
        ],
        "response_time": 0.0006811618804931641
    }
}