{
    "delete": {
        "baseline": {
            "cpu_util": 0.0,
            "disk_read": 0.3278231620788574,
            "disk_write": 0.6730213165283203,
            "disk_used": 3.7184104919433594,
            "disk_free": 24.28366470336914,
            "virtual_used": 0.6841888427734375,
            "virtual_free": 3.0627670288085938
        },
        "samples": [
            {
                "cpu_util": 0.0,
                "disk_read": 0.3278231620788574,
                "disk_write": 0.6730251312255859,
                "disk_used": 3.7184104919433594,
                "disk_free": 24.28366470336914,
                "virtual_used": 0.6846656799316406,
                "virtual_free": 3.0622901916503906,
                "sample": 1
            }
        ],
        "response_time": 0.0008568763732910156
    },
    "create": {
        "baseline": {
            "cpu_util": 0.0,
            "disk_read": 0.3278231620788574,
            "disk_write": 0.6730251312255859,
            "disk_used": 3.7184104919433594,
            "disk_free": 24.28366470336914,
            "virtual_used": 0.6846656799316406,
            "virtual_free": 3.0622901916503906
        },
        "samples": [
            {
                "cpu_util": 31.8,
                "disk_read": 0.3278231620788574,
                "disk_write": 0.6738033294677734,
                "disk_used": 3.7184181213378906,
                "disk_free": 24.28365707397461,
                "virtual_used": 0.6916618347167969,
                "virtual_free": 3.0552940368652344,
                "sample": 1
            }
        ],
        "response_time": 0.08427739143371582
    },
    "insertOneUnstruct": {
        "baseline": {
            "cpu_util": 4.8,
            "disk_read": 0.3278231620788574,
            "disk_write": 0.6741428375244141,
            "disk_used": 3.7184181213378906,
            "disk_free": 24.28365707397461,
            "virtual_used": 0.6916007995605469,
            "virtual_free": 3.0553550720214844
        },
        "samples": [
            {
                "cpu_util": 0.0,
                "disk_read": 0.3278231620788574,
                "disk_write": 0.6741466522216797,
                "disk_used": 3.7184181213378906,
                "disk_free": 24.28365707397461,
                "virtual_used": 0.6916007995605469,
                "virtual_free": 3.0553550720214844,
                "sample": 1
            }
        ],
        "response_time": 0.0007796287536621094
    }
}