{
    "delete": {
        "baseline": {
            "cpu_util": 25.0,
            "disk_read": 0.3399085998535156,
            "disk_write": 1.1756877899169922,
            "disk_used": 4.104824066162109,
            "disk_free": 23.89725112915039,
            "virtual_used": 1.4097709655761719,
            "virtual_free": 2.3371963500976562
        },
        "samples": [
            {
                "cpu_util": 0.0,
                "disk_read": 0.3399085998535156,
                "disk_write": 1.1756916046142578,
                "disk_used": 4.104824066162109,
                "disk_free": 23.89725112915039,
                "virtual_used": 1.409759521484375,
                "virtual_free": 2.337207794189453,
                "sample": 1
            }
        ],
        "response_time": 0.0008664131164550781
    },
    "create": {
        "baseline": {
            "cpu_util": 0.0,
            "disk_read": 0.3399085998535156,
            "disk_write": 1.1756916046142578,
            "disk_used": 4.104824066162109,
            "disk_free": 23.89725112915039,
            "virtual_used": 1.4096946716308594,
            "virtual_free": 2.3372726440429688
        },
        "samples": [
            {
                "cpu_util": 52.2,
                "disk_read": 0.3399085998535156,
                "disk_write": 1.1756916046142578,
                "disk_used": 4.104824066162109,
                "disk_free": 23.89725112915039,
                "virtual_used": 1.4096946716308594,
                "virtual_free": 2.3372726440429688,
                "sample": 1
            },
            {
                "cpu_util": 50.0,
                "disk_read": 0.3399085998535156,
                "disk_write": 1.1762027740478516,
                "disk_used": 4.104831695556641,
                "disk_free": 23.89724349975586,
                "virtual_used": 1.4108085632324219,
                "virtual_free": 2.3361587524414062,
                "sample": 2
            },
            {
                "cpu_util": 71.4,
                "disk_read": 0.3399085998535156,
                "disk_write": 1.1809329986572266,
                "disk_used": 4.106452941894531,
                "disk_free": 23.89562225341797,
                "virtual_used": 1.4124298095703125,
                "virtual_free": 2.3345375061035156,
                "sample": 3
            },
            {
                "cpu_util": 52.6,
                "disk_read": 0.3399085998535156,
                "disk_write": 1.184671401977539,
                "disk_used": 4.110221862792969,
                "disk_free": 23.89185333251953,
                "virtual_used": 1.4280738830566406,
                "virtual_free": 2.3188934326171875,
                "sample": 4
            }
        ],
        "response_time": 0.848762035369873
    },
    "readOneUnstruct": {
        "baseline": {
            "cpu_util": 0.0,
            "disk_read": 0.3399085998535156,
            "disk_write": 1.1852970123291016,
            "disk_used": 4.110221862792969,
            "disk_free": 23.89185333251953,
            "virtual_used": 1.4279670715332031,
            "virtual_free": 2.319000244140625
        },
        "samples": [
            {
                "cpu_util": 42.1,
                "disk_read": 0.3399085998535156,
                "disk_write": 1.1852970123291016,
                "disk_used": 4.110221862792969,
                "disk_free": 23.89185333251953,
                "virtual_used": 1.4279670715332031,
                "virtual_free": 2.319000244140625,
                "sample": 1
            }
        ],
        "response_time": 0.08412289619445801
    }
}