{
    "delete": {
        "baseline": {
            "cpu_util": 4.8,
            "disk_read": 0.5018115043640137,
            "disk_write": 4.697874069213867,
            "disk_used": 4.300769805908203,
            "disk_free": 23.701305389404297,
            "virtual_used": 1.1832199096679688,
            "virtual_free": 0.682647705078125
        },
        "samples": [
            {
                "cpu_util": 10.0,
                "disk_read": 0.5018115043640137,
                "disk_write": 4.697877883911133,
                "disk_used": 4.300769805908203,
                "disk_free": 23.701305389404297,
                "virtual_used": 1.1832084655761719,
                "virtual_free": 0.6826591491699219,
                "sample": 1
            }
        ],
        "response_time": 0.0009028911590576172
    },
    "create": {
        "baseline": {
            "cpu_util": 0.0,
            "disk_read": 0.5018115043640137,
            "disk_write": 4.697877883911133,
            "disk_used": 4.300769805908203,
            "disk_free": 23.701305389404297,
            "virtual_used": 1.1832084655761719,
            "virtual_free": 0.6826591491699219
        },
        "samples": [
            {
                "cpu_util": 50.0,
                "disk_read": 0.5018115043640137,
                "disk_write": 4.697877883911133,
                "disk_used": 4.300769805908203,
                "disk_free": 23.701305389404297,
                "virtual_used": 1.1831550598144531,
                "virtual_free": 0.6827125549316406,
                "sample": 1
            },
            {
                "cpu_util": 55.0,
                "disk_read": 0.5018115043640137,
                "disk_write": 4.698015213012695,
                "disk_used": 4.30078125,
                "disk_free": 23.7012939453125,
                "virtual_used": 1.17578125,
                "virtual_free": 0.6900863647460938,
                "sample": 2
            },
            {
                "cpu_util": 80.0,
                "disk_read": 0.5018115043640137,
                "disk_write": 4.700483322143555,
                "disk_used": 4.302349090576172,
                "disk_free": 23.699726104736328,
                "virtual_used": 1.1784019470214844,
                "virtual_free": 0.6874656677246094,
                "sample": 3
            },
            {
                "cpu_util": 18.2,
                "disk_read": 0.5018115043640137,
                "disk_write": 4.702692031860352,
                "disk_used": 4.303836822509766,
                "disk_free": 23.698238372802734,
                "virtual_used": 1.1909446716308594,
                "virtual_free": 0.6749229431152344,
                "sample": 4
            }
        ],
        "response_time": 0.9140479564666748
    },
    "updateManyStruct": {
        "baseline": {
            "cpu_util": 5.3,
            "disk_read": 0.5018115043640137,
            "disk_write": 4.702692031860352,
            "disk_used": 4.305797576904297,
            "disk_free": 23.696277618408203,
            "virtual_used": 1.1889762878417969,
            "virtual_free": 0.6768913269042969
        },
        "samples": [
            {
                "cpu_util": 52.4,
                "disk_read": 0.5018115043640137,
                "disk_write": 4.703424453735352,
                "disk_used": 4.305797576904297,
                "disk_free": 23.696277618408203,
                "virtual_used": 1.1870956420898438,
                "virtual_free": 0.67877197265625,
                "sample": 1
            },
            {
                "cpu_util": 52.6,
                "disk_read": 0.5018115043640137,
                "disk_write": 4.707357406616211,
                "disk_used": 4.305797576904297,
                "disk_free": 23.696277618408203,
                "virtual_used": 1.1818809509277344,
                "virtual_free": 0.6839866638183594,
                "sample": 2
            },
            {
                "cpu_util": 50.0,
                "disk_read": 0.5018115043640137,
                "disk_write": 4.710607528686523,
                "disk_used": 4.3058013916015625,
                "disk_free": 23.696273803710938,
                "virtual_used": 1.1808433532714844,
                "virtual_free": 0.6850242614746094,
                "sample": 3
            },
            {
                "cpu_util": 68.2,
                "disk_read": 0.5018115043640137,
                "disk_write": 4.713274002075195,
                "disk_used": 4.305854797363281,
                "disk_free": 23.69622039794922,
                "virtual_used": 1.1807212829589844,
                "virtual_free": 0.6851463317871094,
                "sample": 4
            },
            {
                "cpu_util": 52.4,
                "disk_read": 0.5018115043640137,
                "disk_write": 4.716165542602539,
                "disk_used": 4.305854797363281,
                "disk_free": 23.69622039794922,
                "virtual_used": 1.1819648742675781,
                "virtual_free": 0.6839027404785156,
                "sample": 5
            },
            {
                "cpu_util": 50.0,
                "disk_read": 0.5018115043640137,
                "disk_write": 4.719560623168945,
                "disk_used": 4.305854797363281,
                "disk_free": 23.69622039794922,
                "virtual_used": 1.1861686706542969,
                "virtual_free": 0.6796989440917969,
                "sample": 6
            },
            {
                "cpu_util": 50.0,
                "disk_read": 0.5018115043640137,
                "disk_write": 4.72150993347168,
                "disk_used": 4.305854797363281,
                "disk_free": 23.69622039794922,
                "virtual_used": 1.1827278137207031,
                "virtual_free": 0.6831398010253906,
                "sample": 7
            },
            {
                "cpu_util": 52.4,
                "disk_read": 0.5018115043640137,
                "disk_write": 4.72523307800293,
                "disk_used": 4.305854797363281,
                "disk_free": 23.69622039794922,
                "virtual_used": 1.1791877746582031,
                "virtual_free": 0.6866798400878906,
                "sample": 8
            }
        ],
        "response_time": 1.5068717002868652
    }
}