{
    "delete": {
        "baseline": {
            "cpu_util": 0.0,
            "disk_read": 0.5018115043640137,
            "disk_write": 4.570772171020508,
            "disk_used": 4.193058013916016,
            "disk_free": 23.809017181396484,
            "virtual_used": 1.1835594177246094,
            "virtual_free": 0.6823081970214844
        },
        "samples": [
            {
                "cpu_util": 15.0,
                "disk_read": 0.5018115043640137,
                "disk_write": 4.570775985717773,
                "disk_used": 4.193061828613281,
                "disk_free": 23.80901336669922,
                "virtual_used": 1.1835594177246094,
                "virtual_free": 0.6823081970214844,
                "sample": 1
            }
        ],
        "response_time": 0.0010068416595458984
    },
    "create": {
        "baseline": {
            "cpu_util": 0.0,
            "disk_read": 0.5018115043640137,
            "disk_write": 4.570775985717773,
            "disk_used": 4.193061828613281,
            "disk_free": 23.80901336669922,
            "virtual_used": 1.1835594177246094,
            "virtual_free": 0.6823081970214844
        },
        "samples": [
            {
                "cpu_util": 50.9,
                "disk_read": 0.5018115043640137,
                "disk_write": 4.570775985717773,
                "disk_used": 4.193061828613281,
                "disk_free": 23.80901336669922,
                "virtual_used": 1.1834869384765625,
                "virtual_free": 0.6823806762695312,
                "sample": 1
            },
            {
                "cpu_util": 50.0,
                "disk_read": 0.5018115043640137,
                "disk_write": 4.570928573608398,
                "disk_used": 4.1930694580078125,
                "disk_free": 23.809005737304688,
                "virtual_used": 1.1810569763183594,
                "virtual_free": 0.6848106384277344,
                "sample": 2
            },
            {
                "cpu_util": 76.2,
                "disk_read": 0.5018115043640137,
                "disk_write": 4.572221755981445,
                "disk_used": 4.193756103515625,
                "disk_free": 23.808319091796875,
                "virtual_used": 1.1819343566894531,
                "virtual_free": 0.6839332580566406,
                "sample": 3
            },
            {
                "cpu_util": 52.6,
                "disk_read": 0.5018115043640137,
                "disk_write": 4.573816299438477,
                "disk_used": 4.194599151611328,
                "disk_free": 23.807476043701172,
                "virtual_used": 1.1832923889160156,
                "virtual_free": 0.6825752258300781,
                "sample": 4
            },
            {
                "cpu_util": 45.5,
                "disk_read": 0.5018115043640137,
                "disk_write": 4.575624465942383,
                "disk_used": 4.194599151611328,
                "disk_free": 23.807476043701172,
                "virtual_used": 1.185821533203125,
                "virtual_free": 0.6800460815429688,
                "sample": 5
            }
        ],
        "response_time": 1.2276768684387207
    },
    "updateManyStruct": {
        "baseline": {
            "cpu_util": 0.0,
            "disk_read": 0.5018115043640137,
            "disk_write": 4.575689315795898,
            "disk_used": 4.194602966308594,
            "disk_free": 23.807472229003906,
            "virtual_used": 1.1858062744140625,
            "virtual_free": 0.6800613403320312
        },
        "samples": [
            {
                "cpu_util": 57.1,
                "disk_read": 0.5018115043640137,
                "disk_write": 4.576208114624023,
                "disk_used": 4.194606781005859,
                "disk_free": 23.80746841430664,
                "virtual_used": 1.1859054565429688,
                "virtual_free": 0.679962158203125,
                "sample": 1
            },
            {
                "cpu_util": 52.6,
                "disk_read": 0.5018115043640137,
                "disk_write": 4.579595565795898,
                "disk_used": 4.194606781005859,
                "disk_free": 23.80746841430664,
                "virtual_used": 1.1844100952148438,
                "virtual_free": 0.68145751953125,
                "sample": 2
            },
            {
                "cpu_util": 81.8,
                "disk_read": 0.5018115043640137,
                "disk_write": 4.581693649291992,
                "disk_used": 4.1966400146484375,
                "disk_free": 23.805435180664062,
                "virtual_used": 1.1865692138671875,
                "virtual_free": 0.6792984008789062,
                "sample": 3
            },
            {
                "cpu_util": 55.0,
                "disk_read": 0.5018115043640137,
                "disk_write": 4.583047866821289,
                "disk_used": 4.19818115234375,
                "disk_free": 23.80389404296875,
                "virtual_used": 1.1884841918945312,
                "virtual_free": 0.6773834228515625,
                "sample": 4
            },
            {
                "cpu_util": 50.0,
                "disk_read": 0.5018115043640137,
                "disk_write": 4.585695266723633,
                "disk_used": 4.19818115234375,
                "disk_free": 23.80389404296875,
                "virtual_used": 1.1826667785644531,
                "virtual_free": 0.6832008361816406,
                "sample": 5
            },
            {
                "cpu_util": 52.4,
                "disk_read": 0.5018115043640137,
                "disk_write": 4.588762283325195,
                "disk_used": 4.19818115234375,
                "disk_free": 23.80389404296875,
                "virtual_used": 1.1799507141113281,
                "virtual_free": 0.6859169006347656,
                "sample": 6
            },
            {
                "cpu_util": 52.4,
                "disk_read": 0.5018115043640137,
                "disk_write": 4.591062545776367,
                "disk_used": 4.19818115234375,
                "disk_free": 23.80389404296875,
                "virtual_used": 1.1782341003417969,
                "virtual_free": 0.6876335144042969,
                "sample": 7
            },
            {
                "cpu_util": 50.0,
                "disk_read": 0.5018115043640137,
                "disk_write": 4.593652725219727,
                "disk_used": 4.19818115234375,
                "disk_free": 23.80389404296875,
                "virtual_used": 1.1837196350097656,
                "virtual_free": 0.6821479797363281,
                "sample": 8
            },
            {
                "cpu_util": 47.6,
                "disk_read": 0.5018115043640137,
                "disk_write": 4.595582962036133,
                "disk_used": 4.198207855224609,
                "disk_free": 23.80386734008789,
                "virtual_used": 1.1815757751464844,
                "virtual_free": 0.6842918395996094,
                "sample": 9
            },
            {
                "cpu_util": 52.4,
                "disk_read": 0.5018115043640137,
                "disk_write": 4.598199844360352,
                "disk_used": 4.198207855224609,
                "disk_free": 23.80386734008789,
                "virtual_used": 1.1790428161621094,
                "virtual_free": 0.6868247985839844,
                "sample": 10
            }
        ],
        "response_time": 1.9905776977539062
    }
}