{
    "delete": {
        "baseline": {
            "cpu_util": 0.0,
            "disk_read": 0.7575182914733887,
            "disk_write": 15.52720832824707,
            "disk_used": 3.8757400512695312,
            "disk_free": 24.12633514404297,
            "virtual_used": 1.6172256469726562,
            "virtual_free": 2.129730224609375
        },
        "samples": [
            {
                "cpu_util": 0.0,
                "disk_read": 0.7575182914733887,
                "disk_write": 15.52720832824707,
                "disk_used": 3.8757400512695312,
                "disk_free": 24.12633514404297,
                "virtual_used": 1.6172256469726562,
                "virtual_free": 2.129730224609375,
                "sample": 1
            }
        ],
        "response_time": 0.0006909370422363281
    },
    "create": {
        "baseline": {
            "cpu_util": 0.0,
            "disk_read": 0.7575182914733887,
            "disk_write": 15.52720832824707,
            "disk_used": 3.8780174255371094,
            "disk_free": 24.12405776977539,
            "virtual_used": 1.6178665161132812,
            "virtual_free": 2.12908935546875
        },
        "samples": [
            {
                "cpu_util": 4.8,
                "disk_read": 0.7575182914733887,
                "disk_write": 15.527444839477539,
                "disk_used": 3.8780250549316406,
                "disk_free": 24.12405014038086,
                "virtual_used": 1.61798095703125,
                "virtual_free": 2.1289749145507812,
                "sample": 1
            }
        ],
        "response_time": 0.02488231658935547
    },
    "insertOneStruct": {
        "baseline": {
            "cpu_util": 0.0,
            "disk_read": 0.7575182914733887,
            "disk_write": 15.527444839477539,
            "disk_used": 3.8780250549316406,
            "disk_free": 24.12405014038086,
            "virtual_used": 1.6179771423339844,
            "virtual_free": 2.128978729248047
        },
        "samples": [
            {
                "cpu_util": 0.0,
                "disk_read": 0.7575182914733887,
                "disk_write": 15.527460098266602,
                "disk_used": 3.8780250549316406,
                "disk_free": 24.12405014038086,
                "virtual_used": 1.6179733276367188,
                "virtual_free": 2.1289825439453125,
                "sample": 1
            }
        ],
        "response_time": 0.0007300376892089844
    }
}