{
    "delete": {
        "baseline": {
            "cpu_util": 0.0,
            "disk_read": 0.6195502281188965,
            "disk_write": 4.368036270141602,
            "disk_used": 3.852588653564453,
            "disk_free": 24.149486541748047,
            "virtual_used": 1.23773193359375,
            "virtual_free": 2.509227752685547
        },
        "samples": [
            {
                "cpu_util": 0.0,
                "disk_read": 0.6195502281188965,
                "disk_write": 4.368127822875977,
                "disk_used": 3.852588653564453,
                "disk_free": 24.149486541748047,
                "virtual_used": 1.23773193359375,
                "virtual_free": 2.509227752685547,
                "sample": 1
            }
        ],
        "response_time": 0.00081634521484375
    },
    "create": {
        "baseline": {
            "cpu_util": 0.0,
            "disk_read": 0.6195502281188965,
            "disk_write": 4.368127822875977,
            "disk_used": 3.852588653564453,
            "disk_free": 24.149486541748047,
            "virtual_used": 1.23773193359375,
            "virtual_free": 2.509227752685547
        },
        "samples": [
            {
                "cpu_util": 0.0,
                "disk_read": 0.6195502281188965,
                "disk_write": 4.368280410766602,
                "disk_used": 3.8525962829589844,
                "disk_free": 24.149478912353516,
                "virtual_used": 1.2377281188964844,
                "virtual_free": 2.5092315673828125,
                "sample": 1
            }
        ],
        "response_time": 0.017414093017578125
    },
    "readThenDeleteOldUsersStruct": {
        "baseline": {
            "cpu_util": 0.0,
            "disk_read": 0.6195502281188965,
            "disk_write": 4.368280410766602,
            "disk_used": 3.8525962829589844,
            "disk_free": 24.149478912353516,
            "virtual_used": 1.2377281188964844,
            "virtual_free": 2.5092315673828125
        },
        "samples": [
            {
                "cpu_util": 4.8,
                "disk_read": 0.6195502281188965,
                "disk_write": 4.368280410766602,
                "disk_used": 3.8525962829589844,
                "disk_free": 24.149478912353516,
                "virtual_used": 1.2377052307128906,
                "virtual_free": 2.5092544555664062,
                "sample": 1
            }
        ],
        "response_time": 0.0010197162628173828
    }
}