{
    "delete": {
        "baseline": {
            "cpu_util": 0.0,
            "disk_read": 0.32788801193237305,
            "disk_write": 0.7081012725830078,
            "disk_used": 3.7424850463867188,
            "disk_free": 24.25959014892578,
            "virtual_used": 0.9189224243164062,
            "virtual_free": 2.828033447265625
        },
        "samples": [
            {
                "cpu_util": 20.0,
                "disk_read": 0.32788801193237305,
                "disk_write": 0.7081050872802734,
                "disk_used": 3.7459678649902344,
                "disk_free": 24.256107330322266,
                "virtual_used": 0.9154396057128906,
                "virtual_free": 2.8315162658691406,
                "sample": 1
            }
        ],
        "response_time": 0.0008494853973388672
    },
    "create": {
        "baseline": {
            "cpu_util": 4.8,
            "disk_read": 0.32788801193237305,
            "disk_write": 0.7081050872802734,
            "disk_used": 3.7540969848632812,
            "disk_free": 24.24797821044922,
            "virtual_used": 0.9115409851074219,
            "virtual_free": 2.8354148864746094
        },
        "samples": [
            {
                "cpu_util": 40.0,
                "disk_read": 0.32788801193237305,
                "disk_write": 0.7088832855224609,
                "disk_used": 3.7541046142578125,
                "disk_free": 24.247970581054688,
                "virtual_used": 0.8984107971191406,
                "virtual_free": 2.8485450744628906,
                "sample": 1
            }
        ],
        "response_time": 0.08687591552734375
    },
    "insertManyUnstruct": {
        "baseline": {
            "cpu_util": 0.0,
            "disk_read": 0.32788801193237305,
            "disk_write": 0.7092227935791016,
            "disk_used": 3.7541046142578125,
            "disk_free": 24.247970581054688,
            "virtual_used": 0.8982696533203125,
            "virtual_free": 2.8486862182617188
        },
        "samples": [
            {
                "cpu_util": 51.0,
                "disk_read": 0.32788801193237305,
                "disk_write": 0.7092227935791016,
                "disk_used": 3.7541046142578125,
                "disk_free": 24.247970581054688,
                "virtual_used": 0.8984298706054688,
                "virtual_free": 2.8485260009765625,
                "sample": 1
            },
            {
                "cpu_util": 47.6,
                "disk_read": 0.32788801193237305,
                "disk_write": 0.7112522125244141,
                "disk_used": 3.7541046142578125,
                "disk_free": 24.247970581054688,
                "virtual_used": 0.9370803833007812,
                "virtual_free": 2.80987548828125,
                "sample": 2
            },
            {
                "cpu_util": 47.4,
                "disk_read": 0.32788801193237305,
                "disk_write": 0.7146320343017578,
                "disk_used": 3.7541046142578125,
                "disk_free": 24.247970581054688,
                "virtual_used": 0.9463577270507812,
                "virtual_free": 2.80059814453125,
                "sample": 3
            }
        ],
        "response_time": 0.8369755744934082
    }
}