{
    "delete": {
        "baseline": {
            "cpu_util": 0.0,
            "disk_read": 0.3482065200805664,
            "disk_write": 2.904081344604492,
            "disk_used": 3.888092041015625,
            "disk_free": 24.113983154296875,
            "virtual_used": 1.0217247009277344,
            "virtual_free": 2.7252349853515625
        },
        "samples": [
            {
                "cpu_util": 4.8,
                "disk_read": 0.3482065200805664,
                "disk_write": 2.904085159301758,
                "disk_used": 3.888092041015625,
                "disk_free": 24.113983154296875,
                "virtual_used": 1.0217247009277344,
                "virtual_free": 2.7252349853515625,
                "sample": 1
            }
        ],
        "response_time": 0.0008938312530517578
    },
    "create": {
        "baseline": {
            "cpu_util": 0.0,
            "disk_read": 0.3482065200805664,
            "disk_write": 2.904085159301758,
            "disk_used": 3.888092041015625,
            "disk_free": 24.113983154296875,
            "virtual_used": 1.0217247009277344,
            "virtual_free": 2.7252349853515625
        },
        "samples": [
            {
                "cpu_util": 43.5,
                "disk_read": 0.3482065200805664,
                "disk_write": 2.904237747192383,
                "disk_used": 3.8880996704101562,
                "disk_free": 24.113975524902344,
                "virtual_used": 1.0212745666503906,
                "virtual_free": 2.7256851196289062,
                "sample": 1
            }
        ],
        "response_time": 0.1474299430847168
    },
    "updateManyStruct": {
        "baseline": {
            "cpu_util": 0.0,
            "disk_read": 0.3482065200805664,
            "disk_write": 2.904722213745117,
            "disk_used": 3.8880996704101562,
            "disk_free": 24.113975524902344,
            "virtual_used": 1.0212745666503906,
            "virtual_free": 2.7256851196289062
        },
        "samples": [
            {
                "cpu_util": 52.2,
                "disk_read": 0.3482065200805664,
                "disk_write": 2.905385971069336,
                "disk_used": 3.8880996704101562,
                "disk_free": 24.113975524902344,
                "virtual_used": 1.02142333984375,
                "virtual_free": 2.725536346435547,
                "sample": 1
            }
        ],
        "response_time": 0.20136642456054688
    }
}