{
    "delete": {
        "baseline": {
            "cpu_util": 4.8,
            "disk_read": 0.3462648391723633,
            "disk_write": 3.4575443267822266,
            "disk_used": 3.8535919189453125,
            "disk_free": 24.148483276367188,
            "virtual_used": 0.9528236389160156,
            "virtual_free": 0.9130439758300781
        },
        "samples": [
            {
                "cpu_util": 4.8,
                "disk_read": 0.3462648391723633,
                "disk_write": 3.457548141479492,
                "disk_used": 3.8535919189453125,
                "disk_free": 24.148483276367188,
                "virtual_used": 0.95281982421875,
                "virtual_free": 0.9130477905273438,
                "sample": 1
            }
        ],
        "response_time": 0.0008792877197265625
    },
    "create": {
        "baseline": {
            "cpu_util": 0.0,
            "disk_read": 0.3462648391723633,
            "disk_write": 3.457548141479492,
            "disk_used": 3.8535919189453125,
            "disk_free": 24.148483276367188,
            "virtual_used": 0.9527664184570312,
            "virtual_free": 0.9131011962890625
        },
        "samples": [
            {
                "cpu_util": 4.8,
                "disk_read": 0.3462648391723633,
                "disk_write": 3.457693099975586,
                "disk_used": 3.8535995483398438,
                "disk_free": 24.148475646972656,
                "virtual_used": 0.9527587890625,
                "virtual_free": 0.9131088256835938,
                "sample": 1
            }
        ],
        "response_time": 0.011774301528930664
    },
    "insertOneThenUpdateTimestampUnstruct": {
        "baseline": {
            "cpu_util": 0.0,
            "disk_read": 0.3462648391723633,
            "disk_write": 3.457723617553711,
            "disk_used": 3.8535995483398438,
            "disk_free": 24.148475646972656,
            "virtual_used": 0.9527587890625,
            "virtual_free": 0.9131088256835938
        },
        "samples": [
            {
                "cpu_util": 0.0,
                "disk_read": 0.3462648391723633,
                "disk_write": 3.4577274322509766,
                "disk_used": 3.8535995483398438,
                "disk_free": 24.148475646972656,
                "virtual_used": 0.9527587890625,
                "virtual_free": 0.9131088256835938,
                "sample": 1
            }
        ],
        "response_time": 0.0014920234680175781
    }
}