{
    "delete": {
        "baseline": {
            "cpu_util": 0.0,
            "disk_read": 0.3510551452636719,
            "disk_write": 3.0747623443603516,
            "disk_used": 4.023334503173828,
            "disk_free": 23.978740692138672,
            "virtual_used": 0.9978904724121094,
            "virtual_free": 0.8679771423339844
        },
        "samples": [
            {
                "cpu_util": 0.0,
                "disk_read": 0.3510551452636719,
                "disk_write": 3.074766159057617,
                "disk_used": 4.023338317871094,
                "disk_free": 23.978736877441406,
                "virtual_used": 0.9978904724121094,
                "virtual_free": 0.8679771423339844,
                "sample": 1
            }
        ],
        "response_time": 0.0008676052093505859
    },
    "create": {
        "baseline": {
            "cpu_util": 0.0,
            "disk_read": 0.3510551452636719,
            "disk_write": 3.074766159057617,
            "disk_used": 4.023338317871094,
            "disk_free": 23.978736877441406,
            "virtual_used": 0.9978752136230469,
            "virtual_free": 0.8679924011230469
        },
        "samples": [
            {
                "cpu_util": 0.0,
                "disk_read": 0.3510551452636719,
                "disk_write": 3.074918746948242,
                "disk_used": 4.023345947265625,
                "disk_free": 23.978729248046875,
                "virtual_used": 0.9978752136230469,
                "virtual_free": 0.8679924011230469,
                "sample": 1
            }
        ],
        "response_time": 0.01577281951904297
    },
    "insertManyUnstruct": {
        "baseline": {
            "cpu_util": 0.0,
            "disk_read": 0.3510551452636719,
            "disk_write": 3.091093063354492,
            "disk_used": 4.023345947265625,
            "disk_free": 23.978729248046875,
            "virtual_used": 0.9978103637695312,
            "virtual_free": 0.8680572509765625
        },
        "samples": [
            {
                "cpu_util": 50.9,
                "disk_read": 0.3510551452636719,
                "disk_write": 3.091093063354492,
                "disk_used": 4.023345947265625,
                "disk_free": 23.978729248046875,
                "virtual_used": 0.9933700561523438,
                "virtual_free": 0.87249755859375,
                "sample": 1
            },
            {
                "cpu_util": 50.0,
                "disk_read": 0.3510551452636719,
                "disk_write": 3.093393325805664,
                "disk_used": 4.023345947265625,
                "disk_free": 23.978729248046875,
                "virtual_used": 0.9973373413085938,
                "virtual_free": 0.8685302734375,
                "sample": 2
            },
            {
                "cpu_util": 55.0,
                "disk_read": 0.3510551452636719,
                "disk_write": 3.0949535369873047,
                "disk_used": 4.0237884521484375,
                "disk_free": 23.978286743164062,
                "virtual_used": 1.0021820068359375,
                "virtual_free": 0.8636856079101562,
                "sample": 3
            },
            {
                "cpu_util": 72.2,
                "disk_read": 0.3510551452636719,
                "disk_write": 3.097513198852539,
                "disk_used": 4.026344299316406,
                "disk_free": 23.975730895996094,
                "virtual_used": 0.999114990234375,
                "virtual_free": 0.8667526245117188,
                "sample": 4
            },
            {
                "cpu_util": 15.0,
                "disk_read": 0.3510551452636719,
                "disk_write": 3.100595474243164,
                "disk_used": 4.033882141113281,
                "disk_free": 23.96819305419922,
                "virtual_used": 1.0177726745605469,
                "virtual_free": 0.8480949401855469,
                "sample": 5
            }
        ],
        "response_time": 1.1522397994995117
    }
}