{
    "delete": {
        "baseline": {
            "cpu_util": 0.0,
            "disk_read": 16.938826084136963,
            "disk_write": 4.866212844848633,
            "disk_used": 3.8989295959472656,
            "disk_free": 24.103145599365234,
            "virtual_used": 1.1359786987304688,
            "virtual_free": 0.729888916015625
        },
        "samples": [
            {
                "cpu_util": 27.8,
                "disk_read": 16.938826084136963,
                "disk_write": 4.866216659545898,
                "disk_used": 3.9009933471679688,
                "disk_free": 24.10108184814453,
                "virtual_used": 1.1375274658203125,
                "virtual_free": 0.7283401489257812,
                "sample": 1
            }
        ],
        "response_time": 0.0009853839874267578
    },
    "create": {
        "baseline": {
            "cpu_util": 0.0,
            "disk_read": 16.938826084136963,
            "disk_write": 4.866216659545898,
            "disk_used": 3.9009933471679688,
            "disk_free": 24.10108184814453,
            "virtual_used": 1.1375160217285156,
            "virtual_free": 0.7283515930175781
        },
        "samples": [
            {
                "cpu_util": 45.8,
                "disk_read": 16.938826084136963,
                "disk_write": 4.866304397583008,
                "disk_used": 3.9009933471679688,
                "disk_free": 24.10108184814453,
                "virtual_used": 1.1375160217285156,
                "virtual_free": 0.7283515930175781,
                "sample": 1
            },
            {
                "cpu_util": 50.0,
                "disk_read": 16.938826084136963,
                "disk_write": 4.866567611694336,
                "disk_used": 3.9010009765625,
                "disk_free": 24.10107421875,
                "virtual_used": 1.1367416381835938,
                "virtual_free": 0.7291259765625,
                "sample": 2
            },
            {
                "cpu_util": 52.4,
                "disk_read": 16.938826084136963,
                "disk_write": 4.869894027709961,
                "disk_used": 3.9010047912597656,
                "disk_free": 24.101070404052734,
                "virtual_used": 1.1375579833984375,
                "virtual_free": 0.7283096313476562,
                "sample": 3
            }
        ],
        "response_time": 0.6745684146881104
    },
    "insertOneThenUpdateBirthdayStruct": {
        "baseline": {
            "cpu_util": 45.0,
            "disk_read": 16.938826084136963,
            "disk_write": 4.87114143371582,
            "disk_used": 3.905467987060547,
            "disk_free": 24.096607208251953,
            "virtual_used": 1.1365509033203125,
            "virtual_free": 0.7293167114257812
        },
        "samples": [
            {
                "cpu_util": 31.6,
                "disk_read": 16.938826084136963,
                "disk_write": 4.871145248413086,
                "disk_used": 3.905529022216797,
                "disk_free": 24.096546173095703,
                "virtual_used": 1.1330223083496094,
                "virtual_free": 0.7328453063964844,
                "sample": 1
            }
        ],
        "response_time": 0.06261658668518066
    }
}