{
    "delete": {
        "baseline": {
            "cpu_util": 0.0,
            "disk_read": 16.93926477432251,
            "disk_write": 5.355169296264648,
            "disk_used": 3.877849578857422,
            "disk_free": 24.124225616455078,
            "virtual_used": 1.0396919250488281,
            "virtual_free": 0.8261756896972656
        },
        "samples": [
            {
                "cpu_util": 0.0,
                "disk_read": 16.93926477432251,
                "disk_write": 5.355173110961914,
                "disk_used": 3.877849578857422,
                "disk_free": 24.124225616455078,
                "virtual_used": 1.0396881103515625,
                "virtual_free": 0.8261795043945312,
                "sample": 1
            }
        ],
        "response_time": 0.0009565353393554688
    },
    "create": {
        "baseline": {
            "cpu_util": 0.0,
            "disk_read": 16.93926477432251,
            "disk_write": 5.355173110961914,
            "disk_used": 3.877849578857422,
            "disk_free": 24.124225616455078,
            "virtual_used": 1.0396881103515625,
            "virtual_free": 0.8261795043945312
        },
        "samples": [
            {
                "cpu_util": 4.8,
                "disk_read": 16.93926477432251,
                "disk_write": 5.355340957641602,
                "disk_used": 3.877857208251953,
                "disk_free": 24.124217987060547,
                "virtual_used": 1.0396881103515625,
                "virtual_free": 0.8261795043945312,
                "sample": 1
            }
        ],
        "response_time": 0.018671274185180664
    },
    "replaceOneStruct": {
        "baseline": {
            "cpu_util": 0.0,
            "disk_read": 16.93926477432251,
            "disk_write": 5.355340957641602,
            "disk_used": 3.877857208251953,
            "disk_free": 24.124217987060547,
            "virtual_used": 1.0396881103515625,
            "virtual_free": 0.8261795043945312
        },
        "samples": [
            {
                "cpu_util": 4.8,
                "disk_read": 16.93926477432251,
                "disk_write": 5.355344772338867,
                "disk_used": 3.877857208251953,
                "disk_free": 24.124217987060547,
                "virtual_used": 1.0396881103515625,
                "virtual_free": 0.8261795043945312,
                "sample": 1
            }
        ],
        "response_time": 0.0022487640380859375
    }
}