{
    "delete": {
        "baseline": {
            "cpu_util": 4.8,
            "disk_read": 0.3250589370727539,
            "disk_write": 1.8462543487548828,
            "disk_used": 3.7416534423828125,
            "disk_free": 24.260421752929688,
            "virtual_used": 1.4577178955078125,
            "virtual_free": 2.2892417907714844
        },
        "samples": [
            {
                "cpu_util": 0.0,
                "disk_read": 0.3250589370727539,
                "disk_write": 1.8462581634521484,
                "disk_used": 3.7416534423828125,
                "disk_free": 24.260421752929688,
                "virtual_used": 1.4577178955078125,
                "virtual_free": 2.2892417907714844,
                "sample": 1
            }
        ],
        "response_time": 0.0009636878967285156
    },
    "create": {
        "baseline": {
            "cpu_util": 0.0,
            "disk_read": 0.3250589370727539,
            "disk_write": 1.8462581634521484,
            "disk_used": 3.7416534423828125,
            "disk_free": 24.260421752929688,
            "virtual_used": 1.4576797485351562,
            "virtual_free": 2.2892799377441406
        },
        "samples": [
            {
                "cpu_util": 50.0,
                "disk_read": 0.3250589370727539,
                "disk_write": 1.8462581634521484,
                "disk_used": 3.7416534423828125,
                "disk_free": 24.260421752929688,
                "virtual_used": 1.4576797485351562,
                "virtual_free": 2.2892799377441406,
                "sample": 1
            },
            {
                "cpu_util": 61.9,
                "disk_read": 0.3250589370727539,
                "disk_write": 1.846506118774414,
                "disk_used": 3.7416610717773438,
                "disk_free": 24.260414123535156,
                "virtual_used": 1.4567146301269531,
                "virtual_free": 2.2902450561523438,
                "sample": 2
            },
            {
                "cpu_util": 50.0,
                "disk_read": 0.3250589370727539,
                "disk_write": 1.850259780883789,
                "disk_used": 3.7416610717773438,
                "disk_free": 24.260414123535156,
                "virtual_used": 1.4564552307128906,
                "virtual_free": 2.2905044555664062,
                "sample": 3
            },
            {
                "cpu_util": 55.0,
                "disk_read": 0.3250589370727539,
                "disk_write": 1.8528919219970703,
                "disk_used": 3.7416610717773438,
                "disk_free": 24.260414123535156,
                "virtual_used": 1.4557228088378906,
                "virtual_free": 2.2912368774414062,
                "sample": 4
            }
        ],
        "response_time": 1.2102797031402588
    },
    "insertManyThenDeleteManyUnstruct": {
        "baseline": {
            "cpu_util": 4.8,
            "disk_read": 0.3250589370727539,
            "disk_write": 1.8558673858642578,
            "disk_used": 3.7416610717773438,
            "disk_free": 24.260414123535156,
            "virtual_used": 1.4628334045410156,
            "virtual_free": 2.2841262817382812
        },
        "samples": [
            {
                "cpu_util": 52.0,
                "disk_read": 0.3250589370727539,
                "disk_write": 1.8558673858642578,
                "disk_used": 3.7418441772460938,
                "disk_free": 24.260231018066406,
                "virtual_used": 1.462738037109375,
                "virtual_free": 2.284221649169922,
                "sample": 1
            },
            {
                "cpu_util": 100.0,
                "disk_read": 0.3250589370727539,
                "disk_write": 1.8558673858642578,
                "disk_used": 3.7494277954101562,
                "disk_free": 24.252647399902344,
                "virtual_used": 1.455047607421875,
                "virtual_free": 2.291912078857422,
                "sample": 2
            },
            {
                "cpu_util": 47.8,
                "disk_read": 0.3250589370727539,
                "disk_write": 1.8558673858642578,
                "disk_used": 3.7536964416503906,
                "disk_free": 24.24837875366211,
                "virtual_used": 1.4537734985351562,
                "virtual_free": 2.2931861877441406,
                "sample": 3
            },
            {
                "cpu_util": 52.4,
                "disk_read": 0.3250589370727539,
                "disk_write": 1.8579540252685547,
                "disk_used": 3.7536964416503906,
                "disk_free": 24.24837875366211,
                "virtual_used": 1.4486427307128906,
                "virtual_free": 2.2983169555664062,
                "sample": 4
            },
            {
                "cpu_util": 47.4,
                "disk_read": 0.3250589370727539,
                "disk_write": 1.8624324798583984,
                "disk_used": 3.7541542053222656,
                "disk_free": 24.247920989990234,
                "virtual_used": 1.4435806274414062,
                "virtual_free": 2.3033790588378906,
                "sample": 5
            },
            {
                "cpu_util": 50.0,
                "disk_read": 0.3250589370727539,
                "disk_write": 1.8655452728271484,
                "disk_used": 3.7546005249023438,
                "disk_free": 24.247474670410156,
                "virtual_used": 1.442138671875,
                "virtual_free": 2.304821014404297,
                "sample": 6
            },
            {
                "cpu_util": 52.4,
                "disk_read": 0.3250589370727539,
                "disk_write": 1.8663158416748047,
                "disk_used": 3.7546005249023438,
                "disk_free": 24.247474670410156,
                "virtual_used": 1.4420356750488281,
                "virtual_free": 2.3049240112304688,
                "sample": 7
            },
            {
                "cpu_util": 100.0,
                "disk_read": 0.3250589370727539,
                "disk_write": 1.866750717163086,
                "disk_used": 3.759532928466797,
                "disk_free": 24.242542266845703,
                "virtual_used": 1.4402999877929688,
                "virtual_free": 2.306659698486328,
                "sample": 8
            },
            {
                "cpu_util": 52.4,
                "disk_read": 0.3250589370727539,
                "disk_write": 1.8673839569091797,
                "disk_used": 3.759532928466797,
                "disk_free": 24.242542266845703,
                "virtual_used": 1.4401130676269531,
                "virtual_free": 2.3068466186523438,
                "sample": 9
            },
            {
                "cpu_util": 47.6,
                "disk_read": 0.3250589370727539,
                "disk_write": 1.868173599243164,
                "disk_used": 3.759532928466797,
                "disk_free": 24.242542266845703,
                "virtual_used": 1.439300537109375,
                "virtual_free": 2.307659149169922,
                "sample": 10
            },
            {
                "cpu_util": 50.0,
                "disk_read": 0.3250589370727539,
                "disk_write": 1.8688602447509766,
                "disk_used": 3.759532928466797,
                "disk_free": 24.242542266845703,
                "virtual_used": 1.4385910034179688,
                "virtual_free": 2.308368682861328,
                "sample": 11
            },
            {
                "cpu_util": 40.0,
                "disk_read": 0.3250589370727539,
                "disk_write": 1.8697376251220703,
                "disk_used": 3.759532928466797,
                "disk_free": 24.242542266845703,
                "virtual_used": 1.4379119873046875,
                "virtual_free": 2.3090476989746094,
                "sample": 12
            }
        ],
        "response_time": 2.3916382789611816
    }
}