{
    "delete": {
        "baseline": {
            "cpu_util": 0.0,
            "disk_read": 0.34246397018432617,
            "disk_write": 3.167112350463867,
            "disk_used": 3.892894744873047,
            "disk_free": 24.109180450439453,
            "virtual_used": 1.0933418273925781,
            "virtual_free": 2.653614044189453
        },
        "samples": [
            {
                "cpu_util": 0.0,
                "disk_read": 0.34246397018432617,
                "disk_write": 3.167116165161133,
                "disk_used": 3.8928985595703125,
                "disk_free": 24.109176635742188,
                "virtual_used": 1.0933341979980469,
                "virtual_free": 2.6536216735839844,
                "sample": 1
            }
        ],
        "response_time": 0.0009067058563232422
    },
    "create": {
        "baseline": {
            "cpu_util": 0.0,
            "disk_read": 0.34246397018432617,
            "disk_write": 3.167116165161133,
            "disk_used": 3.8928985595703125,
            "disk_free": 24.109176635742188,
            "virtual_used": 1.0933341979980469,
            "virtual_free": 2.6536216735839844
        },
        "samples": [
            {
                "cpu_util": 4.8,
                "disk_read": 0.34246397018432617,
                "disk_write": 3.1672725677490234,
                "disk_used": 3.8929061889648438,
                "disk_free": 24.109169006347656,
                "virtual_used": 1.09332275390625,
                "virtual_free": 2.6536331176757812,
                "sample": 1
            }
        ],
        "response_time": 0.011390447616577148
    },
    "readOneUnstruct": {
        "baseline": {
            "cpu_util": 0.0,
            "disk_read": 0.34246397018432617,
            "disk_write": 3.1672725677490234,
            "disk_used": 3.8929061889648438,
            "disk_free": 24.109169006347656,
            "virtual_used": 1.09332275390625,
            "virtual_free": 2.6536331176757812
        },
        "samples": [
            {
                "cpu_util": 0.0,
                "disk_read": 0.34246397018432617,
                "disk_write": 3.1672725677490234,
                "disk_used": 3.8929061889648438,
                "disk_free": 24.109169006347656,
                "virtual_used": 1.09332275390625,
                "virtual_free": 2.6536331176757812,
                "sample": 1
            }
        ],
        "response_time": 0.0014760494232177734
    }
}