{
    "delete": {
        "baseline": {
            "cpu_util": 4.8,
            "disk_read": 0.4398331642150879,
            "disk_write": 3.639097213745117,
            "disk_used": 4.040191650390625,
            "disk_free": 23.961883544921875,
            "virtual_used": 1.0519142150878906,
            "virtual_free": 0.8139533996582031
        },
        "samples": [
            {
                "cpu_util": 0.0,
                "disk_read": 0.4398331642150879,
                "disk_write": 3.639101028442383,
                "disk_used": 4.040195465087891,
                "disk_free": 23.96187973022461,
                "virtual_used": 1.0505523681640625,
                "virtual_free": 0.8153152465820312,
                "sample": 1
            }
        ],
        "response_time": 0.00092315673828125
    },
    "create": {
        "baseline": {
            "cpu_util": 0.0,
            "disk_read": 0.4398331642150879,
            "disk_write": 3.639101028442383,
            "disk_used": 4.040195465087891,
            "disk_free": 23.96187973022461,
            "virtual_used": 1.0505523681640625,
            "virtual_free": 0.8153152465820312
        },
        "samples": [
            {
                "cpu_util": 9.5,
                "disk_read": 0.4398331642150879,
                "disk_write": 3.639261245727539,
                "disk_used": 4.040203094482422,
                "disk_free": 23.961872100830078,
                "virtual_used": 1.0505447387695312,
                "virtual_free": 0.8153228759765625,
                "sample": 1
            }
        ],
        "response_time": 0.015063762664794922
    },
    "readManyUnstruct": {
        "baseline": {
            "cpu_util": 0.0,
            "disk_read": 0.4398331642150879,
            "disk_write": 3.639261245727539,
            "disk_used": 4.040203094482422,
            "disk_free": 23.961872100830078,
            "virtual_used": 1.0505447387695312,
            "virtual_free": 0.8153228759765625
        },
        "samples": [
            {
                "cpu_util": 0.0,
                "disk_read": 0.4398331642150879,
                "disk_write": 3.639261245727539,
                "disk_used": 4.040203094482422,
                "disk_free": 23.961872100830078,
                "virtual_used": 1.0505447387695312,
                "virtual_free": 0.8153228759765625,
                "sample": 1
            }
        ],
        "response_time": 8.225440979003906e-05
    }
}