{
    "delete": {
        "baseline": {
            "cpu_util": 5.0,
            "disk_read": 0.4398331642150879,
            "disk_write": 3.638914108276367,
            "disk_used": 4.040180206298828,
            "disk_free": 23.961894989013672,
            "virtual_used": 1.0519828796386719,
            "virtual_free": 0.8138847351074219
        },
        "samples": [
            {
                "cpu_util": 0.0,
                "disk_read": 0.4398331642150879,
                "disk_write": 3.638917922973633,
                "disk_used": 4.040180206298828,
                "disk_free": 23.961894989013672,
                "virtual_used": 1.0519828796386719,
                "virtual_free": 0.8138847351074219,
                "sample": 1
            }
        ],
        "response_time": 0.0012903213500976562
    },
    "create": {
        "baseline": {
            "cpu_util": 0.0,
            "disk_read": 0.4398331642150879,
            "disk_write": 3.638917922973633,
            "disk_used": 4.040180206298828,
            "disk_free": 23.961894989013672,
            "virtual_used": 1.0519828796386719,
            "virtual_free": 0.8138847351074219
        },
        "samples": [
            {
                "cpu_util": 0.0,
                "disk_read": 0.4398331642150879,
                "disk_write": 3.639097213745117,
                "disk_used": 4.040187835693359,
                "disk_free": 23.96188735961914,
                "virtual_used": 1.0519790649414062,
                "virtual_free": 0.8138885498046875,
                "sample": 1
            }
        ],
        "response_time": 0.014499425888061523
    },
    "readManyUnstruct": {
        "baseline": {
            "cpu_util": 0.0,
            "disk_read": 0.4398331642150879,
            "disk_write": 3.639097213745117,
            "disk_used": 4.040187835693359,
            "disk_free": 23.96188735961914,
            "virtual_used": 1.0519790649414062,
            "virtual_free": 0.8138885498046875
        },
        "samples": [
            {
                "cpu_util": 0.0,
                "disk_read": 0.4398331642150879,
                "disk_write": 3.639097213745117,
                "disk_used": 4.040187835693359,
                "disk_free": 23.96188735961914,
                "virtual_used": 1.0519790649414062,
                "virtual_free": 0.8138885498046875,
                "sample": 1
            }
        ],
        "response_time": 0.0001785755157470703
    }
}