{
    "delete": {
        "baseline": {
            "cpu_util": 0.0,
            "disk_read": 0.3281245231628418,
            "disk_write": 0.9372158050537109,
            "disk_used": 3.7298355102539062,
            "disk_free": 24.272239685058594,
            "virtual_used": 1.00006103515625,
            "virtual_free": 2.7468948364257812
        },
        "samples": [
            {
                "cpu_util": 0.0,
                "disk_read": 0.3281245231628418,
                "disk_write": 0.9372196197509766,
                "disk_used": 3.7298355102539062,
                "disk_free": 24.272239685058594,
                "virtual_used": 1.00006103515625,
                "virtual_free": 2.7468948364257812,
                "sample": 1
            }
        ],
        "response_time": 0.0009012222290039062
    },
    "create": {
        "baseline": {
            "cpu_util": 0.0,
            "disk_read": 0.3281245231628418,
            "disk_write": 0.9372196197509766,
            "disk_used": 3.7298355102539062,
            "disk_free": 24.272239685058594,
            "virtual_used": 1.00006103515625,
            "virtual_free": 2.7468948364257812
        },
        "samples": [
            {
                "cpu_util": 28.6,
                "disk_read": 0.3281245231628418,
                "disk_write": 0.9373683929443359,
                "disk_used": 3.7298431396484375,
                "disk_free": 24.272232055664062,
                "virtual_used": 0.9860153198242188,
                "virtual_free": 2.7609405517578125,
                "sample": 1
            }
        ],
        "response_time": 0.07776284217834473
    },
    "readThenDeleteManyLikesUnstruct": {
        "baseline": {
            "cpu_util": 0.0,
            "disk_read": 0.3281245231628418,
            "disk_write": 0.9383296966552734,
            "disk_used": 3.7298431396484375,
            "disk_free": 24.272232055664062,
            "virtual_used": 0.9858245849609375,
            "virtual_free": 2.7611312866210938
        },
        "samples": [
            {
                "cpu_util": 52.4,
                "disk_read": 0.3281245231628418,
                "disk_write": 0.9383335113525391,
                "disk_used": 3.7298431396484375,
                "disk_free": 24.272232055664062,
                "virtual_used": 0.9865188598632812,
                "virtual_free": 2.76043701171875,
                "sample": 1
            },
            {
                "cpu_util": 55.0,
                "disk_read": 0.3281245231628418,
                "disk_write": 0.9384136199951172,
                "disk_used": 3.7298431396484375,
                "disk_free": 24.272232055664062,
                "virtual_used": 0.9865188598632812,
                "virtual_free": 2.76043701171875,
                "sample": 2
            },
            {
                "cpu_util": 55.0,
                "disk_read": 0.3281245231628418,
                "disk_write": 0.9384822845458984,
                "disk_used": 3.7298431396484375,
                "disk_free": 24.272232055664062,
                "virtual_used": 0.986663818359375,
                "virtual_free": 2.7602920532226562,
                "sample": 3
            },
            {
                "cpu_util": 52.4,
                "disk_read": 0.3281245231628418,
                "disk_write": 0.9385509490966797,
                "disk_used": 3.7298431396484375,
                "disk_free": 24.272232055664062,
                "virtual_used": 0.9865150451660156,
                "virtual_free": 2.7604408264160156,
                "sample": 4
            },
            {
                "cpu_util": 50.0,
                "disk_read": 0.3281245231628418,
                "disk_write": 0.9386234283447266,
                "disk_used": 3.7298431396484375,
                "disk_free": 24.272232055664062,
                "virtual_used": 0.9864578247070312,
                "virtual_free": 2.760498046875,
                "sample": 5
            },
            {
                "cpu_util": 50.0,
                "disk_read": 0.3281245231628418,
                "disk_write": 0.9387760162353516,
                "disk_used": 3.7305984497070312,
                "disk_free": 24.27147674560547,
                "virtual_used": 0.9863624572753906,
                "virtual_free": 2.7605934143066406,
                "sample": 6
            },
            {
                "cpu_util": 52.6,
                "disk_read": 0.3281245231628418,
                "disk_write": 0.9388561248779297,
                "disk_used": 3.7305984497070312,
                "disk_free": 24.27147674560547,
                "virtual_used": 0.9873085021972656,
                "virtual_free": 2.7596473693847656,
                "sample": 7
            },
            {
                "cpu_util": 60.0,
                "disk_read": 0.3281245231628418,
                "disk_write": 0.9389247894287109,
                "disk_used": 3.7305984497070312,
                "disk_free": 24.27147674560547,
                "virtual_used": 0.9872093200683594,
                "virtual_free": 2.759746551513672,
                "sample": 8
            },
            {
                "cpu_util": 54.5,
                "disk_read": 0.3281245231628418,
                "disk_write": 0.9389896392822266,
                "disk_used": 3.7305984497070312,
                "disk_free": 24.27147674560547,
                "virtual_used": 0.9871749877929688,
                "virtual_free": 2.7597808837890625,
                "sample": 9
            },
            {
                "cpu_util": 54.5,
                "disk_read": 0.3281245231628418,
                "disk_write": 0.9390583038330078,
                "disk_used": 3.7305984497070312,
                "disk_free": 24.27147674560547,
                "virtual_used": 0.9871406555175781,
                "virtual_free": 2.759815216064453,
                "sample": 10
            },
            {
                "cpu_util": 55.0,
                "disk_read": 0.3281245231628418,
                "disk_write": 0.9391269683837891,
                "disk_used": 3.7305984497070312,
                "disk_free": 24.27147674560547,
                "virtual_used": 0.9871063232421875,
                "virtual_free": 2.7598495483398438,
                "sample": 11
            },
            {
                "cpu_util": 50.0,
                "disk_read": 0.3281245231628418,
                "disk_write": 0.9391918182373047,
                "disk_used": 3.7305984497070312,
                "disk_free": 24.27147674560547,
                "virtual_used": 0.9871063232421875,
                "virtual_free": 2.7598495483398438,
                "sample": 12
            },
            {
                "cpu_util": 50.0,
                "disk_read": 0.3281245231628418,
                "disk_write": 0.9392566680908203,
                "disk_used": 3.7305984497070312,
                "disk_free": 24.27147674560547,
                "virtual_used": 0.9869880676269531,
                "virtual_free": 2.759967803955078,
                "sample": 13
            },
            {
                "cpu_util": 52.6,
                "disk_read": 0.3281245231628418,
                "disk_write": 0.9393177032470703,
                "disk_used": 3.7305984497070312,
                "disk_free": 24.27147674560547,
                "virtual_used": 0.9869346618652344,
                "virtual_free": 2.760021209716797,
                "sample": 14
            },
            {
                "cpu_util": 47.6,
                "disk_read": 0.3281245231628418,
                "disk_write": 0.9393749237060547,
                "disk_used": 3.7305984497070312,
                "disk_free": 24.27147674560547,
                "virtual_used": 0.9869155883789062,
                "virtual_free": 2.760040283203125,
                "sample": 15
            },
            {
                "cpu_util": 57.1,