{
    "delete": {
        "baseline": {
            "cpu_util": 0.0,
            "disk_read": 0.5854620933532715,
            "disk_write": 4.21318244934082,
            "disk_used": 5.653785705566406,
            "disk_free": 22.348289489746094,
            "virtual_used": 0.9039154052734375,
            "virtual_free": 0.9619483947753906
        },
        "samples": [
            {
                "cpu_util": 5.0,
                "disk_read": 0.5854620933532715,
                "disk_write": 4.213186264038086,
                "disk_used": 5.653785705566406,
                "disk_free": 22.348289489746094,
                "virtual_used": 0.9039154052734375,
                "virtual_free": 0.9619483947753906,
                "sample": 1
            }
        ],
        "response_time": 0.0013687610626220703
    },
    "create": {
        "baseline": {
            "cpu_util": 0.0,
            "disk_read": 0.5854620933532715,
            "disk_write": 4.213186264038086,
            "disk_used": 5.653785705566406,
            "disk_free": 22.348289489746094,
            "virtual_used": 0.9039154052734375,
            "virtual_free": 0.9619483947753906
        },
        "samples": [
            {
                "cpu_util": 0.0,
                "disk_read": 0.5854620933532715,
                "disk_write": 4.213346481323242,
                "disk_used": 5.6537933349609375,
                "disk_free": 22.348281860351562,
                "virtual_used": 0.9038963317871094,
                "virtual_free": 0.9619674682617188,
                "sample": 1
            }
        ],
        "response_time": 0.019187450408935547
    },
    "aggregateUnstruct": {
        "baseline": {
            "cpu_util": 0.0,
            "disk_read": 0.5854620933532715,
            "disk_write": 4.213346481323242,
            "disk_used": 5.6537933349609375,
            "disk_free": 22.348281860351562,
            "virtual_used": 0.9038963317871094,
            "virtual_free": 0.9619674682617188
        },
        "samples": [
            {
                "cpu_util": 0.0,
                "disk_read": 0.5854620933532715,
                "disk_write": 4.213346481323242,
                "disk_used": 5.6537933349609375,
                "disk_free": 22.348281860351562,
                "virtual_used": 0.9038963317871094,
                "virtual_free": 0.9619674682617188,
                "sample": 1
            }
        ],
        "response_time": 0.001317739486694336
    }
}