{
    "delete": {
        "baseline": {
            "cpu_util": 0.0,
            "disk_read": 0.3282046318054199,
            "disk_write": 1.926107406616211,
            "disk_used": 4.028190612792969,
            "disk_free": 23.97388458251953,
            "virtual_used": 1.4002723693847656,
            "virtual_free": 2.3466835021972656
        },
        "samples": [
            {
                "cpu_util": 0.0,
                "disk_read": 0.3282046318054199,
                "disk_write": 1.9261112213134766,
                "disk_used": 4.028190612792969,
                "disk_free": 23.97388458251953,
                "virtual_used": 1.4002723693847656,
                "virtual_free": 2.3466835021972656,
                "sample": 1
            }
        ],
        "response_time": 0.0009584426879882812
    },
    "create": {
        "baseline": {
            "cpu_util": 0.0,
            "disk_read": 0.3282046318054199,
            "disk_write": 1.9261112213134766,
            "disk_used": 4.028190612792969,
            "disk_free": 23.97388458251953,
            "virtual_used": 1.4002723693847656,
            "virtual_free": 2.3466835021972656
        },
        "samples": [
            {
                "cpu_util": 52.0,
                "disk_read": 0.3282046318054199,
                "disk_write": 1.9261112213134766,
                "disk_used": 4.028190612792969,
                "disk_free": 23.97388458251953,
                "virtual_used": 1.4154129028320312,
                "virtual_free": 2.33154296875,
                "sample": 1
            },
            {
                "cpu_util": 52.4,
                "disk_read": 0.3282046318054199,
                "disk_write": 1.9275150299072266,
                "disk_used": 4.0281982421875,
                "disk_free": 23.973876953125,
                "virtual_used": 1.3775711059570312,
                "virtual_free": 2.369384765625,
                "sample": 2
            },
            {
                "cpu_util": 52.4,
                "disk_read": 0.3282046318054199,
                "disk_write": 1.9340686798095703,
                "disk_used": 4.0281982421875,
                "disk_free": 23.973876953125,
                "virtual_used": 1.3798446655273438,
                "virtual_free": 2.3671112060546875,
                "sample": 3
            }
        ],
        "response_time": 0.6646220684051514
    },
    "insertOneThenUpdateTimestampUnstruct": {
        "baseline": {
            "cpu_util": 0.0,
            "disk_read": 0.3282046318054199,
            "disk_write": 1.935678482055664,
            "disk_used": 4.0281982421875,
            "disk_free": 23.973876953125,
            "virtual_used": 1.3816566467285156,
            "virtual_free": 2.3652992248535156
        },
        "samples": [
            {
                "cpu_util": 30.0,
                "disk_read": 0.3282046318054199,
                "disk_write": 1.9356822967529297,
                "disk_used": 4.0281982421875,
                "disk_free": 23.973876953125,
                "virtual_used": 1.3769760131835938,
                "virtual_free": 2.3699798583984375,
                "sample": 1
            }
        ],
        "response_time": 0.05263233184814453
    }
}