{
    "delete": {
        "baseline": {
            "cpu_util": 0.0,
            "disk_read": 0.3282046318054199,
            "disk_write": 0.9639034271240234,
            "disk_used": 3.7330322265625,
            "disk_free": 24.26904296875,
            "virtual_used": 0.9800529479980469,
            "virtual_free": 2.7669029235839844
        },
        "samples": [
            {
                "cpu_util": 4.8,
                "disk_read": 0.3282046318054199,
                "disk_write": 0.9639072418212891,
                "disk_used": 3.7330322265625,
                "disk_free": 24.26904296875,
                "virtual_used": 0.9800529479980469,
                "virtual_free": 2.7669029235839844,
                "sample": 1
            }
        ],
        "response_time": 0.0008203983306884766
    },
    "create": {
        "baseline": {
            "cpu_util": 0.0,
            "disk_read": 0.3282046318054199,
            "disk_write": 0.9639072418212891,
            "disk_used": 3.7330322265625,
            "disk_free": 24.26904296875,
            "virtual_used": 0.9800224304199219,
            "virtual_free": 2.7669334411621094
        },
        "samples": [
            {
                "cpu_util": 28.6,
                "disk_read": 0.3282046318054199,
                "disk_write": 0.9640522003173828,
                "disk_used": 3.733043670654297,
                "disk_free": 24.269031524658203,
                "virtual_used": 0.9779243469238281,
                "virtual_free": 2.769031524658203,
                "sample": 1
            }
        ],
        "response_time": 0.09734392166137695
    },
    "aggregateUnstruct": {
        "baseline": {
            "cpu_util": 10.0,
            "disk_read": 0.3282046318054199,
            "disk_write": 0.9650135040283203,
            "disk_used": 3.733142852783203,
            "disk_free": 24.268932342529297,
            "virtual_used": 0.9782905578613281,
            "virtual_free": 2.768665313720703
        },
        "samples": [
            {
                "cpu_util": 4.8,
                "disk_read": 0.3282046318054199,
                "disk_write": 0.9650135040283203,
                "disk_used": 3.733142852783203,
                "disk_free": 24.268932342529297,
                "virtual_used": 0.9792518615722656,
                "virtual_free": 2.7677040100097656,
                "sample": 1
            }
        ],
        "response_time": 0.007457733154296875
    }
}