{
    "delete": {
        "baseline": {
            "cpu_util": 0.0,
            "disk_read": 0.46949005126953125,
            "disk_write": 4.455209732055664,
            "disk_used": 3.8955650329589844,
            "disk_free": 24.106510162353516,
            "virtual_used": 0.9703483581542969,
            "virtual_free": 0.8955192565917969
        },
        "samples": [
            {
                "cpu_util": 0.0,
                "disk_read": 0.46949005126953125,
                "disk_write": 4.45521354675293,
                "disk_used": 3.8955650329589844,
                "disk_free": 24.106510162353516,
                "virtual_used": 0.9703483581542969,
                "virtual_free": 0.8955192565917969,
                "sample": 1
            }
        ],
        "response_time": 0.00086212158203125
    },
    "create": {
        "baseline": {
            "cpu_util": 5.0,
            "disk_read": 0.46949005126953125,
            "disk_write": 4.45521354675293,
            "disk_used": 3.8955650329589844,
            "disk_free": 24.106510162353516,
            "virtual_used": 0.9703483581542969,
            "virtual_free": 0.8955192565917969
        },
        "samples": [
            {
                "cpu_util": 9.1,
                "disk_read": 0.46949005126953125,
                "disk_write": 4.455362319946289,
                "disk_used": 3.8955726623535156,
                "disk_free": 24.106502532958984,
                "virtual_used": 0.9705581665039062,
                "virtual_free": 0.8953094482421875,
                "sample": 1
            }
        ],
        "response_time": 0.026317834854125977
    },
    "insertOneThenUpdateBirthdayStruct": {
        "baseline": {
            "cpu_util": 0.0,
            "disk_read": 0.46949005126953125,
            "disk_write": 4.455434799194336,
            "disk_used": 3.8955726623535156,
            "disk_free": 24.106502532958984,
            "virtual_used": 0.9704933166503906,
            "virtual_free": 0.8953742980957031
        },
        "samples": [
            {
                "cpu_util": 0.0,
                "disk_read": 0.46949005126953125,
                "disk_write": 4.455438613891602,
                "disk_used": 3.8955726623535156,
                "disk_free": 24.106502532958984,
                "virtual_used": 0.9704933166503906,
                "virtual_free": 0.8953742980957031,
                "sample": 1
            }
        ],
        "response_time": 0.0021169185638427734
    }
}