{
    "delete": {
        "baseline": {
            "cpu_util": 0.0,
            "disk_read": 0.3494758605957031,
            "disk_write": 3.053995132446289,
            "disk_used": 3.884624481201172,
            "disk_free": 24.117450714111328,
            "virtual_used": 1.1553001403808594,
            "virtual_free": 2.5916671752929688
        },
        "samples": [
            {
                "cpu_util": 5.0,
                "disk_read": 0.3494758605957031,
                "disk_write": 3.0539989471435547,
                "disk_used": 3.884624481201172,
                "disk_free": 24.117450714111328,
                "virtual_used": 1.1505661010742188,
                "virtual_free": 2.5964012145996094,
                "sample": 1
            }
        ],
        "response_time": 0.0010516643524169922
    },
    "create": {
        "baseline": {
            "cpu_util": 63.2,
            "disk_read": 0.3494758605957031,
            "disk_write": 3.0539989471435547,
            "disk_used": 3.8914833068847656,
            "disk_free": 24.110591888427734,
            "virtual_used": 1.1578750610351562,
            "virtual_free": 2.589092254638672
        },
        "samples": [
            {
                "cpu_util": 51.4,
                "disk_read": 0.3494758605957031,
                "disk_write": 3.0539989471435547,
                "disk_used": 3.8914833068847656,
                "disk_free": 24.110591888427734,
                "virtual_used": 1.1578750610351562,
                "virtual_free": 2.589092254638672,
                "sample": 1
            },
            {
                "cpu_util": 47.8,
                "disk_read": 0.3494758605957031,
                "disk_write": 3.0543041229248047,
                "disk_used": 3.891490936279297,
                "disk_free": 24.110584259033203,
                "virtual_used": 1.1520538330078125,
                "virtual_free": 2.5949134826660156,
                "sample": 2
            },
            {
                "cpu_util": 50.0,
                "disk_read": 0.3494758605957031,
                "disk_write": 3.056966781616211,
                "disk_used": 3.891490936279297,
                "disk_free": 24.110584259033203,
                "virtual_used": 1.1530189514160156,
                "virtual_free": 2.5939483642578125,
                "sample": 3
            },
            {
                "cpu_util": 26.3,
                "disk_read": 0.3494758605957031,
                "disk_write": 3.0583248138427734,
                "disk_used": 3.8932266235351562,
                "disk_free": 24.108848571777344,
                "virtual_used": 1.1567268371582031,
                "virtual_free": 2.590240478515625,
                "sample": 4
            }
        ],
        "response_time": 1.0939452648162842
    },
    "insertManyStruct": {
        "baseline": {
            "cpu_util": 0.0,
            "disk_read": 0.3494758605957031,
            "disk_write": 3.0588321685791016,
            "disk_used": 3.8932266235351562,
            "disk_free": 24.108848571777344,
            "virtual_used": 1.1566543579101562,
            "virtual_free": 2.590312957763672
        },
        "samples": [
            {
                "cpu_util": 50.0,
                "disk_read": 0.3494758605957031,
                "disk_write": 3.0588321685791016,
                "disk_used": 3.8932266235351562,
                "disk_free": 24.108848571777344,
                "virtual_used": 1.1566543579101562,
                "virtual_free": 2.590312957763672,
                "sample": 1
            },
            {
                "cpu_util": 51.9,
                "disk_read": 0.3494758605957031,
                "disk_write": 3.0588321685791016,
                "disk_used": 3.8932266235351562,
                "disk_free": 24.108848571777344,
                "virtual_used": 1.1807899475097656,
                "virtual_free": 2.5661773681640625,
                "sample": 2
            },
            {
                "cpu_util": 80.0,
                "disk_read": 0.3494758605957031,
                "disk_write": 3.059774398803711,
                "disk_used": 3.8957252502441406,
                "disk_free": 24.10634994506836,
                "virtual_used": 1.14654541015625,
                "virtual_free": 2.600421905517578,
                "sample": 3
            },
            {
                "cpu_util": 52.4,
                "disk_read": 0.3494758605957031,
                "disk_write": 3.062112808227539,
                "disk_used": 3.8965721130371094,
                "disk_free": 24.10550308227539,
                "virtual_used": 1.1468009948730469,
                "virtual_free": 2.6001663208007812,
                "sample": 4
            }
        ],
        "response_time": 0.9590799808502197
    }
}