{
    "delete": {
        "baseline": {
            "cpu_util": 0.0,
            "disk_read": 0.5024294853210449,
            "disk_write": 5.356374740600586,
            "disk_used": 3.8548355102539062,
            "disk_free": 24.147239685058594,
            "virtual_used": 1.00274658203125,
            "virtual_free": 0.8631210327148438
        },
        "samples": [
            {
                "cpu_util": 0.0,
                "disk_read": 0.5024294853210449,
                "disk_write": 5.356378555297852,
                "disk_used": 3.854839324951172,
                "disk_free": 24.147235870361328,
                "virtual_used": 1.00274658203125,
                "virtual_free": 0.8631210327148438,
                "sample": 1
            }
        ],
        "response_time": 0.0014340877532958984
    },
    "create": {
        "baseline": {
            "cpu_util": 0.0,
            "disk_read": 0.5024294853210449,
            "disk_write": 5.356378555297852,
            "disk_used": 3.854839324951172,
            "disk_free": 24.147235870361328,
            "virtual_used": 1.0027427673339844,
            "virtual_free": 0.8631248474121094
        },
        "samples": [
            {
                "cpu_util": 0.0,
                "disk_read": 0.5024294853210449,
                "disk_write": 5.356576919555664,
                "disk_used": 3.854846954345703,
                "disk_free": 24.147228240966797,
                "virtual_used": 1.0027236938476562,
                "virtual_free": 0.8631439208984375,
                "sample": 1
            }
        ],
        "response_time": 0.02038264274597168
    },
    "aggregateStruct": {
        "baseline": {
            "cpu_util": 0.0,
            "disk_read": 0.5024294853210449,
            "disk_write": 5.356576919555664,
            "disk_used": 3.854846954345703,
            "disk_free": 24.147228240966797,
            "virtual_used": 1.0027236938476562,
            "virtual_free": 0.8631439208984375
        },
        "samples": [
            {
                "cpu_util": 4.8,
                "disk_read": 0.5024294853210449,
                "disk_write": 5.356576919555664,
                "disk_used": 3.854846954345703,
                "disk_free": 24.147228240966797,
                "virtual_used": 1.0027236938476562,
                "virtual_free": 0.8631439208984375,
                "sample": 1
            }
        ],
        "response_time": 0.0016002655029296875
    }
}