{
    "delete": {
        "baseline": {
            "cpu_util": 0.0,
            "disk_read": 53.62527132034302,
            "disk_write": 6.093893051147461,
            "disk_used": 5.9604034423828125,
            "disk_free": 22.041671752929688,
            "virtual_used": 1.0452842712402344,
            "virtual_free": 0.8205795288085938
        },
        "samples": [
            {
                "cpu_util": 0.0,
                "disk_read": 53.62527132034302,
                "disk_write": 6.093896865844727,
                "disk_used": 5.9604034423828125,
                "disk_free": 22.041671752929688,
                "virtual_used": 1.0452842712402344,
                "virtual_free": 0.8205795288085938,
                "sample": 1
            }
        ],
        "response_time": 0.0008838176727294922
    },
    "create": {
        "baseline": {
            "cpu_util": 0.0,
            "disk_read": 53.62527132034302,
            "disk_write": 6.093896865844727,
            "disk_used": 5.9604034423828125,
            "disk_free": 22.041671752929688,
            "virtual_used": 1.0452842712402344,
            "virtual_free": 0.8205795288085938
        },
        "samples": [
            {
                "cpu_util": 28.6,
                "disk_read": 53.62527132034302,
                "disk_write": 6.094526290893555,
                "disk_used": 5.960411071777344,
                "disk_free": 22.041664123535156,
                "virtual_used": 1.0252723693847656,
                "virtual_free": 0.8405914306640625,
                "sample": 1
            }
        ],
        "response_time": 0.07929086685180664
    },
    "aggregateStruct": {
        "baseline": {
            "cpu_util": 0.0,
            "disk_read": 53.62527132034302,
            "disk_write": 6.094526290893555,
            "disk_used": 5.960411071777344,
            "disk_free": 22.041664123535156,
            "virtual_used": 1.0252723693847656,
            "virtual_free": 0.8405914306640625
        },
        "samples": [
            {
                "cpu_util": 4.8,
                "disk_read": 53.62527132034302,
                "disk_write": 6.094526290893555,
                "disk_used": 5.960411071777344,
                "disk_free": 22.041664123535156,
                "virtual_used": 1.0252723693847656,
                "virtual_free": 0.8405914306640625,
                "sample": 1
            }
        ],
        "response_time": 0.005238056182861328
    }
}