{
    "delete": {
        "baseline": {
            "cpu_util": 0.0,
            "disk_read": 53.64996385574341,
            "disk_write": 7.091650009155273,
            "disk_used": 5.890140533447266,
            "disk_free": 22.111934661865234,
            "virtual_used": 1.0368003845214844,
            "virtual_free": 0.8290634155273438
        },
        "samples": [
            {
                "cpu_util": 5.3,
                "disk_read": 53.64996385574341,
                "disk_write": 7.091714859008789,
                "disk_used": 5.890144348144531,
                "disk_free": 22.11193084716797,
                "virtual_used": 1.0367851257324219,
                "virtual_free": 0.8290786743164062,
                "sample": 1
            }
        ],
        "response_time": 0.0009064674377441406
    },
    "create": {
        "baseline": {
            "cpu_util": 0.0,
            "disk_read": 53.64996385574341,
            "disk_write": 7.091714859008789,
            "disk_used": 5.890144348144531,
            "disk_free": 22.11193084716797,
            "virtual_used": 1.0367851257324219,
            "virtual_free": 0.8290786743164062
        },
        "samples": [
            {
                "cpu_util": 0.0,
                "disk_read": 53.64996385574341,
                "disk_write": 7.091924667358398,
                "disk_used": 5.8901519775390625,
                "disk_free": 22.111923217773438,
                "virtual_used": 1.0367431640625,
                "virtual_free": 0.8291206359863281,
                "sample": 1
            }
        ],
        "response_time": 0.01994466781616211
    },
    "updateManyStruct": {
        "baseline": {
            "cpu_util": 0.0,
            "disk_read": 53.64996385574341,
            "disk_write": 7.091924667358398,
            "disk_used": 5.8901519775390625,
            "disk_free": 22.111923217773438,
            "virtual_used": 1.0367317199707031,
            "virtual_free": 0.829132080078125
        },
        "samples": [
            {
                "cpu_util": 0.0,
                "disk_read": 53.64996385574341,
                "disk_write": 7.09196662902832,
                "disk_used": 5.8901519775390625,
                "disk_free": 22.111923217773438,
                "virtual_used": 1.0367050170898438,
                "virtual_free": 0.8291587829589844,
                "sample": 1
            }
        ],
        "response_time": 0.0031676292419433594
    }
}