{
    "delete": {
        "baseline": {
            "cpu_util": 0.0,
            "disk_read": 12.482769012451172,
            "disk_write": 5.638891220092773,
            "disk_used": 4.0156707763671875,
            "disk_free": 23.986404418945312,
            "virtual_used": 1.10394287109375,
            "virtual_free": 0.7619247436523438
        },
        "samples": [
            {
                "cpu_util": 0.0,
                "disk_read": 12.482769012451172,
                "disk_write": 5.638891220092773,
                "disk_used": 4.0156707763671875,
                "disk_free": 23.986404418945312,
                "virtual_used": 1.1038932800292969,
                "virtual_free": 0.7619743347167969,
                "sample": 1
            }
        ],
        "response_time": 0.0010135173797607422
    },
    "create": {
        "baseline": {
            "cpu_util": 4.8,
            "disk_read": 12.482769012451172,
            "disk_write": 5.638895034790039,
            "disk_used": 4.0156707763671875,
            "disk_free": 23.986404418945312,
            "virtual_used": 1.1038932800292969,
            "virtual_free": 0.7619743347167969
        },
        "samples": [
            {
                "cpu_util": 47.8,
                "disk_read": 12.482769012451172,
                "disk_write": 5.638895034790039,
                "disk_used": 4.0156707763671875,
                "disk_free": 23.986404418945312,
                "virtual_used": 1.1038932800292969,
                "virtual_free": 0.7619743347167969,
                "sample": 1
            },
            {
                "cpu_util": 52.4,
                "disk_read": 12.482769012451172,
                "disk_write": 5.63905143737793,
                "disk_used": 4.015678405761719,
                "disk_free": 23.98639678955078,
                "virtual_used": 1.1006050109863281,
                "virtual_free": 0.7652626037597656,
                "sample": 2
            },
            {
                "cpu_util": 55.0,
                "disk_read": 12.482769012451172,
                "disk_write": 5.640848159790039,
                "disk_used": 4.015678405761719,
                "disk_free": 23.98639678955078,
                "virtual_used": 1.1016006469726562,
                "virtual_free": 0.7642669677734375,
                "sample": 3
            },
            {
                "cpu_util": 9.1,
                "disk_read": 12.482769012451172,
                "disk_write": 5.643712997436523,
                "disk_used": 4.015682220458984,
                "disk_free": 23.986392974853516,
                "virtual_used": 1.1003913879394531,
                "virtual_free": 0.7654762268066406,
                "sample": 4
            }
        ],
        "response_time": 0.9987785816192627
    },
    "aggregateStruct": {
        "baseline": {
            "cpu_util": 9.1,
            "disk_read": 12.482769012451172,
            "disk_write": 5.643712997436523,
            "disk_used": 4.015682220458984,
            "disk_free": 23.986392974853516,
            "virtual_used": 1.1003837585449219,
            "virtual_free": 0.7654838562011719
        },
        "samples": [
            {
                "cpu_util": 95.0,
                "disk_read": 12.482769012451172,
                "disk_write": 5.643712997436523,
                "disk_used": 4.020511627197266,
                "disk_free": 23.981563568115234,
                "virtual_used": 1.1053314208984375,
                "virtual_free": 0.7605361938476562,
                "sample": 1
            }
        ],
        "response_time": 0.11679244041442871
    }
}