{
    "delete": {
        "baseline": {
            "cpu_util": 5.0,
            "disk_read": 0.3256845474243164,
            "disk_write": 1.2419109344482422,
            "disk_used": 4.045326232910156,
            "disk_free": 23.956748962402344,
            "virtual_used": 0.975433349609375,
            "virtual_free": 0.8904342651367188
        },
        "samples": [
            {
                "cpu_util": 10.0,
                "disk_read": 0.3256845474243164,
                "disk_write": 1.2419147491455078,
                "disk_used": 4.046627044677734,
                "disk_free": 23.955448150634766,
                "virtual_used": 0.9742698669433594,
                "virtual_free": 0.8915977478027344,
                "sample": 1
            }
        ],
        "response_time": 0.0009603500366210938
    },
    "create": {
        "baseline": {
            "cpu_util": 0.0,
            "disk_read": 0.3256845474243164,
            "disk_write": 1.2419147491455078,
            "disk_used": 4.046627044677734,
            "disk_free": 23.955448150634766,
            "virtual_used": 0.9742698669433594,
            "virtual_free": 0.8915977478027344
        },
        "samples": [
            {
                "cpu_util": 52.0,
                "disk_read": 0.3256845474243164,
                "disk_write": 1.2419147491455078,
                "disk_used": 4.046627044677734,
                "disk_free": 23.955448150634766,
                "virtual_used": 0.9742279052734375,
                "virtual_free": 0.8916397094726562,
                "sample": 1
            },
            {
                "cpu_util": 60.9,
                "disk_read": 0.3256845474243164,
                "disk_write": 1.2419147491455078,
                "disk_used": 4.046627044677734,
                "disk_free": 23.955448150634766,
                "virtual_used": 0.9883842468261719,
                "virtual_free": 0.8774833679199219,
                "sample": 2
            },
            {
                "cpu_util": 52.6,
                "disk_read": 0.3256845474243164,
                "disk_write": 1.2443370819091797,
                "disk_used": 4.046634674072266,
                "disk_free": 23.955440521240234,
                "virtual_used": 0.994476318359375,
                "virtual_free": 0.8713912963867188,
                "sample": 3
            },
            {
                "cpu_util": 69.6,
                "disk_read": 0.3256845474243164,
                "disk_write": 1.2489910125732422,
                "disk_used": 4.0486602783203125,
                "disk_free": 23.953414916992188,
                "virtual_used": 1.0021514892578125,
                "virtual_free": 0.8637161254882812,
                "sample": 4
            },
            {
                "cpu_util": 68.4,
                "disk_read": 0.3256845474243164,
                "disk_write": 1.2516155242919922,
                "disk_used": 4.154186248779297,
                "disk_free": 23.847888946533203,
                "virtual_used": 0.9965019226074219,
                "virtual_free": 0.8693656921386719,
                "sample": 5
            }
        ],
        "response_time": 1.3321006298065186
    },
    "insertManyUnstruct": {
        "baseline": {
            "cpu_util": 4.8,
            "disk_read": 0.3256845474243164,
            "disk_write": 1.2516155242919922,
            "disk_used": 4.154186248779297,
            "disk_free": 23.847888946533203,
            "virtual_used": 0.9964828491210938,
            "virtual_free": 0.869384765625
        },
        "samples": [
            {
                "cpu_util": 50.0,
                "disk_read": 0.3256845474243164,
                "disk_write": 1.2516155242919922,
                "disk_used": 4.154186248779297,
                "disk_free": 23.847888946533203,
                "virtual_used": 0.9964828491210938,
                "virtual_free": 0.869384765625,
                "sample": 1
            },
            {
                "cpu_util": 56.0,
                "disk_read": 0.3256845474243164,
                "disk_write": 1.2516155242919922,
                "disk_used": 4.154186248779297,
                "disk_free": 23.847888946533203,
                "virtual_used": 1.0019493103027344,
                "virtual_free": 0.8639183044433594,
                "sample": 2
            },
            {
                "cpu_util": 50.0,
                "disk_read": 0.3256845474243164,
                "disk_write": 1.2536182403564453,
                "disk_used": 4.1541900634765625,
                "disk_free": 23.847885131835938,
                "virtual_used": 1.0067176818847656,
                "virtual_free": 0.8591499328613281,
                "sample": 3
            },
            {
                "cpu_util": 68.2,
                "disk_read": 0.3256845474243164,
                "disk_write": 1.2564144134521484,
                "disk_used": 4.156581878662109,
                "disk_free": 23.84549331665039,
                "virtual_used": 1.0008773803710938,
                "virtual_free": 0.864990234375,
                "sample": 4
            },
            {
                "cpu_util": 71.4,
                "disk_read": 0.3256845474243164,
                "disk_write": 1.2600994110107422,
                "disk_used": 4.162864685058594,
                "disk_free": 23.839210510253906,
                "virtual_used": 1.00274658203125,
                "virtual_free": 0.8631210327148438,
                "sample": 5
            }
        ],
        "response_time": 1.0864732265472412
    }
}