{
    "delete": {
        "baseline": {
            "cpu_util": 4.8,
            "disk_read": 0.3256845474243164,
            "disk_write": 1.0677738189697266,
            "disk_used": 3.9655380249023438,
            "disk_free": 24.036537170410156,
            "virtual_used": 0.9408416748046875,
            "virtual_free": 0.9250259399414062
        },
        "samples": [
            {
                "cpu_util": 0.0,
                "disk_read": 0.3256845474243164,
                "disk_write": 1.0677776336669922,
                "disk_used": 3.9655418395996094,
                "disk_free": 24.03653335571289,
                "virtual_used": 0.9408416748046875,
                "virtual_free": 0.9250259399414062,
                "sample": 1
            }
        ],
        "response_time": 0.0010752677917480469
    },
    "create": {
        "baseline": {
            "cpu_util": 0.0,
            "disk_read": 0.3256845474243164,
            "disk_write": 1.0677776336669922,
            "disk_used": 3.9655418395996094,
            "disk_free": 24.03653335571289,
            "virtual_used": 0.9408416748046875,
            "virtual_free": 0.9250259399414062
        },
        "samples": [
            {
                "cpu_util": 52.3,
                "disk_read": 0.3256845474243164,
                "disk_write": 1.0677776336669922,
                "disk_used": 3.9655418395996094,
                "disk_free": 24.03653335571289,
                "virtual_used": 0.9408416748046875,
                "virtual_free": 0.9250259399414062,
                "sample": 1
            },
            {
                "cpu_util": 50.0,
                "disk_read": 0.3256845474243164,
                "disk_write": 1.0679454803466797,
                "disk_used": 3.9655494689941406,
                "disk_free": 24.03652572631836,
                "virtual_used": 0.9616050720214844,
                "virtual_free": 0.9042625427246094,
                "sample": 2
            },
            {
                "cpu_util": 57.1,
                "disk_read": 0.3256845474243164,
                "disk_write": 1.0717487335205078,
                "disk_used": 3.9655494689941406,
                "disk_free": 24.03652572631836,
                "virtual_used": 0.9648780822753906,
                "virtual_free": 0.9009895324707031,
                "sample": 3
            },
            {
                "cpu_util": 75.0,
                "disk_read": 0.3256845474243164,
                "disk_write": 1.0759906768798828,
                "disk_used": 3.9748992919921875,
                "disk_free": 24.027175903320312,
                "virtual_used": 0.9673500061035156,
                "virtual_free": 0.8985176086425781,
                "sample": 4
            }
        ],
        "response_time": 1.1053385734558105
    },
    "insertManyUnstruct": {
        "baseline": {
            "cpu_util": 0.0,
            "disk_read": 0.3256845474243164,
            "disk_write": 1.0773754119873047,
            "disk_used": 3.97503662109375,
            "disk_free": 24.02703857421875,
            "virtual_used": 0.9666099548339844,
            "virtual_free": 0.8992576599121094
        },
        "samples": [
            {
                "cpu_util": 52.0,
                "disk_read": 0.3256845474243164,
                "disk_write": 1.0773754119873047,
                "disk_used": 3.97503662109375,
                "disk_free": 24.02703857421875,
                "virtual_used": 0.9665679931640625,
                "virtual_free": 0.8992996215820312,
                "sample": 1
            },
            {
                "cpu_util": 57.1,
                "disk_read": 0.3256845474243164,
                "disk_write": 1.0786113739013672,
                "disk_used": 3.97503662109375,
                "disk_free": 24.02703857421875,
                "virtual_used": 0.9574470520019531,
                "virtual_free": 0.9084205627441406,
                "sample": 2
            },
            {
                "cpu_util": 76.2,
                "disk_read": 0.3256845474243164,
                "disk_write": 1.0809268951416016,
                "disk_used": 3.9778671264648438,
                "disk_free": 24.024208068847656,
                "virtual_used": 0.9550056457519531,
                "virtual_free": 0.9108619689941406,
                "sample": 3
            },
            {
                "cpu_util": 78.9,
                "disk_read": 0.3256845474243164,
                "disk_write": 1.0841007232666016,
                "disk_used": 3.9814224243164062,
                "disk_free": 24.020652770996094,
                "virtual_used": 0.9602813720703125,
                "virtual_free": 0.9055862426757812,
                "sample": 4
            },
            {
                "cpu_util": 26.3,
                "disk_read": 0.3256845474243164,
                "disk_write": 1.0868549346923828,
                "disk_used": 3.9856719970703125,
                "disk_free": 24.016403198242188,
                "virtual_used": 0.9498825073242188,
                "virtual_free": 0.915985107421875,
                "sample": 5
            }
        ],
        "response_time": 0.9764752388000488
    }
}