{
    "delete": {
        "baseline": {
            "cpu_util": 0.0,
            "disk_read": 53.649967670440674,
            "disk_write": 7.212533950805664,
            "disk_used": 5.885509490966797,
            "disk_free": 22.116565704345703,
            "virtual_used": 1.045928955078125,
            "virtual_free": 0.8199348449707031
        },
        "samples": [
            {
                "cpu_util": 0.0,
                "disk_read": 53.649967670440674,
                "disk_write": 7.21253776550293,
                "disk_used": 5.885509490966797,
                "disk_free": 22.116565704345703,
                "virtual_used": 1.045928955078125,
                "virtual_free": 0.8199348449707031,
                "sample": 1
            }
        ],
        "response_time": 0.0008440017700195312
    },
    "create": {
        "baseline": {
            "cpu_util": 0.0,
            "disk_read": 53.649967670440674,
            "disk_write": 7.21253776550293,
            "disk_used": 5.885509490966797,
            "disk_free": 22.116565704345703,
            "virtual_used": 1.045928955078125,
            "virtual_free": 0.8199348449707031
        },
        "samples": [
            {
                "cpu_util": 4.8,
                "disk_read": 53.649967670440674,
                "disk_write": 7.212724685668945,
                "disk_used": 5.885517120361328,
                "disk_free": 22.116558074951172,
                "virtual_used": 1.0458869934082031,
                "virtual_free": 0.819976806640625,
                "sample": 1
            }
        ],
        "response_time": 0.019702672958374023
    },
    "readManyStruct": {
        "baseline": {
            "cpu_util": 0.0,
            "disk_read": 53.649967670440674,
            "disk_write": 7.212724685668945,
            "disk_used": 5.885517120361328,
            "disk_free": 22.116558074951172,
            "virtual_used": 1.0458869934082031,
            "virtual_free": 0.819976806640625
        },
        "samples": [
            {
                "cpu_util": 0.0,
                "disk_read": 53.649967670440674,
                "disk_write": 7.212724685668945,
                "disk_used": 5.885517120361328,
                "disk_free": 22.116558074951172,
                "virtual_used": 1.0458869934082031,
                "virtual_free": 0.819976806640625,
                "sample": 1
            }
        ],
        "response_time": 6.842613220214844e-05
    }
}