{
    "delete": {
        "baseline": {
            "cpu_util": 0.0,
            "disk_read": 0.3494758605957031,
            "disk_write": 3.970010757446289,
            "disk_used": 3.770183563232422,
            "disk_free": 24.231891632080078,
            "virtual_used": 1.1573905944824219,
            "virtual_free": 2.5895767211914062
        },
        "samples": [
            {
                "cpu_util": 4.8,
                "disk_read": 0.3494758605957031,
                "disk_write": 3.9700145721435547,
                "disk_used": 3.7701873779296875,
                "disk_free": 24.231887817382812,
                "virtual_used": 1.1573867797851562,
                "virtual_free": 2.589580535888672,
                "sample": 1
            }
        ],
        "response_time": 0.0010683536529541016
    },
    "create": {
        "baseline": {
            "cpu_util": 0.0,
            "disk_read": 0.3494758605957031,
            "disk_write": 3.9700145721435547,
            "disk_used": 3.7701873779296875,
            "disk_free": 24.231887817382812,
            "virtual_used": 1.1573867797851562,
            "virtual_free": 2.589580535888672
        },
        "samples": [
            {
                "cpu_util": 0.0,
                "disk_read": 0.3494758605957031,
                "disk_write": 3.9701671600341797,
                "disk_used": 3.7701950073242188,
                "disk_free": 24.23188018798828,
                "virtual_used": 1.1573753356933594,
                "virtual_free": 2.5895919799804688,
                "sample": 1
            }
        ],
        "response_time": 0.03321957588195801
    },
    "insertOneThenUpdateBirthdayStruct": {
        "baseline": {
            "cpu_util": 0.0,
            "disk_read": 0.3494758605957031,
            "disk_write": 3.9702320098876953,
            "disk_used": 3.7701950073242188,
            "disk_free": 24.23188018798828,
            "virtual_used": 1.1573219299316406,
            "virtual_free": 2.5896453857421875
        },
        "samples": [
            {
                "cpu_util": 0.0,
                "disk_read": 0.3494758605957031,
                "disk_write": 3.970235824584961,
                "disk_used": 3.7701950073242188,
                "disk_free": 24.23188018798828,
                "virtual_used": 1.1573219299316406,
                "virtual_free": 2.5896453857421875,
                "sample": 1
            }
        ],
        "response_time": 0.002078533172607422
    }
}