{
    "delete": {
        "baseline": {
            "cpu_util": 0.0,
            "disk_read": 0.5854620933532715,
            "disk_write": 4.149953842163086,
            "disk_used": 5.6082611083984375,
            "disk_free": 22.393814086914062,
            "virtual_used": 0.9294624328613281,
            "virtual_free": 0.9364013671875
        },
        "samples": [
            {
                "cpu_util": 0.0,
                "disk_read": 0.5854620933532715,
                "disk_write": 4.149957656860352,
                "disk_used": 5.6082611083984375,
                "disk_free": 22.393814086914062,
                "virtual_used": 0.9294624328613281,
                "virtual_free": 0.9364013671875,
                "sample": 1
            }
        ],
        "response_time": 0.0008623600006103516
    },
    "create": {
        "baseline": {
            "cpu_util": 0.0,
            "disk_read": 0.5854620933532715,
            "disk_write": 4.149957656860352,
            "disk_used": 5.6082611083984375,
            "disk_free": 22.393814086914062,
            "virtual_used": 0.9294395446777344,
            "virtual_free": 0.9364242553710938
        },
        "samples": [
            {
                "cpu_util": 5.0,
                "disk_read": 0.5854620933532715,
                "disk_write": 4.150114059448242,
                "disk_used": 5.608268737792969,
                "disk_free": 22.39380645751953,
                "virtual_used": 0.9294242858886719,
                "virtual_free": 0.9364395141601562,
                "sample": 1
            }
        ],
        "response_time": 0.018835783004760742
    },
    "updateManyUnstruct": {
        "baseline": {
            "cpu_util": 0.0,
            "disk_read": 0.5854620933532715,
            "disk_write": 4.150114059448242,
            "disk_used": 5.608268737792969,
            "disk_free": 22.39380645751953,
            "virtual_used": 0.9294242858886719,
            "virtual_free": 0.9364395141601562
        },
        "samples": [
            {
                "cpu_util": 0.0,
                "disk_read": 0.5854620933532715,
                "disk_write": 4.150114059448242,
                "disk_used": 5.608268737792969,
                "disk_free": 22.39380645751953,
                "virtual_used": 0.9294242858886719,
                "virtual_free": 0.9364395141601562,
                "sample": 1
            }
        ],
        "response_time": 0.0008313655853271484
    }
}