{
    "delete": {
        "baseline": {
            "cpu_util": 0.0,
            "disk_read": 1.0022273063659668,
            "disk_write": 17.80833625793457,
            "disk_used": 4.10687255859375,
            "disk_free": 23.89520263671875,
            "virtual_used": 2.685039520263672,
            "virtual_free": 1.0619163513183594
        },
        "samples": [
            {
                "cpu_util": 68.4,
                "disk_read": 1.0022273063659668,
                "disk_write": 17.808340072631836,
                "disk_used": 4.111530303955078,
                "disk_free": 23.890544891357422,
                "virtual_used": 2.6805877685546875,
                "virtual_free": 1.0663681030273438,
                "sample": 1
            }
        ],
        "response_time": 0.0008938312530517578
    },
    "create": {
        "baseline": {
            "cpu_util": 9.5,
            "disk_read": 1.0022273063659668,
            "disk_write": 17.808408737182617,
            "disk_used": 4.111534118652344,
            "disk_free": 23.890541076660156,
            "virtual_used": 2.6807632446289062,
            "virtual_free": 1.066192626953125
        },
        "samples": [
            {
                "cpu_util": 50.0,
                "disk_read": 1.0022273063659668,
                "disk_write": 17.808408737182617,
                "disk_used": 4.111534118652344,
                "disk_free": 23.890541076660156,
                "virtual_used": 2.6807632446289062,
                "virtual_free": 1.066192626953125,
                "sample": 1
            },
            {
                "cpu_util": 52.0,
                "disk_read": 1.0022273063659668,
                "disk_write": 17.808408737182617,
                "disk_used": 4.111534118652344,
                "disk_free": 23.890541076660156,
                "virtual_used": 2.6807632446289062,
                "virtual_free": 1.066192626953125,
                "sample": 2
            },
            {
                "cpu_util": 50.0,
                "disk_read": 1.0022273063659668,
                "disk_write": 17.808408737182617,
                "disk_used": 4.111534118652344,
                "disk_free": 23.890541076660156,
                "virtual_used": 2.6800613403320312,
                "virtual_free": 1.06689453125,
                "sample": 3
            },
            {
                "cpu_util": 52.0,
                "disk_read": 1.0022273063659668,
                "disk_write": 17.808408737182617,
                "disk_used": 4.111534118652344,
                "disk_free": 23.890541076660156,
                "virtual_used": 2.6800613403320312,
                "virtual_free": 1.06689453125,
                "sample": 4
            },
            {
                "cpu_util": 50.0,
                "disk_read": 1.0022273063659668,
                "disk_write": 17.808408737182617,
                "disk_used": 4.111534118652344,
                "disk_free": 23.890541076660156,
                "virtual_used": 2.695201873779297,
                "virtual_free": 1.0517539978027344,
                "sample": 5
            },
            {
                "cpu_util": 50.0,
                "disk_read": 1.0022273063659668,
                "disk_write": 17.808897018432617,
                "disk_used": 4.111541748046875,
                "disk_free": 23.890533447265625,
                "virtual_used": 2.7031402587890625,
                "virtual_free": 1.0438156127929688,
                "sample": 6
            },
            {
                "cpu_util": 52.4,
                "disk_read": 1.0022273063659668,
                "disk_write": 17.81257438659668,
                "disk_used": 4.111545562744141,
                "disk_free": 23.89052963256836,
                "virtual_used": 2.701099395751953,
                "virtual_free": 1.0458564758300781,
                "sample": 7
            },
            {
                "cpu_util": 50.0,
                "disk_read": 1.0022273063659668,
                "disk_write": 17.81422996520996,
                "disk_used": 4.111545562744141,
                "disk_free": 23.89052963256836,
                "virtual_used": 2.699596405029297,
                "virtual_free": 1.0473594665527344,
                "sample": 8
            },
            {
                "cpu_util": 52.2,
                "disk_read": 1.0022273063659668,
                "disk_write": 17.81795310974121,
                "disk_used": 4.111545562744141,
                "disk_free": 23.89052963256836,
                "virtual_used": 2.720855712890625,
                "virtual_free": 1.0261001586914062,
                "sample": 9
            },
            {
                "cpu_util": 70.0,
                "disk_read": 1.0022273063659668,
                "disk_write": 17.820749282836914,
                "disk_used": 4.114532470703125,
                "disk_free": 23.887542724609375,
                "virtual_used": 2.6924972534179688,
                "virtual_free": 1.0544586181640625,
                "sample": 10
            },
            {
                "cpu_util": 100.0,
                "disk_read": 1.0022273063659668,
                "disk_write": 17.863645553588867,
                "disk_used": 4.126365661621094,
                "disk_free": 23.875709533691406,
                "virtual_used": 2.706707000732422,
                "virtual_free": 1.0402488708496094,
                "sample": 11
            },
            {
                "cpu_util": 52.2,
                "disk_read": 1.0022273063659668,
                "disk_write": 17.864404678344727,
                "disk_used": 4.126365661621094,
                "disk_free": 23.875709533691406,
                "virtual_used": 2.7014198303222656,
                "virtual_free": 1.0455360412597656,
                "sample": 12
            },
            {
                "cpu_util": 50.0,
                "disk_read": 1.0022273063659668,
                "disk_write": 17.867658615112305,
                "disk_used": 4.126365661621094,
                "disk_free": 23.875709533691406,
                "virtual_used": 2.7008094787597656,
                "virtual_free": 1.0461463928222656,
                "sample": 13
            },
            {
                "cpu_util": 52.2,
                "disk_read": 1.0022273063659668,
                "disk_write": 17.869062423706055,
                "disk_used": 4.126365661621094,
                "disk_free": 23.875709533691406,
                "virtual_used": 2.6887359619140625,
                "virtual_free": 1.0582199096679688,
                "sample": 14
            },
            {
                "cpu_util": 50.0,
                "disk_read": 1.0022273063659668,
                "disk_write": 17.871301651000977,
                "disk_used": 4.126365661621094,
                "disk_free": 23.875709533691406,
                "virtual_used": 2.6899070739746094,
                "virtual_free": 1.0570487976074219,
                "sample": 15
            },
            {
                "cpu_util": 100.0,
                "disk_read": 1.0022273063659668,
                "disk_write": 17.873746871948242,
                "disk_used": 4.131938934326172,
                "disk_free": 23.870136260986328,
                "virtual_used": 2.7046051025390625,
                "virtual_free": 1.0423507690429688,
                "sample": 16
            },
            {
                "cpu_util": 75.0,
                "disk_read": 1.0022273063659668,
                "disk_write": 17.873746871948242,
                "disk_used": 4.139286041259766,
                "disk_free": 23.862789154052734,
                "virtual_used": 2.6982765197753906,
                "virtual_free": 1.0486793518066406,
                "sample": 17
            },
            {
                "cpu_util": 52.6,
                "disk_read": 1.0022273063659668,
                "disk_write": 17.876466751098633,