{
    "delete": {
        "baseline": {
            "cpu_util": 4.8,
            "disk_read": 12.483039855957031,
            "disk_write": 5.948774337768555,
            "disk_used": 4.036155700683594,
            "disk_free": 23.965919494628906,
            "virtual_used": 1.0086898803710938,
            "virtual_free": 0.857177734375
        },
        "samples": [
            {
                "cpu_util": 4.8,
                "disk_read": 12.483039855957031,
                "disk_write": 5.94877815246582,
                "disk_used": 4.036155700683594,
                "disk_free": 23.965919494628906,
                "virtual_used": 1.006927490234375,
                "virtual_free": 0.8589401245117188,
                "sample": 1
            }
        ],
        "response_time": 0.0008301734924316406
    },
    "create": {
        "baseline": {
            "cpu_util": 0.0,
            "disk_read": 12.483039855957031,
            "disk_write": 5.94877815246582,
            "disk_used": 4.036155700683594,
            "disk_free": 23.965919494628906,
            "virtual_used": 1.006927490234375,
            "virtual_free": 0.8589401245117188
        },
        "samples": [
            {
                "cpu_util": 0.0,
                "disk_read": 12.483039855957031,
                "disk_write": 5.948976516723633,
                "disk_used": 4.036163330078125,
                "disk_free": 23.965911865234375,
                "virtual_used": 1.006927490234375,
                "virtual_free": 0.8589401245117188,
                "sample": 1
            }
        ],
        "response_time": 0.017726421356201172
    },
    "updateManyStruct": {
        "baseline": {
            "cpu_util": 0.0,
            "disk_read": 12.483039855957031,
            "disk_write": 5.948976516723633,
            "disk_used": 4.036163330078125,
            "disk_free": 23.965911865234375,
            "virtual_used": 1.006927490234375,
            "virtual_free": 0.8589401245117188
        },
        "samples": [
            {
                "cpu_util": 0.0,
                "disk_read": 12.483039855957031,
                "disk_write": 5.948999404907227,
                "disk_used": 4.036163330078125,
                "disk_free": 23.965911865234375,
                "virtual_used": 1.006927490234375,
                "virtual_free": 0.8589401245117188,
                "sample": 1
            }
        ],
        "response_time": 0.0010132789611816406
    }
}