{
    "delete": {
        "baseline": {
            "cpu_util": 0.0,
            "disk_read": 0.3249826431274414,
            "disk_write": 0.7619190216064453,
            "disk_used": 3.7877159118652344,
            "disk_free": 24.214359283447266,
            "virtual_used": 0.9940681457519531,
            "virtual_free": 2.7528915405273438
        },
        "samples": [
            {
                "cpu_util": 0.0,
                "disk_read": 0.3249826431274414,
                "disk_write": 0.7619228363037109,
                "disk_used": 3.7877159118652344,
                "disk_free": 24.214359283447266,
                "virtual_used": 0.9940681457519531,
                "virtual_free": 2.7528915405273438,
                "sample": 1
            }
        ],
        "response_time": 0.0008618831634521484
    },
    "create": {
        "baseline": {
            "cpu_util": 0.0,
            "disk_read": 0.3249826431274414,
            "disk_write": 0.7619533538818359,
            "disk_used": 3.7877197265625,
            "disk_free": 24.21435546875,
            "virtual_used": 0.9943084716796875,
            "virtual_free": 2.7526512145996094
        },
        "samples": [
            {
                "cpu_util": 43.5,
                "disk_read": 0.3249826431274414,
                "disk_write": 0.7621936798095703,
                "disk_used": 3.7877273559570312,
                "disk_free": 24.21434783935547,
                "virtual_used": 0.9973373413085938,
                "virtual_free": 2.749622344970703,
                "sample": 1
            }
        ],
        "response_time": 0.10538125038146973
    },
    "updateOneUnstruct": {
        "baseline": {
            "cpu_util": 0.0,
            "disk_read": 0.3249826431274414,
            "disk_write": 0.7630939483642578,
            "disk_used": 3.7877273559570312,
            "disk_free": 24.21434783935547,
            "virtual_used": 0.9972419738769531,
            "virtual_free": 2.7497177124023438
        },
        "samples": [
            {
                "cpu_util": 4.8,
                "disk_read": 0.3249826431274414,
                "disk_write": 0.7630977630615234,
                "disk_used": 3.7877273559570312,
                "disk_free": 24.21434783935547,
                "virtual_used": 0.9972419738769531,
                "virtual_free": 2.7497177124023438,
                "sample": 1
            }
        ],
        "response_time": 0.009202003479003906
    }
}