{
    "delete": {
        "baseline": {
            "cpu_util": 0.0,
            "disk_read": 1.2138304710388184,
            "disk_write": 27.328336715698242,
            "disk_used": 5.3642578125,
            "disk_free": 22.6378173828125,
            "virtual_used": 2.66546630859375,
            "virtual_free": 1.0814857482910156
        },
        "samples": [
            {
                "cpu_util": 0.0,
                "disk_read": 1.2138304710388184,
                "disk_write": 27.328340530395508,
                "disk_used": 5.364261627197266,
                "disk_free": 22.637813568115234,
                "virtual_used": 2.66546630859375,
                "virtual_free": 1.0814857482910156,
                "sample": 1
            }
        ],
        "response_time": 0.0008716583251953125
    },
    "create": {
        "baseline": {
            "cpu_util": 0.0,
            "disk_read": 1.2138304710388184,
            "disk_write": 27.328340530395508,
            "disk_used": 5.364261627197266,
            "disk_free": 22.637813568115234,
            "virtual_used": 2.66546630859375,
            "virtual_free": 1.0814857482910156
        },
        "samples": [
            {
                "cpu_util": 50.0,
                "disk_read": 1.2138381004333496,
                "disk_write": 27.328344345092773,
                "disk_used": 5.364261627197266,
                "disk_free": 22.637813568115234,
                "virtual_used": 2.657764434814453,
                "virtual_free": 1.0891876220703125,
                "sample": 1
            },
            {
                "cpu_util": 50.0,
                "disk_read": 1.2138381004333496,
                "disk_write": 27.328344345092773,
                "disk_used": 5.364261627197266,
                "disk_free": 22.637813568115234,
                "virtual_used": 2.6549949645996094,
                "virtual_free": 1.0919570922851562,
                "sample": 2
            },
            {
                "cpu_util": 54.2,
                "disk_read": 1.2138381004333496,
                "disk_write": 27.32834815979004,
                "disk_used": 5.364261627197266,
                "disk_free": 22.637813568115234,
                "virtual_used": 2.6287612915039062,
                "virtual_free": 1.1181907653808594,
                "sample": 3
            },
            {
                "cpu_util": 50.0,
                "disk_read": 1.2138381004333496,
                "disk_write": 27.32834815979004,
                "disk_used": 5.364261627197266,
                "disk_free": 22.637813568115234,
                "virtual_used": 2.6290016174316406,
                "virtual_free": 1.117950439453125,
                "sample": 4
            },
            {
                "cpu_util": 52.0,
                "disk_read": 1.2138381004333496,
                "disk_write": 27.32834815979004,
                "disk_used": 5.364261627197266,
                "disk_free": 22.637813568115234,
                "virtual_used": 2.6904983520507812,
                "virtual_free": 1.0564537048339844,
                "sample": 5
            },
            {
                "cpu_util": 50.0,
                "disk_read": 1.2138381004333496,
                "disk_write": 27.332494735717773,
                "disk_used": 5.364269256591797,
                "disk_free": 22.637805938720703,
                "virtual_used": 2.6745033264160156,
                "virtual_free": 1.07244873046875,
                "sample": 6
            },
            {
                "cpu_util": 50.0,
                "disk_read": 1.2138381004333496,
                "disk_write": 27.337900161743164,
                "disk_used": 5.364269256591797,
                "disk_free": 22.637805938720703,
                "virtual_used": 2.699268341064453,
                "virtual_free": 1.0476837158203125,
                "sample": 7
            },
            {
                "cpu_util": 50.0,
                "disk_read": 1.2138381004333496,
                "disk_write": 27.340112686157227,
                "disk_used": 5.364269256591797,
                "disk_free": 22.637805938720703,
                "virtual_used": 2.667266845703125,
                "virtual_free": 1.0796852111816406,
                "sample": 8
            },
            {
                "cpu_util": 100.0,
                "disk_read": 1.2138381004333496,
                "disk_write": 27.345552444458008,
                "disk_used": 5.3773193359375,
                "disk_free": 22.624755859375,
                "virtual_used": 2.6701889038085938,
                "virtual_free": 1.0767631530761719,
                "sample": 9
            },
            {
                "cpu_util": 82.1,
                "disk_read": 1.2138381004333496,
                "disk_write": 27.347482681274414,
                "disk_used": 5.387920379638672,
                "disk_free": 22.614154815673828,
                "virtual_used": 2.6909332275390625,
                "virtual_free": 1.0560188293457031,
                "sample": 10
            },
            {
                "cpu_util": 54.5,
                "disk_read": 1.2138381004333496,
                "disk_write": 27.34946632385254,
                "disk_used": 5.387920379638672,
                "disk_free": 22.614154815673828,
                "virtual_used": 2.6626739501953125,
                "virtual_free": 1.0842781066894531,
                "sample": 11
            },
            {
                "cpu_util": 55.0,
                "disk_read": 1.2138381004333496,
                "disk_write": 27.352724075317383,
                "disk_used": 5.387786865234375,
                "disk_free": 22.614288330078125,
                "virtual_used": 2.6615333557128906,
                "virtual_free": 1.085418701171875,
                "sample": 12
            },
            {
                "cpu_util": 55.0,
                "disk_read": 1.2138381004333496,
                "disk_write": 27.354616165161133,
                "disk_used": 5.387786865234375,
                "disk_free": 22.614288330078125,
                "virtual_used": 2.667072296142578,
                "virtual_free": 1.0798797607421875,
                "sample": 13
            },
            {
                "cpu_util": 52.4,
                "disk_read": 1.2138381004333496,
                "disk_write": 27.356813430786133,
                "disk_used": 5.485443115234375,
                "disk_free": 22.516632080078125,
                "virtual_used": 2.6652984619140625,
                "virtual_free": 1.0816535949707031,
                "sample": 14
            },
            {
                "cpu_util": 100.0,
                "disk_read": 1.2138381004333496,
                "disk_write": 27.357072830200195,
                "disk_used": 5.490318298339844,
                "disk_free": 22.511756896972656,
                "virtual_used": 2.663990020751953,
                "virtual_free": 1.0829620361328125,
                "sample": 15
            },
            {
                "cpu_util": 100.0,
                "disk_read": 1.2138381004333496,
                "disk_write": 27.357072830200195,
                "disk_used": 5.4959564208984375,
                "disk_free": 22.506118774414062,
                "virtual_used": 2.6871490478515625,
                "virtual_free": 1.0598030090332031,
                "sample": 16
            },
            {
                "cpu_util": 52.4,
                "disk_read": 1.2138381004333496,
                "disk_write": 27.35755729675293,
                "disk_used": 5.4959564208984375,
                "disk_free": 22.506118774414062,
                "virtual_used": 2.662792205810547,
                "virtual_free": 1.0841598510742188,
                "sample": 17
            },
            {
                "cpu_util": 50.0,
                "disk_read": 1.2138381004333496,
                "disk_write": 27.362058639526367,