{
    "delete": {
        "baseline": {
            "cpu_util": 0.0,
            "disk_read": 0.8922247886657715,
            "disk_write": 17.844850540161133,
            "disk_used": 4.8579559326171875,
            "disk_free": 23.144119262695312,
            "virtual_used": 1.7947235107421875,
            "virtual_free": 1.9522285461425781
        },
        "samples": [
            {
                "cpu_util": 0.0,
                "disk_read": 0.8922247886657715,
                "disk_write": 17.8448543548584,
                "disk_used": 4.8579559326171875,
                "disk_free": 23.144119262695312,
                "virtual_used": 1.7947235107421875,
                "virtual_free": 1.9522285461425781,
                "sample": 1
            }
        ],
        "response_time": 0.0008561611175537109
    },
    "create": {
        "baseline": {
            "cpu_util": 0.0,
            "disk_read": 0.8922247886657715,
            "disk_write": 17.8448543548584,
            "disk_used": 4.8579559326171875,
            "disk_free": 23.144119262695312,
            "virtual_used": 1.7947235107421875,
            "virtual_free": 1.9522285461425781
        },
        "samples": [
            {
                "cpu_util": 50.0,
                "disk_read": 0.8922247886657715,
                "disk_write": 17.8448543548584,
                "disk_used": 4.8579559326171875,
                "disk_free": 23.144119262695312,
                "virtual_used": 1.7949638366699219,
                "virtual_free": 1.9519882202148438,
                "sample": 1
            },
            {
                "cpu_util": 50.0,
                "disk_read": 0.8922247886657715,
                "disk_write": 17.845937728881836,
                "disk_used": 4.857963562011719,
                "disk_free": 23.14411163330078,
                "virtual_used": 1.7950325012207031,
                "virtual_free": 1.9519195556640625,
                "sample": 2
            },
            {
                "cpu_util": 50.0,
                "disk_read": 0.8922247886657715,
                "disk_write": 17.85268211364746,
                "disk_used": 4.857967376708984,
                "disk_free": 23.144107818603516,
                "virtual_used": 1.7970504760742188,
                "virtual_free": 1.9499015808105469,
                "sample": 3
            }
        ],
        "response_time": 0.6442587375640869
    },
    "aggregateUnstruct": {
        "baseline": {
            "cpu_util": 0.0,
            "disk_read": 0.8922247886657715,
            "disk_write": 17.854429244995117,
            "disk_used": 4.857967376708984,
            "disk_free": 23.144107818603516,
            "virtual_used": 1.7970046997070312,
            "virtual_free": 1.9499473571777344
        },
        "samples": [
            {
                "cpu_util": 35.0,
                "disk_read": 0.8922247886657715,
                "disk_write": 17.854429244995117,
                "disk_used": 4.858757019042969,
                "disk_free": 23.14331817626953,
                "virtual_used": 1.7962417602539062,
                "virtual_free": 1.9507102966308594,
                "sample": 1
            }
        ],
        "response_time": 0.055434465408325195
    }
}