{
    "delete": {
        "baseline": {
            "cpu_util": 5.0,
            "disk_read": 0.8922247886657715,
            "disk_write": 17.854433059692383,
            "disk_used": 4.868106842041016,
            "disk_free": 23.133968353271484,
            "virtual_used": 1.7940483093261719,
            "virtual_free": 1.9529037475585938
        },
        "samples": [
            {
                "cpu_util": 0.0,
                "disk_read": 0.8922247886657715,
                "disk_write": 17.85443687438965,
                "disk_used": 4.868106842041016,
                "disk_free": 23.133968353271484,
                "virtual_used": 1.7940483093261719,
                "virtual_free": 1.9529037475585938,
                "sample": 1
            }
        ],
        "response_time": 0.0009477138519287109
    },
    "create": {
        "baseline": {
            "cpu_util": 0.0,
            "disk_read": 0.8922247886657715,
            "disk_write": 17.85443687438965,
            "disk_used": 4.868106842041016,
            "disk_free": 23.133968353271484,
            "virtual_used": 1.7940483093261719,
            "virtual_free": 1.9529037475585938
        },
        "samples": [
            {
                "cpu_util": 51.9,
                "disk_read": 0.8922247886657715,
                "disk_write": 17.85443687438965,
                "disk_used": 4.868106842041016,
                "disk_free": 23.133968353271484,
                "virtual_used": 1.7940483093261719,
                "virtual_free": 1.9529037475585938,
                "sample": 1
            },
            {
                "cpu_util": 55.0,
                "disk_read": 0.8922247886657715,
                "disk_write": 17.85460090637207,
                "disk_used": 4.868114471435547,
                "disk_free": 23.133960723876953,
                "virtual_used": 1.7935028076171875,
                "virtual_free": 1.9534492492675781,
                "sample": 2
            },
            {
                "cpu_util": 55.0,
                "disk_read": 0.8922247886657715,
                "disk_write": 17.85972023010254,
                "disk_used": 4.868114471435547,
                "disk_free": 23.133960723876953,
                "virtual_used": 1.7951164245605469,
                "virtual_free": 1.9518356323242188,
                "sample": 3
            }
        ],
        "response_time": 0.8983900547027588
    },
    "aggregateUnstruct": {
        "baseline": {
            "cpu_util": 28.6,
            "disk_read": 0.8922247886657715,
            "disk_write": 17.8640079498291,
            "disk_used": 4.871368408203125,
            "disk_free": 23.130706787109375,
            "virtual_used": 1.7899513244628906,
            "virtual_free": 1.957000732421875
        },
        "samples": [
            {
                "cpu_util": 94.7,
                "disk_read": 0.8922247886657715,
                "disk_write": 17.8640079498291,
                "disk_used": 4.877773284912109,
                "disk_free": 23.12430191040039,
                "virtual_used": 1.7910118103027344,
                "virtual_free": 1.9559402465820312,
                "sample": 1
            }
        ],
        "response_time": 0.08764433860778809
    }
}