{
    "delete": {
        "baseline": {
            "cpu_util": 52.4,
            "disk_read": 1.4701523780822754,
            "disk_write": 29.373109817504883,
            "disk_used": 5.080417633056641,
            "disk_free": 22.92165756225586,
            "virtual_used": 3.0939903259277344,
            "virtual_free": 0.6529617309570312
        },
        "samples": [
            {
                "cpu_util": 50.0,
                "disk_read": 1.4701523780822754,
                "disk_write": 29.373132705688477,
                "disk_used": 5.080421447753906,
                "disk_free": 22.921653747558594,
                "virtual_used": 3.093982696533203,
                "virtual_free": 0.6529693603515625,
                "sample": 1
            }
        ],
        "response_time": 0.0016446113586425781
    },
    "create": {
        "baseline": {
            "cpu_util": 50.0,
            "disk_read": 1.4701523780822754,
            "disk_write": 29.373140335083008,
            "disk_used": 5.080421447753906,
            "disk_free": 22.921653747558594,
            "virtual_used": 3.093982696533203,
            "virtual_free": 0.6529693603515625
        },
        "samples": [
            {
                "cpu_util": 100.0,
                "disk_read": 1.4701523780822754,
                "disk_write": 29.373144149780273,
                "disk_used": 5.080421447753906,
                "disk_free": 22.921653747558594,
                "virtual_used": 3.093982696533203,
                "virtual_free": 0.6529693603515625,
                "sample": 1
            },
            {
                "cpu_util": 100.0,
                "disk_read": 1.4701523780822754,
                "disk_write": 29.373170852661133,
                "disk_used": 5.080421447753906,
                "disk_free": 22.921653747558594,
                "virtual_used": 3.094196319580078,
                "virtual_free": 0.6527557373046875,
                "sample": 2
            },
            {
                "cpu_util": 100.0,
                "disk_read": 1.4701523780822754,
                "disk_write": 29.37318229675293,
                "disk_used": 5.080421447753906,
                "disk_free": 22.921653747558594,
                "virtual_used": 3.094196319580078,
                "virtual_free": 0.6527557373046875,
                "sample": 3
            },
            {
                "cpu_util": 90.0,
                "disk_read": 1.4701523780822754,
                "disk_write": 29.37359046936035,
                "disk_used": 5.0804290771484375,
                "disk_free": 22.921646118164062,
                "virtual_used": 3.0961875915527344,
                "virtual_free": 0.6507644653320312,
                "sample": 4
            },
            {
                "cpu_util": 100.0,
                "disk_read": 1.4701523780822754,
                "disk_write": 29.37479591369629,
                "disk_used": 5.0804290771484375,
                "disk_free": 22.921646118164062,
                "virtual_used": 3.0938034057617188,
                "virtual_free": 0.6531486511230469,
                "sample": 5
            },
            {
                "cpu_util": 100.0,
                "disk_read": 1.4701523780822754,
                "disk_write": 29.377214431762695,
                "disk_used": 5.0804290771484375,
                "disk_free": 22.921646118164062,
                "virtual_used": 3.092304229736328,
                "virtual_free": 0.6546478271484375,
                "sample": 6
            }
        ],
        "response_time": 1.3022687435150146
    },
    "updateManyStruct": {
        "baseline": {
            "cpu_util": 52.4,
            "disk_read": 1.4701523780822754,
            "disk_write": 29.378026962280273,
            "disk_used": 5.0804290771484375,
            "disk_free": 22.921646118164062,
            "virtual_used": 3.0921859741210938,
            "virtual_free": 0.6547660827636719
        },
        "samples": [
            {
                "cpu_util": 100.0,
                "disk_read": 1.4701523780822754,
                "disk_write": 29.378271102905273,
                "disk_used": 5.081077575683594,
                "disk_free": 22.920997619628906,
                "virtual_used": 3.0926284790039062,
                "virtual_free": 0.6543235778808594,
                "sample": 1
            },
            {
                "cpu_util": 100.0,
                "disk_read": 1.4701523780822754,
                "disk_write": 29.379560470581055,
                "disk_used": 5.085872650146484,
                "disk_free": 22.916202545166016,
                "virtual_used": 3.0922012329101562,
                "virtual_free": 0.6547508239746094,
                "sample": 2
            },
            {
                "cpu_util": 100.0,
                "disk_read": 1.4701523780822754,
                "disk_write": 29.382593154907227,
                "disk_used": 5.085872650146484,
                "disk_free": 22.916202545166016,
                "virtual_used": 3.0903968811035156,
                "virtual_free": 0.65655517578125,
                "sample": 3
            },
            {
                "cpu_util": 100.0,
                "disk_read": 1.4701523780822754,
                "disk_write": 29.38554573059082,
                "disk_used": 5.085872650146484,
                "disk_free": 22.916202545166016,
                "virtual_used": 3.097339630126953,
                "virtual_free": 0.6496124267578125,
                "sample": 4
            },
            {
                "cpu_util": 100.0,
                "disk_read": 1.4701523780822754,
                "disk_write": 29.38846778869629,
                "disk_used": 5.085872650146484,
                "disk_free": 22.916202545166016,
                "virtual_used": 3.0983238220214844,
                "virtual_free": 0.6486282348632812,
                "sample": 5
            },
            {
                "cpu_util": 100.0,
                "disk_read": 1.470156192779541,
                "disk_write": 29.391496658325195,
                "disk_used": 5.0856781005859375,
                "disk_free": 22.916397094726562,
                "virtual_used": 3.1024856567382812,
                "virtual_free": 0.6444664001464844,
                "sample": 6
            },
            {
                "cpu_util": 100.0,
                "disk_read": 1.470156192779541,
                "disk_write": 29.39436149597168,
                "disk_used": 5.0856781005859375,
                "disk_free": 22.916397094726562,
                "virtual_used": 3.1026992797851562,
                "virtual_free": 0.6442527770996094,
                "sample": 7
            },
            {
                "cpu_util": 100.0,
                "disk_read": 1.470156192779541,
                "disk_write": 29.39695167541504,
                "disk_used": 5.0856781005859375,
                "disk_free": 22.916397094726562,
                "virtual_used": 3.1036643981933594,
                "virtual_free": 0.6432876586914062,
                "sample": 8
            },
            {
                "cpu_util": 100.0,
                "disk_read": 1.470156192779541,
                "disk_write": 29.398698806762695,
                "disk_used": 5.1833343505859375,
                "disk_free": 22.818740844726562,
                "virtual_used": 3.1019744873046875,
                "virtual_free": 0.6449775695800781,
                "sample": 9
            },
            {
                "cpu_util": 85.0,
                "disk_read": 1.470156192779541,
                "disk_write": 29.401517868041992,
                "disk_used": 5.183338165283203,
                "disk_free": 22.818737030029297,
                "virtual_used": 3.1029586791992188,
                "virtual_free": 0.6439933776855469,
                "sample": 10
            }
        ],
        "response_time": 1.8891775608062744
    }
}