{
    "delete": {
        "baseline": {
            "cpu_util": 0.0,
            "disk_read": 16.939260959625244,
            "disk_write": 5.274251937866211,
            "disk_used": 3.897380828857422,
            "disk_free": 24.104694366455078,
            "virtual_used": 1.0339393615722656,
            "virtual_free": 0.8319282531738281
        },
        "samples": [
            {
                "cpu_util": 0.0,
                "disk_read": 16.939260959625244,
                "disk_write": 5.274255752563477,
                "disk_used": 3.897380828857422,
                "disk_free": 24.104694366455078,
                "virtual_used": 1.033935546875,
                "virtual_free": 0.8319320678710938,
                "sample": 1
            }
        ],
        "response_time": 0.0013391971588134766
    },
    "create": {
        "baseline": {
            "cpu_util": 0.0,
            "disk_read": 16.939260959625244,
            "disk_write": 5.274255752563477,
            "disk_used": 3.897380828857422,
            "disk_free": 24.104694366455078,
            "virtual_used": 1.033935546875,
            "virtual_free": 0.8319320678710938
        },
        "samples": [
            {
                "cpu_util": 0.0,
                "disk_read": 16.939260959625244,
                "disk_write": 5.274431228637695,
                "disk_used": 3.897388458251953,
                "disk_free": 24.104686737060547,
                "virtual_used": 1.033935546875,
                "virtual_free": 0.8319320678710938,
                "sample": 1
            }
        ],
        "response_time": 0.019582033157348633
    },
    "aggregateStruct": {
        "baseline": {
            "cpu_util": 0.0,
            "disk_read": 16.939260959625244,
            "disk_write": 5.274431228637695,
            "disk_used": 3.897388458251953,
            "disk_free": 24.104686737060547,
            "virtual_used": 1.033935546875,
            "virtual_free": 0.8319320678710938
        },
        "samples": [
            {
                "cpu_util": 0.0,
                "disk_read": 16.939260959625244,
                "disk_write": 5.274450302124023,
                "disk_used": 3.897388458251953,
                "disk_free": 24.104686737060547,
                "virtual_used": 1.033935546875,
                "virtual_free": 0.8319320678710938,
                "sample": 1
            }
        ],
        "response_time": 0.0012540817260742188
    }
}