{
    "delete": {
        "baseline": {
            "cpu_util": 0.0,
            "disk_read": 0.4450798034667969,
            "disk_write": 3.3377513885498047,
            "disk_used": 3.847137451171875,
            "disk_free": 24.154937744140625,
            "virtual_used": 0.8927154541015625,
            "virtual_free": 0.9731521606445312
        },
        "samples": [
            {
                "cpu_util": 0.0,
                "disk_read": 0.4450798034667969,
                "disk_write": 3.3377552032470703,
                "disk_used": 3.847137451171875,
                "disk_free": 24.154937744140625,
                "virtual_used": 0.8931961059570312,
                "virtual_free": 0.9726715087890625,
                "sample": 1
            }
        ],
        "response_time": 0.000990152359008789
    },
    "create": {
        "baseline": {
            "cpu_util": 0.0,
            "disk_read": 0.4450798034667969,
            "disk_write": 3.3377552032470703,
            "disk_used": 3.847137451171875,
            "disk_free": 24.154937744140625,
            "virtual_used": 0.8931922912597656,
            "virtual_free": 0.9726753234863281
        },
        "samples": [
            {
                "cpu_util": 28.6,
                "disk_read": 0.4450798034667969,
                "disk_write": 3.3379955291748047,
                "disk_used": 3.847148895263672,
                "disk_free": 24.154926300048828,
                "virtual_used": 0.853790283203125,
                "virtual_free": 1.0120773315429688,
                "sample": 1
            }
        ],
        "response_time": 0.08638668060302734
    },
    "insertOneStruct": {
        "baseline": {
            "cpu_util": 0.0,
            "disk_read": 0.4450798034667969,
            "disk_write": 3.338399887084961,
            "disk_used": 3.847148895263672,
            "disk_free": 24.154926300048828,
            "virtual_used": 0.8538360595703125,
            "virtual_free": 1.0120315551757812
        },
        "samples": [
            {
                "cpu_util": 0.0,
                "disk_read": 0.4450798034667969,
                "disk_write": 3.3384037017822266,
                "disk_used": 3.847148895263672,
                "disk_free": 24.154926300048828,
                "virtual_used": 0.8538360595703125,
                "virtual_free": 1.0120315551757812,
                "sample": 1
            }
        ],
        "response_time": 0.0022695064544677734
    }
}