{
    "delete": {
        "baseline": {
            "cpu_util": 0.0,
            "disk_read": 53.64985704421997,
            "disk_write": 6.963655471801758,
            "disk_used": 5.8900146484375,
            "disk_free": 22.112060546875,
            "virtual_used": 1.0364799499511719,
            "virtual_free": 0.8293838500976562
        },
        "samples": [
            {
                "cpu_util": 0.0,
                "disk_read": 53.64985704421997,
                "disk_write": 6.963659286499023,
                "disk_used": 5.8900146484375,
                "disk_free": 22.112060546875,
                "virtual_used": 1.0364761352539062,
                "virtual_free": 0.8293876647949219,
                "sample": 1
            }
        ],
        "response_time": 0.0008890628814697266
    },
    "create": {
        "baseline": {
            "cpu_util": 0.0,
            "disk_read": 53.64985704421997,
            "disk_write": 6.963659286499023,
            "disk_used": 5.8900146484375,
            "disk_free": 22.112060546875,
            "virtual_used": 1.0364761352539062,
            "virtual_free": 0.8293876647949219
        },
        "samples": [
            {
                "cpu_util": 5.0,
                "disk_read": 53.64985704421997,
                "disk_write": 6.96381950378418,
                "disk_used": 5.890022277832031,
                "disk_free": 22.11205291748047,
                "virtual_used": 1.0364418029785156,
                "virtual_free": 0.8294219970703125,
                "sample": 1
            }
        ],
        "response_time": 0.02576160430908203
    },
    "readOneStruct": {
        "baseline": {
            "cpu_util": 0.0,
            "disk_read": 53.64985704421997,
            "disk_write": 6.963884353637695,
            "disk_used": 5.890022277832031,
            "disk_free": 22.11205291748047,
            "virtual_used": 1.0364418029785156,
            "virtual_free": 0.8294219970703125
        },
        "samples": [
            {
                "cpu_util": 0.0,
                "disk_read": 53.64985704421997,
                "disk_write": 6.963884353637695,
                "disk_used": 5.890022277832031,
                "disk_free": 22.11205291748047,
                "virtual_used": 1.0364418029785156,
                "virtual_free": 0.8294219970703125,
                "sample": 1
            }
        ],
        "response_time": 0.0027625560760498047
    }
}