{
    "delete": {
        "baseline": {
            "cpu_util": 0.0,
            "disk_read": 0.43979501724243164,
            "disk_write": 3.215932846069336,
            "disk_used": 4.042888641357422,
            "disk_free": 23.959186553955078,
            "virtual_used": 1.0736236572265625,
            "virtual_free": 0.7922439575195312
        },
        "samples": [
            {
                "cpu_util": 0.0,
                "disk_read": 0.43979501724243164,
                "disk_write": 3.2159366607666016,
                "disk_used": 4.042888641357422,
                "disk_free": 23.959186553955078,
                "virtual_used": 1.0735549926757812,
                "virtual_free": 0.7923126220703125,
                "sample": 1
            }
        ],
        "response_time": 0.0012254714965820312
    },
    "create": {
        "baseline": {
            "cpu_util": 0.0,
            "disk_read": 0.43979501724243164,
            "disk_write": 3.2159366607666016,
            "disk_used": 4.042888641357422,
            "disk_free": 23.959186553955078,
            "virtual_used": 1.0735549926757812,
            "virtual_free": 0.7923126220703125
        },
        "samples": [
            {
                "cpu_util": 5.3,
                "disk_read": 0.43979501724243164,
                "disk_write": 3.2162036895751953,
                "disk_used": 4.042896270751953,
                "disk_free": 23.959178924560547,
                "virtual_used": 1.0734481811523438,
                "virtual_free": 0.79241943359375,
                "sample": 1
            }
        ],
        "response_time": 0.019398927688598633
    },
    "updateManyUnstruct": {
        "baseline": {
            "cpu_util": 0.0,
            "disk_read": 0.43979501724243164,
            "disk_write": 3.2162036895751953,
            "disk_used": 4.042896270751953,
            "disk_free": 23.959178924560547,
            "virtual_used": 1.0734481811523438,
            "virtual_free": 0.79241943359375
        },
        "samples": [
            {
                "cpu_util": 9.5,
                "disk_read": 0.43979501724243164,
                "disk_write": 3.216329574584961,
                "disk_used": 4.042896270751953,
                "disk_free": 23.959178924560547,
                "virtual_used": 1.073333740234375,
                "virtual_free": 0.7925338745117188,
                "sample": 1
            }
        ],
        "response_time": 0.010498285293579102
    }
}