{
    "delete": {
        "baseline": {
            "cpu_util": 81.8,
            "disk_read": 0.3498873710632324,
            "disk_write": 7.04493522644043,
            "disk_used": 4.248188018798828,
            "disk_free": 23.753887176513672,
            "virtual_used": 2.792591094970703,
            "virtual_free": 0.9543647766113281
        },
        "samples": [
            {
                "cpu_util": 5.3,
                "disk_read": 0.3498873710632324,
                "disk_write": 7.044939041137695,
                "disk_used": 4.248188018798828,
                "disk_free": 23.753887176513672,
                "virtual_used": 2.7924118041992188,
                "virtual_free": 0.9545440673828125,
                "sample": 1
            }
        ],
        "response_time": 0.0009579658508300781
    },
    "create": {
        "baseline": {
            "cpu_util": 0.0,
            "disk_read": 0.3498873710632324,
            "disk_write": 7.044939041137695,
            "disk_used": 4.248188018798828,
            "disk_free": 23.753887176513672,
            "virtual_used": 2.7924118041992188,
            "virtual_free": 0.9545440673828125
        },
        "samples": [
            {
                "cpu_util": 47.8,
                "disk_read": 0.3498873710632324,
                "disk_write": 7.044939041137695,
                "disk_used": 4.248188018798828,
                "disk_free": 23.753887176513672,
                "virtual_used": 2.7924118041992188,
                "virtual_free": 0.9545440673828125,
                "sample": 1
            },
            {
                "cpu_util": 50.0,
                "disk_read": 0.3498873710632324,
                "disk_write": 7.044939041137695,
                "disk_used": 4.248188018798828,
                "disk_free": 23.753887176513672,
                "virtual_used": 2.7924118041992188,
                "virtual_free": 0.9545440673828125,
                "sample": 2
            },
            {
                "cpu_util": 50.0,
                "disk_read": 0.3498873710632324,
                "disk_write": 7.044939041137695,
                "disk_used": 4.248188018798828,
                "disk_free": 23.753887176513672,
                "virtual_used": 2.7924118041992188,
                "virtual_free": 0.9545440673828125,
                "sample": 3
            },
            {
                "cpu_util": 51.0,
                "disk_read": 0.3498873710632324,
                "disk_write": 7.044939041137695,
                "disk_used": 4.248188018798828,
                "disk_free": 23.753887176513672,
                "virtual_used": 2.784961700439453,
                "virtual_free": 0.9619941711425781,
                "sample": 4
            },
            {
                "cpu_util": 52.0,
                "disk_read": 0.3498873710632324,
                "disk_write": 7.044939041137695,
                "disk_used": 4.248188018798828,
                "disk_free": 23.753887176513672,
                "virtual_used": 2.7847213745117188,
                "virtual_free": 0.9622344970703125,
                "sample": 5
            },
            {
                "cpu_util": 50.0,
                "disk_read": 0.3498873710632324,
                "disk_write": 7.045099258422852,
                "disk_used": 4.248195648193359,
                "disk_free": 23.75387954711914,
                "virtual_used": 2.793811798095703,
                "virtual_free": 0.9531440734863281,
                "sample": 6
            },
            {
                "cpu_util": 50.0,
                "disk_read": 0.3498873710632324,
                "disk_write": 7.049692153930664,
                "disk_used": 4.248195648193359,
                "disk_free": 23.75387954711914,
                "virtual_used": 2.791057586669922,
                "virtual_free": 0.9558982849121094,
                "sample": 7
            },
            {
                "cpu_util": 58.6,
                "disk_read": 0.3498873710632324,
                "disk_write": 7.054494857788086,
                "disk_used": 4.248195648193359,
                "disk_free": 23.75387954711914,
                "virtual_used": 2.815460205078125,
                "virtual_free": 0.9314956665039062,
                "sample": 8
            },
            {
                "cpu_util": 54.5,
                "disk_read": 0.3498873710632324,
                "disk_write": 7.058359146118164,
                "disk_used": 4.248195648193359,
                "disk_free": 23.75387954711914,
                "virtual_used": 2.7906875610351562,
                "virtual_free": 0.956268310546875,
                "sample": 9
            },
            {
                "cpu_util": 100.0,
                "disk_read": 0.3498873710632324,
                "disk_write": 7.094770431518555,
                "disk_used": 4.260166168212891,
                "disk_free": 23.74190902709961,
                "virtual_used": 2.798717498779297,
                "virtual_free": 0.9482383728027344,
                "sample": 10
            },
            {
                "cpu_util": 50.0,
                "disk_read": 0.3498873710632324,
                "disk_write": 7.09794807434082,
                "disk_used": 4.261272430419922,
                "disk_free": 23.740802764892578,
                "virtual_used": 2.825824737548828,
                "virtual_free": 0.9211311340332031,
                "sample": 11
            },
            {
                "cpu_util": 50.0,
                "disk_read": 0.3498873710632324,
                "disk_write": 7.100629806518555,
                "disk_used": 4.261272430419922,
                "disk_free": 23.740802764892578,
                "virtual_used": 2.7881507873535156,
                "virtual_free": 0.9588050842285156,
                "sample": 12
            },
            {
                "cpu_util": 54.2,
                "disk_read": 0.3498873710632324,
                "disk_write": 7.106718063354492,
                "disk_used": 4.261272430419922,
                "disk_free": 23.740802764892578,
                "virtual_used": 2.8085784912109375,
                "virtual_free": 0.9383773803710938,
                "sample": 13
            },
            {
                "cpu_util": 52.4,
                "disk_read": 0.3498873710632324,
                "disk_write": 7.109521865844727,
                "disk_used": 4.2612762451171875,
                "disk_free": 23.740798950195312,
                "virtual_used": 2.802227020263672,
                "virtual_free": 0.9447288513183594,
                "sample": 14
            },
            {
                "cpu_util": 100.0,
                "disk_read": 0.3498873710632324,
                "disk_write": 7.112428665161133,
                "disk_used": 4.275703430175781,
                "disk_free": 23.72637176513672,
                "virtual_used": 2.801441192626953,
                "virtual_free": 0.9455146789550781,
                "sample": 15
            },
            {
                "cpu_util": 47.8,
                "disk_read": 0.3498873710632324,
                "disk_write": 7.115411758422852,
                "disk_used": 4.283294677734375,
                "disk_free": 23.718780517578125,
                "virtual_used": 2.8426361083984375,
                "virtual_free": 0.9043197631835938,
                "sample": 16
            },
            {
                "cpu_util": 45.0,
                "disk_read": 0.3498873710632324,
                "disk_write": 7.11924934387207,
                "disk_used": 4.283294677734375,
                "disk_free": 23.718780517578125,
                "virtual_used": 2.7845611572265625,
                "virtual_free": 0.9623947143554688,
                "sample": 17
            },
            {
                "cpu_util": 52.2,
                "disk_read": 0.3498873710632324,
                "disk_write": 7.126100540161133,