{
    "delete": {
        "baseline": {
            "cpu_util": 10.0,
            "disk_read": 0.3498873710632324,
            "disk_write": 6.873212814331055,
            "disk_used": 4.053173065185547,
            "disk_free": 23.948902130126953,
            "virtual_used": 2.745105743408203,
            "virtual_free": 1.0018501281738281
        },
        "samples": [
            {
                "cpu_util": 0.0,
                "disk_read": 0.3498873710632324,
                "disk_write": 6.87321662902832,
                "disk_used": 4.053173065185547,
                "disk_free": 23.948902130126953,
                "virtual_used": 2.7450828552246094,
                "virtual_free": 1.0018730163574219,
                "sample": 1
            }
        ],
        "response_time": 0.0008637905120849609
    },
    "create": {
        "baseline": {
            "cpu_util": 0.0,
            "disk_read": 0.3498873710632324,
            "disk_write": 6.87321662902832,
            "disk_used": 4.053173065185547,
            "disk_free": 23.948902130126953,
            "virtual_used": 2.7450828552246094,
            "virtual_free": 1.0018730163574219
        },
        "samples": [
            {
                "cpu_util": 52.2,
                "disk_read": 0.3498873710632324,
                "disk_write": 6.87321662902832,
                "disk_used": 4.053173065185547,
                "disk_free": 23.948902130126953,
                "virtual_used": 2.74676513671875,
                "virtual_free": 1.0001907348632812,
                "sample": 1
            },
            {
                "cpu_util": 51.9,
                "disk_read": 0.3498873710632324,
                "disk_write": 6.87321662902832,
                "disk_used": 4.053173065185547,
                "disk_free": 23.948902130126953,
                "virtual_used": 2.7599830627441406,
                "virtual_free": 0.9869728088378906,
                "sample": 2
            },
            {
                "cpu_util": 52.0,
                "disk_read": 0.3498873710632324,
                "disk_write": 6.87321662902832,
                "disk_used": 4.053173065185547,
                "disk_free": 23.948902130126953,
                "virtual_used": 2.7635879516601562,
                "virtual_free": 0.983367919921875,
                "sample": 3
            },
            {
                "cpu_util": 52.0,
                "disk_read": 0.3498873710632324,
                "disk_write": 6.87321662902832,
                "disk_used": 4.053173065185547,
                "disk_free": 23.948902130126953,
                "virtual_used": 2.756591796875,
                "virtual_free": 0.9903640747070312,
                "sample": 4
            },
            {
                "cpu_util": 54.2,
                "disk_read": 0.3498873710632324,
                "disk_write": 6.87321662902832,
                "disk_used": 4.053173065185547,
                "disk_free": 23.948902130126953,
                "virtual_used": 2.8110122680664062,
                "virtual_free": 0.935943603515625,
                "sample": 5
            },
            {
                "cpu_util": 50.0,
                "disk_read": 0.3498873710632324,
                "disk_write": 6.876691818237305,
                "disk_used": 4.053184509277344,
                "disk_free": 23.948890686035156,
                "virtual_used": 2.791423797607422,
                "virtual_free": 0.9555320739746094,
                "sample": 6
            },
            {
                "cpu_util": 47.8,
                "disk_read": 0.3498873710632324,
                "disk_write": 6.882791519165039,
                "disk_used": 4.053184509277344,
                "disk_free": 23.948890686035156,
                "virtual_used": 2.8186264038085938,
                "virtual_free": 0.9283294677734375,
                "sample": 7
            },
            {
                "cpu_util": 50.0,
                "disk_read": 0.3498873710632324,
                "disk_write": 6.885141372680664,
                "disk_used": 4.053184509277344,
                "disk_free": 23.948890686035156,
                "virtual_used": 2.7902183532714844,
                "virtual_free": 0.9567375183105469,
                "sample": 8
            },
            {
                "cpu_util": 50.0,
                "disk_read": 0.3498873710632324,
                "disk_write": 6.891286849975586,
                "disk_used": 4.053245544433594,
                "disk_free": 23.948829650878906,
                "virtual_used": 2.786060333251953,
                "virtual_free": 0.9608955383300781,
                "sample": 9
            },
            {
                "cpu_util": 100.0,
                "disk_read": 0.3498873710632324,
                "disk_write": 6.892202377319336,
                "disk_used": 4.064579010009766,
                "disk_free": 23.937496185302734,
                "virtual_used": 2.795581817626953,
                "virtual_free": 0.9513740539550781,
                "sample": 10
            },
            {
                "cpu_util": 100.0,
                "disk_read": 0.3498873710632324,
                "disk_write": 6.894220352172852,
                "disk_used": 4.077667236328125,
                "disk_free": 23.924407958984375,
                "virtual_used": 2.7920074462890625,
                "virtual_free": 0.9549484252929688,
                "sample": 11
            },
            {
                "cpu_util": 60.0,
                "disk_read": 0.3498873710632324,
                "disk_write": 6.95301628112793,
                "disk_used": 4.07794189453125,
                "disk_free": 23.92413330078125,
                "virtual_used": 2.7938690185546875,
                "virtual_free": 0.9530868530273438,
                "sample": 12
            },
            {
                "cpu_util": 54.5,
                "disk_read": 0.3498873710632324,
                "disk_write": 6.979093551635742,
                "disk_used": 4.07794189453125,
                "disk_free": 23.92413330078125,
                "virtual_used": 2.7790489196777344,
                "virtual_free": 0.9679069519042969,
                "sample": 13
            },
            {
                "cpu_util": 55.0,
                "disk_read": 0.3498873710632324,
                "disk_write": 6.984472274780273,
                "disk_used": 4.07794189453125,
                "disk_free": 23.92413330078125,
                "virtual_used": 2.788135528564453,
                "virtual_free": 0.9588203430175781,
                "sample": 14
            },
            {
                "cpu_util": 52.0,
                "disk_read": 0.3498873710632324,
                "disk_write": 6.98845100402832,
                "disk_used": 4.07794189453125,
                "disk_free": 23.92413330078125,
                "virtual_used": 2.8119850158691406,
                "virtual_free": 0.9349708557128906,
                "sample": 15
            },
            {
                "cpu_util": 100.0,
                "disk_read": 0.3498873710632324,
                "disk_write": 6.990392684936523,
                "disk_used": 4.084682464599609,
                "disk_free": 23.91739273071289,
                "virtual_used": 2.780902862548828,
                "virtual_free": 0.9660530090332031,
                "sample": 16
            },
            {
                "cpu_util": 76.2,
                "disk_read": 0.3498873710632324,
                "disk_write": 6.99262809753418,
                "disk_used": 4.094879150390625,
                "disk_free": 23.907196044921875,
                "virtual_used": 2.7903213500976562,
                "virtual_free": 0.956634521484375,
                "sample": 17
            },
            {
                "cpu_util": 50.0,
                "disk_read": 0.3498873710632324,
                "disk_write": 6.997865676879883,