{
    "delete": {
        "baseline": {
            "cpu_util": 55.0,
            "disk_read": 0.32335805892944336,
            "disk_write": 1.1587276458740234,
            "disk_used": 4.0907135009765625,
            "disk_free": 23.911361694335938,
            "virtual_used": 1.401031494140625,
            "virtual_free": 2.345928192138672
        },
        "samples": [
            {
                "cpu_util": 73.7,
                "disk_read": 0.32335805892944336,
                "disk_write": 1.158731460571289,
                "disk_used": 4.097267150878906,
                "disk_free": 23.904808044433594,
                "virtual_used": 1.4288139343261719,
                "virtual_free": 2.318145751953125,
                "sample": 1
            }
        ],
        "response_time": 0.002761363983154297
    },
    "create": {
        "baseline": {
            "cpu_util": 0.0,
            "disk_read": 0.32335805892944336,
            "disk_write": 1.158731460571289,
            "disk_used": 4.097267150878906,
            "disk_free": 23.904808044433594,
            "virtual_used": 1.4288101196289062,
            "virtual_free": 2.3181495666503906
        },
        "samples": [
            {
                "cpu_util": 48.0,
                "disk_read": 0.32335805892944336,
                "disk_write": 1.158731460571289,
                "disk_used": 4.097267150878906,
                "disk_free": 23.904808044433594,
                "virtual_used": 1.4288101196289062,
                "virtual_free": 2.3181495666503906,
                "sample": 1
            },
            {
                "cpu_util": 52.2,
                "disk_read": 0.32335805892944336,
                "disk_write": 1.1608943939208984,
                "disk_used": 4.0972747802734375,
                "disk_free": 23.904800415039062,
                "virtual_used": 1.4205322265625,
                "virtual_free": 2.326427459716797,
                "sample": 2
            },
            {
                "cpu_util": 52.6,
                "disk_read": 0.32335805892944336,
                "disk_write": 1.165536880493164,
                "disk_used": 4.0972747802734375,
                "disk_free": 23.904800415039062,
                "virtual_used": 1.4267578125,
                "virtual_free": 2.320201873779297,
                "sample": 3
            },
            {
                "cpu_util": 100.0,
                "disk_read": 0.32335805892944336,
                "disk_write": 1.170064926147461,
                "disk_used": 4.10150146484375,
                "disk_free": 23.90057373046875,
                "virtual_used": 1.4484825134277344,
                "virtual_free": 2.2984771728515625,
                "sample": 4
            }
        ],
        "response_time": 0.9083201885223389
    },
    "readOneUnstruct": {
        "baseline": {
            "cpu_util": 5.0,
            "disk_read": 0.32335805892944336,
            "disk_write": 1.170328140258789,
            "disk_used": 4.1075592041015625,
            "disk_free": 23.894515991210938,
            "virtual_used": 1.4666213989257812,
            "virtual_free": 2.2803382873535156
        },
        "samples": [
            {
                "cpu_util": 40.0,
                "disk_read": 0.32335805892944336,
                "disk_write": 1.170339584350586,
                "disk_used": 4.1075592041015625,
                "disk_free": 23.894515991210938,
                "virtual_used": 1.4502677917480469,
                "virtual_free": 2.29669189453125,
                "sample": 1
            }
        ],
        "response_time": 0.07022309303283691
    }
}