{
    "delete": {
        "baseline": {
            "cpu_util": 0.0,
            "disk_read": 0.3482065200805664,
            "disk_write": 3.970876693725586,
            "disk_used": 3.7818946838378906,
            "disk_free": 24.22018051147461,
            "virtual_used": 1.1012840270996094,
            "virtual_free": 2.6456756591796875
        },
        "samples": [
            {
                "cpu_util": 0.0,
                "disk_read": 0.3482065200805664,
                "disk_write": 3.9709110260009766,
                "disk_used": 3.7818946838378906,
                "disk_free": 24.22018051147461,
                "virtual_used": 1.1012763977050781,
                "virtual_free": 2.6456832885742188,
                "sample": 1
            }
        ],
        "response_time": 0.0009827613830566406
    },
    "create": {
        "baseline": {
            "cpu_util": 0.0,
            "disk_read": 0.3482065200805664,
            "disk_write": 3.9709110260009766,
            "disk_used": 3.7818946838378906,
            "disk_free": 24.22018051147461,
            "virtual_used": 1.1012763977050781,
            "virtual_free": 2.6456832885742188
        },
        "samples": [
            {
                "cpu_util": 5.0,
                "disk_read": 0.3482065200805664,
                "disk_write": 3.971059799194336,
                "disk_used": 3.781902313232422,
                "disk_free": 24.220172882080078,
                "virtual_used": 1.10125732421875,
                "virtual_free": 2.645702362060547,
                "sample": 1
            }
        ],
        "response_time": 0.021720409393310547
    },
    "insertOneStruct": {
        "baseline": {
            "cpu_util": 0.0,
            "disk_read": 0.3482065200805664,
            "disk_write": 3.971059799194336,
            "disk_used": 3.781902313232422,
            "disk_free": 24.220172882080078,
            "virtual_used": 1.10125732421875,
            "virtual_free": 2.645702362060547
        },
        "samples": [
            {
                "cpu_util": 0.0,
                "disk_read": 0.3482065200805664,
                "disk_write": 3.9710636138916016,
                "disk_used": 3.781902313232422,
                "disk_free": 24.220172882080078,
                "virtual_used": 1.10125732421875,
                "virtual_free": 2.645702362060547,
                "sample": 1
            }
        ],
        "response_time": 0.0008220672607421875
    }
}