{
    "delete": {
        "baseline": {
            "cpu_util": 0.0,
            "disk_read": 0.3482065200805664,
            "disk_write": 3.970487594604492,
            "disk_used": 3.7818679809570312,
            "disk_free": 24.22020721435547,
            "virtual_used": 1.1013374328613281,
            "virtual_free": 2.6456222534179688
        },
        "samples": [
            {
                "cpu_util": 0.0,
                "disk_read": 0.3482065200805664,
                "disk_write": 3.9705448150634766,
                "disk_used": 3.7818679809570312,
                "disk_free": 24.22020721435547,
                "virtual_used": 1.1013298034667969,
                "virtual_free": 2.6456298828125,
                "sample": 1
            }
        ],
        "response_time": 0.0009145736694335938
    },
    "create": {
        "baseline": {
            "cpu_util": 0.0,
            "disk_read": 0.3482065200805664,
            "disk_write": 3.9705448150634766,
            "disk_used": 3.7818679809570312,
            "disk_free": 24.22020721435547,
            "virtual_used": 1.1013298034667969,
            "virtual_free": 2.6456298828125
        },
        "samples": [
            {
                "cpu_util": 0.0,
                "disk_read": 0.3482065200805664,
                "disk_write": 3.970693588256836,
                "disk_used": 3.781879425048828,
                "disk_free": 24.220195770263672,
                "virtual_used": 1.1013031005859375,
                "virtual_free": 2.6456565856933594,
                "sample": 1
            }
        ],
        "response_time": 0.019794225692749023
    },
    "insertOneStruct": {
        "baseline": {
            "cpu_util": 5.0,
            "disk_read": 0.3482065200805664,
            "disk_write": 3.970693588256836,
            "disk_used": 3.781879425048828,
            "disk_free": 24.220195770263672,
            "virtual_used": 1.1013031005859375,
            "virtual_free": 2.6456565856933594
        },
        "samples": [
            {
                "cpu_util": 0.0,
                "disk_read": 0.3482065200805664,
                "disk_write": 3.9706974029541016,
                "disk_used": 3.781879425048828,
                "disk_free": 24.220195770263672,
                "virtual_used": 1.1013031005859375,
                "virtual_free": 2.6456565856933594,
                "sample": 1
            }
        ],
        "response_time": 0.0008032321929931641
    }
}