{
    "delete": {
        "baseline": {
            "cpu_util": 0.0,
            "disk_read": 0.3482065200805664,
            "disk_write": 3.933622360229492,
            "disk_used": 3.7650413513183594,
            "disk_free": 24.23703384399414,
            "virtual_used": 1.141510009765625,
            "virtual_free": 2.605449676513672
        },
        "samples": [
            {
                "cpu_util": 0.0,
                "disk_read": 0.3482065200805664,
                "disk_write": 3.933626174926758,
                "disk_used": 3.7650413513183594,
                "disk_free": 24.23703384399414,
                "virtual_used": 1.1415061950683594,
                "virtual_free": 2.6054534912109375,
                "sample": 1
            }
        ],
        "response_time": 0.0011103153228759766
    },
    "create": {
        "baseline": {
            "cpu_util": 0.0,
            "disk_read": 0.3482065200805664,
            "disk_write": 3.933626174926758,
            "disk_used": 3.7650413513183594,
            "disk_free": 24.23703384399414,
            "virtual_used": 1.1415023803710938,
            "virtual_free": 2.605457305908203
        },
        "samples": [
            {
                "cpu_util": 9.5,
                "disk_read": 0.3482065200805664,
                "disk_write": 3.933774948120117,
                "disk_used": 3.7650527954101562,
                "disk_free": 24.237022399902344,
                "virtual_used": 1.1414909362792969,
                "virtual_free": 2.60546875,
                "sample": 1
            }
        ],
        "response_time": 0.025959014892578125
    },
    "replaceOneStruct": {
        "baseline": {
            "cpu_util": 0.0,
            "disk_read": 0.3482065200805664,
            "disk_write": 3.933847427368164,
            "disk_used": 3.7650527954101562,
            "disk_free": 24.237022399902344,
            "virtual_used": 1.1414871215820312,
            "virtual_free": 2.6054725646972656
        },
        "samples": [
            {
                "cpu_util": 4.8,
                "disk_read": 0.3482065200805664,
                "disk_write": 3.9338512420654297,
                "disk_used": 3.7650527954101562,
                "disk_free": 24.237022399902344,
                "virtual_used": 1.1414871215820312,
                "virtual_free": 2.6054725646972656,
                "sample": 1
            }
        ],
        "response_time": 0.003582477569580078
    }
}