{
    "delete": {
        "baseline": {
            "cpu_util": 0.0,
            "disk_read": 1.1869711875915527,
            "disk_write": 21.290246963500977,
            "disk_used": 5.338558197021484,
            "disk_free": 22.663516998291016,
            "virtual_used": 2.6767921447753906,
            "virtual_free": 1.070159912109375
        },
        "samples": [
            {
                "cpu_util": 9.1,
                "disk_read": 1.1869711875915527,
                "disk_write": 21.290250778198242,
                "disk_used": 5.33856201171875,
                "disk_free": 22.66351318359375,
                "virtual_used": 2.676788330078125,
                "virtual_free": 1.0701637268066406,
                "sample": 1
            }
        ],
        "response_time": 0.0008714199066162109
    },
    "create": {
        "baseline": {
            "cpu_util": 15.0,
            "disk_read": 1.1869711875915527,
            "disk_write": 21.290250778198242,
            "disk_used": 5.3438873291015625,
            "disk_free": 22.658187866210938,
            "virtual_used": 2.6714553833007812,
            "virtual_free": 1.0754966735839844
        },
        "samples": [
            {
                "cpu_util": 47.8,
                "disk_read": 1.1869711875915527,
                "disk_write": 21.290250778198242,
                "disk_used": 5.3438873291015625,
                "disk_free": 22.658187866210938,
                "virtual_used": 2.6716079711914062,
                "virtual_free": 1.0753440856933594,
                "sample": 1
            },
            {
                "cpu_util": 50.0,
                "disk_read": 1.1869711875915527,
                "disk_write": 21.290327072143555,
                "disk_used": 5.343891143798828,
                "disk_free": 22.658184051513672,
                "virtual_used": 2.6716041564941406,
                "virtual_free": 1.075347900390625,
                "sample": 2
            },
            {
                "cpu_util": 50.0,
                "disk_read": 1.1869711875915527,
                "disk_write": 21.290327072143555,
                "disk_used": 5.343891143798828,
                "disk_free": 22.658184051513672,
                "virtual_used": 2.6790542602539062,
                "virtual_free": 1.0678977966308594,
                "sample": 3
            },
            {
                "cpu_util": 50.8,
                "disk_read": 1.1869711875915527,
                "disk_write": 21.290327072143555,
                "disk_used": 5.343891143798828,
                "disk_free": 22.658184051513672,
                "virtual_used": 2.6790542602539062,
                "virtual_free": 1.0678977966308594,
                "sample": 4
            },
            {
                "cpu_util": 53.8,
                "disk_read": 1.1869711875915527,
                "disk_write": 21.290327072143555,
                "disk_used": 5.343891143798828,
                "disk_free": 22.658184051513672,
                "virtual_used": 2.7482681274414062,
                "virtual_free": 0.9986839294433594,
                "sample": 5
            },
            {
                "cpu_util": 50.0,
                "disk_read": 1.1869711875915527,
                "disk_write": 21.29313850402832,
                "disk_used": 5.343898773193359,
                "disk_free": 22.65817642211914,
                "virtual_used": 2.7401046752929688,
                "virtual_free": 1.0068473815917969,
                "sample": 6
            },
            {
                "cpu_util": 52.4,
                "disk_read": 1.1869711875915527,
                "disk_write": 21.299890518188477,
                "disk_used": 5.343898773193359,
                "disk_free": 22.65817642211914,
                "virtual_used": 2.757335662841797,
                "virtual_free": 0.9896163940429688,
                "sample": 7
            },
            {
                "cpu_util": 47.6,
                "disk_read": 1.1869711875915527,
                "disk_write": 21.302202224731445,
                "disk_used": 5.343898773193359,
                "disk_free": 22.65817642211914,
                "virtual_used": 2.7302818298339844,
                "virtual_free": 1.0166702270507812,
                "sample": 8
            },
            {
                "cpu_util": 52.2,
                "disk_read": 1.1869711875915527,
                "disk_write": 21.309293746948242,
                "disk_used": 5.343898773193359,
                "disk_free": 22.65817642211914,
                "virtual_used": 2.7563705444335938,
                "virtual_free": 0.9905815124511719,
                "sample": 9
            },
            {
                "cpu_util": 100.0,
                "disk_read": 1.1869711875915527,
                "disk_write": 21.312124252319336,
                "disk_used": 5.352413177490234,
                "disk_free": 22.649662017822266,
                "virtual_used": 2.718761444091797,
                "virtual_free": 1.0281906127929688,
                "sample": 10
            },
            {
                "cpu_util": 100.0,
                "disk_read": 1.1869711875915527,
                "disk_write": 21.3143253326416,
                "disk_used": 5.368011474609375,
                "disk_free": 22.634063720703125,
                "virtual_used": 2.7156028747558594,
                "virtual_free": 1.0313491821289062,
                "sample": 11
            },
            {
                "cpu_util": 54.5,
                "disk_read": 1.1869711875915527,
                "disk_write": 21.317949295043945,
                "disk_used": 5.373905181884766,
                "disk_free": 22.628170013427734,
                "virtual_used": 2.7372169494628906,
                "virtual_free": 1.009735107421875,
                "sample": 12
            },
            {
                "cpu_util": 55.0,
                "disk_read": 1.1869711875915527,
                "disk_write": 21.398366928100586,
                "disk_used": 5.373905181884766,
                "disk_free": 22.628170013427734,
                "virtual_used": 2.701885223388672,
                "virtual_free": 1.0450668334960938,
                "sample": 13
            },
            {
                "cpu_util": 50.0,
                "disk_read": 1.1869711875915527,
                "disk_write": 21.40476417541504,
                "disk_used": 5.373908996582031,
                "disk_free": 22.62816619873047,
                "virtual_used": 2.7338409423828125,
                "virtual_free": 1.0131111145019531,
                "sample": 14
            },
            {
                "cpu_util": 55.0,
                "disk_read": 1.1869711875915527,
                "disk_write": 21.409486770629883,
                "disk_used": 5.373908996582031,
                "disk_free": 22.62816619873047,
                "virtual_used": 2.6976699829101562,
                "virtual_free": 1.0492820739746094,
                "sample": 15
            },
            {
                "cpu_util": 100.0,
                "disk_read": 1.1869711875915527,
                "disk_write": 21.413469314575195,
                "disk_used": 5.386203765869141,
                "disk_free": 22.61587142944336,
                "virtual_used": 2.7050514221191406,
                "virtual_free": 1.041900634765625,
                "sample": 16
            },
            {
                "cpu_util": 70.8,
                "disk_read": 1.1869711875915527,
                "disk_write": 21.414140701293945,
                "disk_used": 5.3979949951171875,
                "disk_free": 22.604080200195312,
                "virtual_used": 2.7316665649414062,
                "virtual_free": 1.0152854919433594,
                "sample": 17
            },
            {
                "cpu_util": 55.0,
                "disk_read": 1.1869711875915527,
                "disk_write": 21.417753219604492,