{
    "delete": {
        "baseline": {
            "cpu_util": 0.0,
            "disk_read": 1.1869711875915527,
            "disk_write": 21.158048629760742,
            "disk_used": 5.139781951904297,
            "disk_free": 22.862293243408203,
            "virtual_used": 2.676868438720703,
            "virtual_free": 1.0700836181640625
        },
        "samples": [
            {
                "cpu_util": 50.0,
                "disk_read": 1.1869711875915527,
                "disk_write": 21.158052444458008,
                "disk_used": 5.146335601806641,
                "disk_free": 22.85573959350586,
                "virtual_used": 2.6714324951171875,
                "virtual_free": 1.0755195617675781,
                "sample": 1
            }
        ],
        "response_time": 0.0007960796356201172
    },
    "create": {
        "baseline": {
            "cpu_util": 0.0,
            "disk_read": 1.1869711875915527,
            "disk_write": 21.158052444458008,
            "disk_used": 5.146335601806641,
            "disk_free": 22.85573959350586,
            "virtual_used": 2.6714324951171875,
            "virtual_free": 1.0755195617675781
        },
        "samples": [
            {
                "cpu_util": 51.6,
                "disk_read": 1.1869711875915527,
                "disk_write": 21.158124923706055,
                "disk_used": 5.146339416503906,
                "disk_free": 22.855735778808594,
                "virtual_used": 2.6723899841308594,
                "virtual_free": 1.0745620727539062,
                "sample": 1
            },
            {
                "cpu_util": 51.9,
                "disk_read": 1.1869711875915527,
                "disk_write": 21.158124923706055,
                "disk_used": 5.146339416503906,
                "disk_free": 22.855735778808594,
                "virtual_used": 2.6865158081054688,
                "virtual_free": 1.0604362487792969,
                "sample": 2
            },
            {
                "cpu_util": 52.0,
                "disk_read": 1.1869711875915527,
                "disk_write": 21.158124923706055,
                "disk_used": 5.146339416503906,
                "disk_free": 22.855735778808594,
                "virtual_used": 2.6903152465820312,
                "virtual_free": 1.0566368103027344,
                "sample": 3
            },
            {
                "cpu_util": 50.8,
                "disk_read": 1.1869711875915527,
                "disk_write": 21.158124923706055,
                "disk_used": 5.146339416503906,
                "disk_free": 22.855735778808594,
                "virtual_used": 2.6888160705566406,
                "virtual_free": 1.058135986328125,
                "sample": 4
            },
            {
                "cpu_util": 51.9,
                "disk_read": 1.1869711875915527,
                "disk_write": 21.158124923706055,
                "disk_used": 5.146339416503906,
                "disk_free": 22.855735778808594,
                "virtual_used": 2.7347183227539062,
                "virtual_free": 1.0122337341308594,
                "sample": 5
            },
            {
                "cpu_util": 50.0,
                "disk_read": 1.1869711875915527,
                "disk_write": 21.161699295043945,
                "disk_used": 5.1463470458984375,
                "disk_free": 22.855728149414062,
                "virtual_used": 2.733928680419922,
                "virtual_free": 1.0130233764648438,
                "sample": 6
            },
            {
                "cpu_util": 50.0,
                "disk_read": 1.1869711875915527,
                "disk_write": 21.167707443237305,
                "disk_used": 5.1463470458984375,
                "disk_free": 22.855728149414062,
                "virtual_used": 2.7524681091308594,
                "virtual_free": 0.9944839477539062,
                "sample": 7
            },
            {
                "cpu_util": 50.0,
                "disk_read": 1.1869711875915527,
                "disk_write": 21.172971725463867,
                "disk_used": 5.1463470458984375,
                "disk_free": 22.855728149414062,
                "virtual_used": 2.7290382385253906,
                "virtual_free": 1.017913818359375,
                "sample": 8
            },
            {
                "cpu_util": 52.0,
                "disk_read": 1.1869711875915527,
                "disk_write": 21.177114486694336,
                "disk_used": 5.146659851074219,
                "disk_free": 22.85541534423828,
                "virtual_used": 2.754131317138672,
                "virtual_free": 0.9928207397460938,
                "sample": 9
            },
            {
                "cpu_util": 100.0,
                "disk_read": 1.1869711875915527,
                "disk_write": 21.177568435668945,
                "disk_used": 5.160503387451172,
                "disk_free": 22.841571807861328,
                "virtual_used": 2.7348365783691406,
                "virtual_free": 1.012115478515625,
                "sample": 10
            },
            {
                "cpu_util": 57.9,
                "disk_read": 1.1869711875915527,
                "disk_write": 21.18134880065918,
                "disk_used": 5.16937255859375,
                "disk_free": 22.83270263671875,
                "virtual_used": 2.7444229125976562,
                "virtual_free": 1.0025291442871094,
                "sample": 11
            },
            {
                "cpu_util": 50.0,
                "disk_read": 1.1869711875915527,
                "disk_write": 21.186555862426758,
                "disk_used": 5.16937255859375,
                "disk_free": 22.83270263671875,
                "virtual_used": 2.7708511352539062,
                "virtual_free": 0.9761009216308594,
                "sample": 12
            },
            {
                "cpu_util": 50.0,
                "disk_read": 1.1869711875915527,
                "disk_write": 21.188989639282227,
                "disk_used": 5.16937255859375,
                "disk_free": 22.83270263671875,
                "virtual_used": 2.7416648864746094,
                "virtual_free": 1.0052871704101562,
                "sample": 13
            },
            {
                "cpu_util": 50.0,
                "disk_read": 1.1869711875915527,
                "disk_write": 21.195898056030273,
                "disk_used": 5.16937255859375,
                "disk_free": 22.83270263671875,
                "virtual_used": 2.7691802978515625,
                "virtual_free": 0.9777717590332031,
                "sample": 14
            },
            {
                "cpu_util": 100.0,
                "disk_read": 1.1869711875915527,
                "disk_write": 21.199560165405273,
                "disk_used": 5.175113677978516,
                "disk_free": 22.826961517333984,
                "virtual_used": 2.729778289794922,
                "virtual_free": 1.0171737670898438,
                "sample": 15
            },
            {
                "cpu_util": 100.0,
                "disk_read": 1.1869711875915527,
                "disk_write": 21.20216178894043,
                "disk_used": 5.191436767578125,
                "disk_free": 22.810638427734375,
                "virtual_used": 2.7412757873535156,
                "virtual_free": 1.00567626953125,
                "sample": 16
            },
            {
                "cpu_util": 54.5,
                "disk_read": 1.1869711875915527,
                "disk_write": 21.20530891418457,
                "disk_used": 5.195125579833984,
                "disk_free": 22.806949615478516,
                "virtual_used": 2.7813720703125,
                "virtual_free": 0.9655799865722656,
                "sample": 17
            },
            {
                "cpu_util": 50.0,
                "disk_read": 1.1869711875915527,
                "disk_write": 21.207971572875977,