{
    "delete": {
        "baseline": {
            "cpu_util": 0.0,
            "disk_read": 0.8625273704528809,
            "disk_write": 15.953897476196289,
            "disk_used": 5.012718200683594,
            "disk_free": 22.989356994628906,
            "virtual_used": 1.7107505798339844,
            "virtual_free": 2.0362014770507812
        },
        "samples": [
            {
                "cpu_util": 0.0,
                "disk_read": 0.8625273704528809,
                "disk_write": 15.953901290893555,
                "disk_used": 5.012718200683594,
                "disk_free": 22.989356994628906,
                "virtual_used": 1.7107505798339844,
                "virtual_free": 2.0362014770507812,
                "sample": 1
            }
        ],
        "response_time": 0.0008878707885742188
    },
    "create": {
        "baseline": {
            "cpu_util": 0.0,
            "disk_read": 0.8625273704528809,
            "disk_write": 15.953901290893555,
            "disk_used": 5.012718200683594,
            "disk_free": 22.989356994628906,
            "virtual_used": 1.7107124328613281,
            "virtual_free": 2.0362396240234375
        },
        "samples": [
            {
                "cpu_util": 35.0,
                "disk_read": 0.8625273704528809,
                "disk_write": 15.954179763793945,
                "disk_used": 5.012725830078125,
                "disk_free": 22.989349365234375,
                "virtual_used": 1.7111320495605469,
                "virtual_free": 2.0358200073242188,
                "sample": 1
            }
        ],
        "response_time": 0.08293604850769043
    },
    "updateOneUnstruct": {
        "baseline": {
            "cpu_util": 0.0,
            "disk_read": 0.8625273704528809,
            "disk_write": 15.955038070678711,
            "disk_used": 5.012725830078125,
            "disk_free": 22.989349365234375,
            "virtual_used": 1.7110366821289062,
            "virtual_free": 2.0359153747558594
        },
        "samples": [
            {
                "cpu_util": 4.8,
                "disk_read": 0.8625273704528809,
                "disk_write": 15.955041885375977,
                "disk_used": 5.012725830078125,
                "disk_free": 22.989349365234375,
                "virtual_used": 1.7111701965332031,
                "virtual_free": 2.0357818603515625,
                "sample": 1
            }
        ],
        "response_time": 0.008723974227905273
    }
}