{
    "delete": {
        "baseline": {
            "cpu_util": 5.0,
            "disk_read": 16.939260959625244,
            "disk_write": 5.246137619018555,
            "disk_used": 3.881092071533203,
            "disk_free": 24.120983123779297,
            "virtual_used": 1.0402450561523438,
            "virtual_free": 0.82562255859375
        },
        "samples": [
            {
                "cpu_util": 0.0,
                "disk_read": 16.939260959625244,
                "disk_write": 5.24614143371582,
                "disk_used": 3.881092071533203,
                "disk_free": 24.120983123779297,
                "virtual_used": 1.0402450561523438,
                "virtual_free": 0.82562255859375,
                "sample": 1
            }
        ],
        "response_time": 0.001253366470336914
    },
    "create": {
        "baseline": {
            "cpu_util": 0.0,
            "disk_read": 16.939260959625244,
            "disk_write": 5.24614143371582,
            "disk_used": 3.881092071533203,
            "disk_free": 24.120983123779297,
            "virtual_used": 1.0407257080078125,
            "virtual_free": 0.8251419067382812
        },
        "samples": [
            {
                "cpu_util": 0.0,
                "disk_read": 16.939260959625244,
                "disk_write": 5.246316909790039,
                "disk_used": 3.8810997009277344,
                "disk_free": 24.120975494384766,
                "virtual_used": 1.0406646728515625,
                "virtual_free": 0.8252029418945312,
                "sample": 1
            }
        ],
        "response_time": 0.018849849700927734
    },
    "insertManyThenDeleteManyStruct": {
        "baseline": {
            "cpu_util": 0.0,
            "disk_read": 16.939260959625244,
            "disk_write": 5.246316909790039,
            "disk_used": 3.8810997009277344,
            "disk_free": 24.120975494384766,
            "virtual_used": 1.0406646728515625,
            "virtual_free": 0.8252029418945312
        },
        "samples": [
            {
                "cpu_util": 51.1,
                "disk_read": 16.939260959625244,
                "disk_write": 5.246316909790039,
                "disk_used": 3.8810997009277344,
                "disk_free": 24.120975494384766,
                "virtual_used": 1.0406646728515625,
                "virtual_free": 0.8252029418945312,
                "sample": 1
            },
            {
                "cpu_util": 52.0,
                "disk_read": 16.939260959625244,
                "disk_write": 5.246316909790039,
                "disk_used": 3.8810997009277344,
                "disk_free": 24.120975494384766,
                "virtual_used": 1.0570869445800781,
                "virtual_free": 0.8087806701660156,
                "sample": 2
            },
            {
                "cpu_util": 50.0,
                "disk_read": 16.939260959625244,
                "disk_write": 5.247896194458008,
                "disk_used": 3.8810997009277344,
                "disk_free": 24.120975494384766,
                "virtual_used": 1.0332069396972656,
                "virtual_free": 0.8326606750488281,
                "sample": 3
            },
            {
                "cpu_util": 50.0,
                "disk_read": 16.939260959625244,
                "disk_write": 5.249719619750977,
                "disk_used": 3.881542205810547,
                "disk_free": 24.120532989501953,
                "virtual_used": 1.0345687866210938,
                "virtual_free": 0.831298828125,
                "sample": 4
            },
            {
                "cpu_util": 90.0,
                "disk_read": 16.939260959625244,
                "disk_write": 5.251150131225586,
                "disk_used": 3.8861656188964844,
                "disk_free": 24.115909576416016,
                "virtual_used": 1.0361366271972656,
                "virtual_free": 0.8297309875488281,
                "sample": 5
            },
            {
                "cpu_util": 52.6,
                "disk_read": 16.939260959625244,
                "disk_write": 5.251806259155273,
                "disk_used": 3.8861656188964844,
                "disk_free": 24.115909576416016,
                "virtual_used": 1.0470314025878906,
                "virtual_free": 0.8188362121582031,
                "sample": 6
            },
            {
                "cpu_util": 38.1,
                "disk_read": 16.939260959625244,
                "disk_write": 5.252668380737305,
                "disk_used": 3.8861656188964844,
                "disk_free": 24.115909576416016,
                "virtual_used": 1.0461502075195312,
                "virtual_free": 0.8197174072265625,
                "sample": 7
            }
        ],
        "response_time": 1.6096422672271729
    }
}