{
    "delete": {
        "baseline": {
            "cpu_util": 0.0,
            "disk_read": 0.3482065200805664,
            "disk_write": 4.081598281860352,
            "disk_used": 3.779651641845703,
            "disk_free": 24.222423553466797,
            "virtual_used": 1.1037483215332031,
            "virtual_free": 2.6432113647460938
        },
        "samples": [
            {
                "cpu_util": 4.5,
                "disk_read": 0.3482065200805664,
                "disk_write": 4.081602096557617,
                "disk_used": 3.779651641845703,
                "disk_free": 24.222423553466797,
                "virtual_used": 1.1037483215332031,
                "virtual_free": 2.6432113647460938,
                "sample": 1
            }
        ],
        "response_time": 0.0012912750244140625
    },
    "create": {
        "baseline": {
            "cpu_util": 0.0,
            "disk_read": 0.3482065200805664,
            "disk_write": 4.081602096557617,
            "disk_used": 3.779651641845703,
            "disk_free": 24.222423553466797,
            "virtual_used": 1.1037483215332031,
            "virtual_free": 2.6432113647460938
        },
        "samples": [
            {
                "cpu_util": 5.0,
                "disk_read": 0.3482065200805664,
                "disk_write": 4.081781387329102,
                "disk_used": 3.7796630859375,
                "disk_free": 24.222412109375,
                "virtual_used": 1.103729248046875,
                "virtual_free": 2.643230438232422,
                "sample": 1
            }
        ],
        "response_time": 0.02379631996154785
    },
    "insertOneThenUpdateBirthdayStruct": {
        "baseline": {
            "cpu_util": 0.0,
            "disk_read": 0.3482065200805664,
            "disk_write": 4.081781387329102,
            "disk_used": 3.7796630859375,
            "disk_free": 24.222412109375,
            "virtual_used": 1.103729248046875,
            "virtual_free": 2.643230438232422
        },
        "samples": [
            {
                "cpu_util": 0.0,
                "disk_read": 0.3482065200805664,
                "disk_write": 4.081785202026367,
                "disk_used": 3.7796630859375,
                "disk_free": 24.222412109375,
                "virtual_used": 1.1037216186523438,
                "virtual_free": 2.643238067626953,
                "sample": 1
            }
        ],
        "response_time": 0.0017778873443603516
    }
}