{
    "delete": {
        "baseline": {
            "cpu_util": 4.8,
            "disk_read": 0.46949005126953125,
            "disk_write": 4.412912368774414,
            "disk_used": 3.8802719116210938,
            "disk_free": 24.121803283691406,
            "virtual_used": 0.9653091430664062,
            "virtual_free": 0.9005584716796875
        },
        "samples": [
            {
                "cpu_util": 0.0,
                "disk_read": 0.46949005126953125,
                "disk_write": 4.41291618347168,
                "disk_used": 3.8802719116210938,
                "disk_free": 24.121803283691406,
                "virtual_used": 0.9653091430664062,
                "virtual_free": 0.9005584716796875,
                "sample": 1
            }
        ],
        "response_time": 0.0009014606475830078
    },
    "create": {
        "baseline": {
            "cpu_util": 0.0,
            "disk_read": 0.46949005126953125,
            "disk_write": 4.41291618347168,
            "disk_used": 3.8802719116210938,
            "disk_free": 24.121803283691406,
            "virtual_used": 0.9653091430664062,
            "virtual_free": 0.9005584716796875
        },
        "samples": [
            {
                "cpu_util": 10.0,
                "disk_read": 0.46949005126953125,
                "disk_write": 4.413125991821289,
                "disk_used": 3.880279541015625,
                "disk_free": 24.121795654296875,
                "virtual_used": 0.9652748107910156,
                "virtual_free": 0.9005928039550781,
                "sample": 1
            }
        ],
        "response_time": 0.03700900077819824
    },
    "insertManyThenDeleteManyStruct": {
        "baseline": {
            "cpu_util": 0.0,
            "disk_read": 0.46949005126953125,
            "disk_write": 4.413125991821289,
            "disk_used": 3.880279541015625,
            "disk_free": 24.121795654296875,
            "virtual_used": 0.9652748107910156,
            "virtual_free": 0.9005928039550781
        },
        "samples": [
            {
                "cpu_util": 58.3,
                "disk_read": 0.46949005126953125,
                "disk_write": 4.413125991821289,
                "disk_used": 3.8805274963378906,
                "disk_free": 24.12154769897461,
                "virtual_used": 0.9650344848632812,
                "virtual_free": 0.9008331298828125,
                "sample": 1
            },
            {
                "cpu_util": 59.1,
                "disk_read": 0.46949005126953125,
                "disk_write": 4.413125991821289,
                "disk_used": 3.8805274963378906,
                "disk_free": 24.12154769897461,
                "virtual_used": 0.9670562744140625,
                "virtual_free": 0.8988113403320312,
                "sample": 2
            },
            {
                "cpu_util": 45.0,
                "disk_read": 0.46949005126953125,
                "disk_write": 4.415533065795898,
                "disk_used": 3.8809776306152344,
                "disk_free": 24.121097564697266,
                "virtual_used": 0.9775276184082031,
                "virtual_free": 0.8883399963378906,
                "sample": 3
            },
            {
                "cpu_util": 52.4,
                "disk_read": 0.46949005126953125,
                "disk_write": 4.417909622192383,
                "disk_used": 3.881427764892578,
                "disk_free": 24.120647430419922,
                "virtual_used": 0.9836044311523438,
                "virtual_free": 0.88226318359375,
                "sample": 4
            },
            {
                "cpu_util": 80.0,
                "disk_read": 0.46949005126953125,
                "disk_write": 4.418512344360352,
                "disk_used": 3.884735107421875,
                "disk_free": 24.117340087890625,
                "virtual_used": 0.9797782897949219,
                "virtual_free": 0.8860893249511719,
                "sample": 5
            },
            {
                "cpu_util": 14.3,
                "disk_read": 0.46949005126953125,
                "disk_write": 4.41929817199707,
                "disk_used": 3.8847389221191406,
                "disk_free": 24.11733627319336,
                "virtual_used": 0.9794845581054688,
                "virtual_free": 0.886383056640625,
                "sample": 6
            }
        ],
        "response_time": 1.3648581504821777
    }
}