{
    "delete": {
        "baseline": {
            "cpu_util": 0.0,
            "disk_read": 0.3482065200805664,
            "disk_write": 3.846750259399414,
            "disk_used": 3.8865013122558594,
            "disk_free": 24.11557388305664,
            "virtual_used": 1.1625785827636719,
            "virtual_free": 2.584381103515625
        },
        "samples": [
            {
                "cpu_util": 0.0,
                "disk_read": 0.3482065200805664,
                "disk_write": 3.8467540740966797,
                "disk_used": 3.8865013122558594,
                "disk_free": 24.11557388305664,
                "virtual_used": 1.1625747680664062,
                "virtual_free": 2.5843849182128906,
                "sample": 1
            }
        ],
        "response_time": 0.0008740425109863281
    },
    "create": {
        "baseline": {
            "cpu_util": 0.0,
            "disk_read": 0.3482065200805664,
            "disk_write": 3.8467540740966797,
            "disk_used": 3.8865013122558594,
            "disk_free": 24.11557388305664,
            "virtual_used": 1.1625747680664062,
            "virtual_free": 2.5843849182128906
        },
        "samples": [
            {
                "cpu_util": 4.8,
                "disk_read": 0.3482065200805664,
                "disk_write": 3.8469181060791016,
                "disk_used": 3.8865089416503906,
                "disk_free": 24.11556625366211,
                "virtual_used": 1.1625633239746094,
                "virtual_free": 2.5843963623046875,
                "sample": 1
            }
        ],
        "response_time": 0.030765056610107422
    },
    "insertOneStruct": {
        "baseline": {
            "cpu_util": 0.0,
            "disk_read": 0.3482065200805664,
            "disk_write": 3.846982955932617,
            "disk_used": 3.8865089416503906,
            "disk_free": 24.11556625366211,
            "virtual_used": 1.1625175476074219,
            "virtual_free": 2.584442138671875
        },
        "samples": [
            {
                "cpu_util": 0.0,
                "disk_read": 0.3482065200805664,
                "disk_write": 3.846986770629883,
                "disk_used": 3.8865089416503906,
                "disk_free": 24.11556625366211,
                "virtual_used": 1.1625175476074219,
                "virtual_free": 2.584442138671875,
                "sample": 1
            }
        ],
        "response_time": 0.0008656978607177734
    }
}