{
    "delete": {
        "baseline": {
            "cpu_util": 4.8,
            "disk_read": 0.4777674674987793,
            "disk_write": 4.084821701049805,
            "disk_used": 3.8457908630371094,
            "disk_free": 24.15628433227539,
            "virtual_used": 0.9160423278808594,
            "virtual_free": 0.9498252868652344
        },
        "samples": [
            {
                "cpu_util": 0.0,
                "disk_read": 0.4777674674987793,
                "disk_write": 4.08482551574707,
                "disk_used": 3.845794677734375,
                "disk_free": 24.156280517578125,
                "virtual_used": 0.9160385131835938,
                "virtual_free": 0.9498291015625,
                "sample": 1
            }
        ],
        "response_time": 0.0010285377502441406
    },
    "create": {
        "baseline": {
            "cpu_util": 0.0,
            "disk_read": 0.4777674674987793,
            "disk_write": 4.08482551574707,
            "disk_used": 3.845794677734375,
            "disk_free": 24.156280517578125,
            "virtual_used": 0.9159927368164062,
            "virtual_free": 0.9498748779296875
        },
        "samples": [
            {
                "cpu_util": 43.5,
                "disk_read": 0.4777674674987793,
                "disk_write": 4.084978103637695,
                "disk_used": 3.8458023071289062,
                "disk_free": 24.156272888183594,
                "virtual_used": 0.8873558044433594,
                "virtual_free": 0.9785118103027344,
                "sample": 1
            }
        ],
        "response_time": 0.11031913757324219
    },
    "insertOneStruct": {
        "baseline": {
            "cpu_util": 0.0,
            "disk_read": 0.4777674674987793,
            "disk_write": 4.085454940795898,
            "disk_used": 3.8458023071289062,
            "disk_free": 24.156272888183594,
            "virtual_used": 0.887298583984375,
            "virtual_free": 0.9785690307617188
        },
        "samples": [
            {
                "cpu_util": 0.0,
                "disk_read": 0.4777674674987793,
                "disk_write": 4.085458755493164,
                "disk_used": 3.8458023071289062,
                "disk_free": 24.156272888183594,
                "virtual_used": 0.887298583984375,
                "virtual_free": 0.9785690307617188,
                "sample": 1
            }
        ],
        "response_time": 0.0007889270782470703
    }
}