{
    "delete": {
        "baseline": {
            "cpu_util": 4.5,
            "disk_read": 0.34246397018432617,
            "disk_write": 3.137392044067383,
            "disk_used": 3.7620773315429688,
            "disk_free": 24.23999786376953,
            "virtual_used": 1.0976676940917969,
            "virtual_free": 2.6492881774902344
        },
        "samples": [
            {
                "cpu_util": 0.0,
                "disk_read": 0.34246397018432617,
                "disk_write": 3.1373958587646484,
                "disk_used": 3.7620773315429688,
                "disk_free": 24.23999786376953,
                "virtual_used": 1.0976676940917969,
                "virtual_free": 2.6492881774902344,
                "sample": 1
            }
        ],
        "response_time": 0.0008122920989990234
    },
    "create": {
        "baseline": {
            "cpu_util": 0.0,
            "disk_read": 0.34246397018432617,
            "disk_write": 3.1373958587646484,
            "disk_used": 3.7646026611328125,
            "disk_free": 24.237472534179688,
            "virtual_used": 1.0951499938964844,
            "virtual_free": 2.651805877685547
        },
        "samples": [
            {
                "cpu_util": 0.0,
                "disk_read": 0.34246397018432617,
                "disk_write": 3.1375675201416016,
                "disk_used": 3.7646102905273438,
                "disk_free": 24.237464904785156,
                "virtual_used": 1.0951194763183594,
                "virtual_free": 2.651836395263672,
                "sample": 1
            }
        ],
        "response_time": 0.012514352798461914
    },
    "insertManyUnstruct": {
        "baseline": {
            "cpu_util": 0.0,
            "disk_read": 0.34246397018432617,
            "disk_write": 3.1375675201416016,
            "disk_used": 3.7646102905273438,
            "disk_free": 24.237464904785156,
            "virtual_used": 1.0951194763183594,
            "virtual_free": 2.651836395263672
        },
        "samples": [
            {
                "cpu_util": 51.4,
                "disk_read": 0.34246397018432617,
                "disk_write": 3.1375675201416016,
                "disk_used": 3.7646102905273438,
                "disk_free": 24.237464904785156,
                "virtual_used": 1.0951194763183594,
                "virtual_free": 2.651836395263672,
                "sample": 1
            },
            {
                "cpu_util": 57.9,
                "disk_read": 0.34246397018432617,
                "disk_write": 3.1392574310302734,
                "disk_used": 3.764972686767578,
                "disk_free": 24.237102508544922,
                "virtual_used": 1.0910301208496094,
                "virtual_free": 2.655925750732422,
                "sample": 2
            },
            {
                "cpu_util": 47.4,
                "disk_read": 0.34246397018432617,
                "disk_write": 3.141195297241211,
                "disk_used": 3.7698898315429688,
                "disk_free": 24.23218536376953,
                "virtual_used": 1.0963783264160156,
                "virtual_free": 2.6505775451660156,
                "sample": 3
            },
            {
                "cpu_util": 33.3,
                "disk_read": 0.34246397018432617,
                "disk_write": 3.1466922760009766,
                "disk_used": 3.7703475952148438,
                "disk_free": 24.231727600097656,
                "virtual_used": 1.0962715148925781,
                "virtual_free": 2.650684356689453,
                "sample": 4
            }
        ],
        "response_time": 0.8856828212738037
    }
}