{
    "delete": {
        "baseline": {
            "cpu_util": 0.0,
            "disk_read": 0.34246397018432617,
            "disk_write": 3.116880416870117,
            "disk_used": 3.829875946044922,
            "disk_free": 24.172199249267578,
            "virtual_used": 1.0842247009277344,
            "virtual_free": 2.662731170654297
        },
        "samples": [
            {
                "cpu_util": 9.5,
                "disk_read": 0.34246397018432617,
                "disk_write": 3.116884231567383,
                "disk_used": 3.8298797607421875,
                "disk_free": 24.172195434570312,
                "virtual_used": 1.0842247009277344,
                "virtual_free": 2.662731170654297,
                "sample": 1
            }
        ],
        "response_time": 0.0010516643524169922
    },
    "create": {
        "baseline": {
            "cpu_util": 0.0,
            "disk_read": 0.34246397018432617,
            "disk_write": 3.1168880462646484,
            "disk_used": 3.8298797607421875,
            "disk_free": 24.172195434570312,
            "virtual_used": 1.0842552185058594,
            "virtual_free": 2.662700653076172
        },
        "samples": [
            {
                "cpu_util": 0.0,
                "disk_read": 0.34246397018432617,
                "disk_write": 3.117097854614258,
                "disk_used": 3.8298873901367188,
                "disk_free": 24.17218780517578,
                "virtual_used": 1.0842361450195312,
                "virtual_free": 2.6627197265625,
                "sample": 1
            }
        ],
        "response_time": 0.012145519256591797
    },
    "insertManyUnstruct": {
        "baseline": {
            "cpu_util": 9.5,
            "disk_read": 0.34246397018432617,
            "disk_write": 3.118276596069336,
            "disk_used": 3.7513580322265625,
            "disk_free": 24.250717163085938,
            "virtual_used": 1.0820465087890625,
            "virtual_free": 2.6649093627929688
        },
        "samples": [
            {
                "cpu_util": 50.9,
                "disk_read": 0.34246397018432617,
                "disk_write": 3.118276596069336,
                "disk_used": 3.7513580322265625,
                "disk_free": 24.250717163085938,
                "virtual_used": 1.0971870422363281,
                "virtual_free": 2.649768829345703,
                "sample": 1
            },
            {
                "cpu_util": 50.0,
                "disk_read": 0.34246397018432617,
                "disk_write": 3.1193599700927734,
                "disk_used": 3.7513580322265625,
                "disk_free": 24.250717163085938,
                "virtual_used": 1.0954856872558594,
                "virtual_free": 2.651470184326172,
                "sample": 2
            },
            {
                "cpu_util": 52.6,
                "disk_read": 0.34246397018432617,
                "disk_write": 3.124116897583008,
                "disk_used": 3.751800537109375,
                "disk_free": 24.250274658203125,
                "virtual_used": 1.0990982055664062,
                "virtual_free": 2.647857666015625,
                "sample": 3
            },
            {
                "cpu_util": 14.3,
                "disk_read": 0.34246397018432617,
                "disk_write": 3.1277523040771484,
                "disk_used": 3.75225830078125,
                "disk_free": 24.24981689453125,
                "virtual_used": 1.1042556762695312,
                "virtual_free": 2.6427001953125,
                "sample": 4
            }
        ],
        "response_time": 0.9339101314544678
    }
}