{
    "delete": {
        "baseline": {
            "cpu_util": 0.0,
            "disk_read": 0.4450836181640625,
            "disk_write": 3.408723831176758,
            "disk_used": 3.8525390625,
            "disk_free": 24.1495361328125,
            "virtual_used": 0.9066047668457031,
            "virtual_free": 0.9592628479003906
        },
        "samples": [
            {
                "cpu_util": 0.0,
                "disk_read": 0.4450836181640625,
                "disk_write": 3.4087276458740234,
                "disk_used": 3.8525428771972656,
                "disk_free": 24.149532318115234,
                "virtual_used": 0.9066047668457031,
                "virtual_free": 0.9592628479003906,
                "sample": 1
            }
        ],
        "response_time": 0.0009198188781738281
    },
    "create": {
        "baseline": {
            "cpu_util": 0.0,
            "disk_read": 0.4450836181640625,
            "disk_write": 3.4087276458740234,
            "disk_used": 3.8525428771972656,
            "disk_free": 24.149532318115234,
            "virtual_used": 0.9066047668457031,
            "virtual_free": 0.9592628479003906
        },
        "samples": [
            {
                "cpu_util": 40.9,
                "disk_read": 0.4450836181640625,
                "disk_write": 3.4092464447021484,
                "disk_used": 3.852550506591797,
                "disk_free": 24.149524688720703,
                "virtual_used": 0.9060096740722656,
                "virtual_free": 0.9598579406738281,
                "sample": 1
            }
        ],
        "response_time": 0.10526537895202637
    },
    "updateOneStruct": {
        "baseline": {
            "cpu_util": 0.0,
            "disk_read": 0.4450836181640625,
            "disk_write": 3.4093990325927734,
            "disk_used": 3.852550506591797,
            "disk_free": 24.149524688720703,
            "virtual_used": 0.9059600830078125,
            "virtual_free": 0.9599075317382812
        },
        "samples": [
            {
                "cpu_util": 5.0,
                "disk_read": 0.4450836181640625,
                "disk_write": 3.409402847290039,
                "disk_used": 3.852550506591797,
                "disk_free": 24.149524688720703,
                "virtual_used": 0.9064407348632812,
                "virtual_free": 0.9594268798828125,
                "sample": 1
            }
        ],
        "response_time": 0.012835502624511719
    }
}