{
    "delete": {
        "baseline": {
            "cpu_util": 55.0,
            "disk_read": 1.4701485633850098,
            "disk_write": 29.274328231811523,
            "disk_used": 4.931610107421875,
            "disk_free": 23.070465087890625,
            "virtual_used": 3.1144561767578125,
            "virtual_free": 0.6324958801269531
        },
        "samples": [
            {
                "cpu_util": 50.0,
                "disk_read": 1.4701485633850098,
                "disk_write": 29.27437400817871,
                "disk_used": 4.931610107421875,
                "disk_free": 23.070465087890625,
                "virtual_used": 3.114452362060547,
                "virtual_free": 0.6324996948242188,
                "sample": 1
            }
        ],
        "response_time": 0.0009510517120361328
    },
    "create": {
        "baseline": {
            "cpu_util": 47.6,
            "disk_read": 1.4701485633850098,
            "disk_write": 29.274381637573242,
            "disk_used": 4.931610107421875,
            "disk_free": 23.070465087890625,
            "virtual_used": 3.114452362060547,
            "virtual_free": 0.6324996948242188
        },
        "samples": [
            {
                "cpu_util": 100.0,
                "disk_read": 1.4701485633850098,
                "disk_write": 29.274385452270508,
                "disk_used": 4.931610107421875,
                "disk_free": 23.070465087890625,
                "virtual_used": 3.114452362060547,
                "virtual_free": 0.6324996948242188,
                "sample": 1
            },
            {
                "cpu_util": 100.0,
                "disk_read": 1.4701485633850098,
                "disk_write": 29.274412155151367,
                "disk_used": 4.931610107421875,
                "disk_free": 23.070465087890625,
                "virtual_used": 3.114452362060547,
                "virtual_free": 0.6324996948242188,
                "sample": 2
            },
            {
                "cpu_util": 100.0,
                "disk_read": 1.4701485633850098,
                "disk_write": 29.2744197845459,
                "disk_used": 4.931610107421875,
                "disk_free": 23.070465087890625,
                "virtual_used": 3.114452362060547,
                "virtual_free": 0.6324996948242188,
                "sample": 3
            },
            {
                "cpu_util": 95.0,
                "disk_read": 1.4701485633850098,
                "disk_write": 29.274770736694336,
                "disk_used": 4.931617736816406,
                "disk_free": 23.070457458496094,
                "virtual_used": 3.112091064453125,
                "virtual_free": 0.6348609924316406,
                "sample": 4
            },
            {
                "cpu_util": 100.0,
                "disk_read": 1.4701485633850098,
                "disk_write": 29.275930404663086,
                "disk_used": 4.931644439697266,
                "disk_free": 23.070430755615234,
                "virtual_used": 3.11700439453125,
                "virtual_free": 0.6299476623535156,
                "sample": 5
            },
            {
                "cpu_util": 100.0,
                "disk_read": 1.4701485633850098,
                "disk_write": 29.278249740600586,
                "disk_used": 4.9341888427734375,
                "disk_free": 23.067886352539062,
                "virtual_used": 3.1160316467285156,
                "virtual_free": 0.63092041015625,
                "sample": 6
            }
        ],
        "response_time": 1.3528406620025635
    },
    "readManyStruct": {
        "baseline": {
            "cpu_util": 52.6,
            "disk_read": 1.4701485633850098,
            "disk_write": 29.279298782348633,
            "disk_used": 4.936439514160156,
            "disk_free": 23.065635681152344,
            "virtual_used": 3.1136436462402344,
            "virtual_free": 0.6333084106445312
        },
        "samples": [
            {
                "cpu_util": 50.0,
                "disk_read": 1.4701485633850098,
                "disk_write": 29.2793025970459,
                "disk_used": 4.936439514160156,
                "disk_free": 23.065635681152344,
                "virtual_used": 3.1136436462402344,
                "virtual_free": 0.6333084106445312,
                "sample": 1
            }
        ],
        "response_time": 8.392333984375e-05
    }
}