{
    "delete": {
        "baseline": {
            "cpu_util": 0.0,
            "disk_read": 0.4049859046936035,
            "disk_write": 1.0189647674560547,
            "disk_used": 3.8251380920410156,
            "disk_free": 24.176937103271484,
            "virtual_used": 0.790679931640625,
            "virtual_free": 1.0751876831054688
        },
        "samples": [
            {
                "cpu_util": 0.0,
                "disk_read": 0.4049859046936035,
                "disk_write": 1.0189685821533203,
                "disk_used": 3.8251380920410156,
                "disk_free": 24.176937103271484,
                "virtual_used": 0.7906341552734375,
                "virtual_free": 1.0752334594726562,
                "sample": 1
            }
        ],
        "response_time": 0.0020487308502197266
    },
    "create": {
        "baseline": {
            "cpu_util": 0.0,
            "disk_read": 0.4049859046936035,
            "disk_write": 1.0189685821533203,
            "disk_used": 3.8251380920410156,
            "disk_free": 24.176937103271484,
            "virtual_used": 0.7906341552734375,
            "virtual_free": 1.0752334594726562
        },
        "samples": [
            {
                "cpu_util": 51.9,
                "disk_read": 0.4049859046936035,
                "disk_write": 1.0189685821533203,
                "disk_used": 3.8251380920410156,
                "disk_free": 24.176937103271484,
                "virtual_used": 0.7917022705078125,
                "virtual_free": 1.0741653442382812,
                "sample": 1
            }
        ],
        "response_time": 0.2525327205657959
    },
    "insertOneUnstruct": {
        "baseline": {
            "cpu_util": 0.0,
            "disk_read": 0.4049859046936035,
            "disk_write": 1.0201091766357422,
            "disk_used": 3.825145721435547,
            "disk_free": 24.176929473876953,
            "virtual_used": 0.7918434143066406,
            "virtual_free": 1.0740242004394531
        },
        "samples": [
            {
                "cpu_util": 0.0,
                "disk_read": 0.4049859046936035,
                "disk_write": 1.0201129913330078,
                "disk_used": 3.825145721435547,
                "disk_free": 24.176929473876953,
                "virtual_used": 0.7644119262695312,
                "virtual_free": 1.1014556884765625,
                "sample": 1
            }
        ],
        "response_time": 0.0013003349304199219
    }
}