{
    "delete": {
        "baseline": {
            "cpu_util": 0.0,
            "disk_read": 0.5854277610778809,
            "disk_write": 3.711191177368164,
            "disk_used": 5.6069488525390625,
            "disk_free": 22.395126342773438,
            "virtual_used": 0.9119529724121094,
            "virtual_free": 0.9539108276367188
        },
        "samples": [
            {
                "cpu_util": 0.0,
                "disk_read": 0.5854277610778809,
                "disk_write": 3.7111949920654297,
                "disk_used": 5.606952667236328,
                "disk_free": 22.395122528076172,
                "virtual_used": 0.9119491577148438,
                "virtual_free": 0.9539146423339844,
                "sample": 1
            }
        ],
        "response_time": 0.0010237693786621094
    },
    "create": {
        "baseline": {
            "cpu_util": 0.0,
            "disk_read": 0.5854277610778809,
            "disk_write": 3.7111949920654297,
            "disk_used": 5.606952667236328,
            "disk_free": 22.395122528076172,
            "virtual_used": 0.9119491577148438,
            "virtual_free": 0.9539146423339844
        },
        "samples": [
            {
                "cpu_util": 5.0,
                "disk_read": 0.5854277610778809,
                "disk_write": 3.711458206176758,
                "disk_used": 5.606960296630859,
                "disk_free": 22.39511489868164,
                "virtual_used": 0.9118423461914062,
                "virtual_free": 0.9540214538574219,
                "sample": 1
            }
        ],
        "response_time": 0.019346952438354492
    },
    "replaceOneUnstruct": {
        "baseline": {
            "cpu_util": 0.0,
            "disk_read": 0.5854277610778809,
            "disk_write": 3.711458206176758,
            "disk_used": 5.606960296630859,
            "disk_free": 22.39511489868164,
            "virtual_used": 0.9118423461914062,
            "virtual_free": 0.9540214538574219
        },
        "samples": [
            {
                "cpu_util": 0.0,
                "disk_read": 0.5854277610778809,
                "disk_write": 3.7114620208740234,
                "disk_used": 5.606960296630859,
                "disk_free": 22.39511489868164,
                "virtual_used": 0.9118423461914062,
                "virtual_free": 0.9540214538574219,
                "sample": 1
            }
        ],
        "response_time": 0.002449512481689453
    }
}