{
    "delete": {
        "baseline": {
            "cpu_util": 0.0,
            "disk_read": 1.0058093070983887,
            "disk_write": 19.48512840270996,
            "disk_used": 4.280925750732422,
            "disk_free": 23.721149444580078,
            "virtual_used": 2.582550048828125,
            "virtual_free": 1.1644058227539062
        },
        "samples": [
            {
                "cpu_util": 0.0,
                "disk_read": 1.0058093070983887,
                "disk_write": 19.485132217407227,
                "disk_used": 4.280925750732422,
                "disk_free": 23.721149444580078,
                "virtual_used": 2.582550048828125,
                "virtual_free": 1.1644058227539062,
                "sample": 1
            }
        ],
        "response_time": 0.0008382797241210938
    },
    "create": {
        "baseline": {
            "cpu_util": 0.0,
            "disk_read": 1.0058093070983887,
            "disk_write": 19.485132217407227,
            "disk_used": 4.280925750732422,
            "disk_free": 23.721149444580078,
            "virtual_used": 2.582550048828125,
            "virtual_free": 1.1644058227539062
        },
        "samples": [
            {
                "cpu_util": 48.0,
                "disk_read": 1.0058093070983887,
                "disk_write": 19.485132217407227,
                "disk_used": 4.280925750732422,
                "disk_free": 23.721149444580078,
                "virtual_used": 2.582550048828125,
                "virtual_free": 1.1644058227539062,
                "sample": 1
            },
            {
                "cpu_util": 50.0,
                "disk_read": 1.0058131217956543,
                "disk_write": 19.485132217407227,
                "disk_used": 4.280921936035156,
                "disk_free": 23.721153259277344,
                "virtual_used": 2.582996368408203,
                "virtual_free": 1.1639595031738281,
                "sample": 2
            },
            {
                "cpu_util": 50.0,
                "disk_read": 1.0058131217956543,
                "disk_write": 19.485132217407227,
                "disk_used": 4.280921936035156,
                "disk_free": 23.721153259277344,
                "virtual_used": 2.5743255615234375,
                "virtual_free": 1.1726303100585938,
                "sample": 3
            },
            {
                "cpu_util": 48.0,
                "disk_read": 1.0058131217956543,
                "disk_write": 19.485132217407227,
                "disk_used": 4.280921936035156,
                "disk_free": 23.721153259277344,
                "virtual_used": 2.5743255615234375,
                "virtual_free": 1.1726303100585938,
                "sample": 4
            },
            {
                "cpu_util": 51.9,
                "disk_read": 1.0058131217956543,
                "disk_write": 19.485132217407227,
                "disk_used": 4.280921936035156,
                "disk_free": 23.721153259277344,
                "virtual_used": 2.5930709838867188,
                "virtual_free": 1.1538848876953125,
                "sample": 5
            },
            {
                "cpu_util": 50.0,
                "disk_read": 1.0058131217956543,
                "disk_write": 19.485811233520508,
                "disk_used": 4.2809295654296875,
                "disk_free": 23.721145629882812,
                "virtual_used": 2.6080970764160156,
                "virtual_free": 1.1388587951660156,
                "sample": 6
            },
            {
                "cpu_util": 56.5,
                "disk_read": 1.0058131217956543,
                "disk_write": 19.527990341186523,
                "disk_used": 4.280937194824219,
                "disk_free": 23.72113800048828,
                "virtual_used": 2.6147193908691406,
                "virtual_free": 1.1322364807128906,
                "sample": 7
            },
            {
                "cpu_util": 100.0,
                "disk_read": 1.0058131217956543,
                "disk_write": 19.529699325561523,
                "disk_used": 4.284423828125,
                "disk_free": 23.7176513671875,
                "virtual_used": 2.6065139770507812,
                "virtual_free": 1.14044189453125,
                "sample": 8
            },
            {
                "cpu_util": 52.4,
                "disk_read": 1.0058131217956543,
                "disk_write": 19.5335636138916,
                "disk_used": 4.284782409667969,
                "disk_free": 23.71729278564453,
                "virtual_used": 2.6083450317382812,
                "virtual_free": 1.13861083984375,
                "sample": 9
            },
            {
                "cpu_util": 47.6,
                "disk_read": 1.0058131217956543,
                "disk_write": 19.53450584411621,
                "disk_used": 4.284782409667969,
                "disk_free": 23.71729278564453,
                "virtual_used": 2.604949951171875,
                "virtual_free": 1.1420059204101562,
                "sample": 10
            },
            {
                "cpu_util": 50.0,
                "disk_read": 1.0058131217956543,
                "disk_write": 19.538236618041992,
                "disk_used": 4.284782409667969,
                "disk_free": 23.71729278564453,
                "virtual_used": 2.628437042236328,
                "virtual_free": 1.1185188293457031,
                "sample": 11
            },
            {
                "cpu_util": 60.0,
                "disk_read": 1.0058131217956543,
                "disk_write": 19.54066276550293,
                "disk_used": 4.285163879394531,
                "disk_free": 23.71691131591797,
                "virtual_used": 2.611736297607422,
                "virtual_free": 1.1352195739746094,
                "sample": 12
            },
            {
                "cpu_util": 100.0,
                "disk_read": 1.0058131217956543,
                "disk_write": 19.54258918762207,
                "disk_used": 4.298667907714844,
                "disk_free": 23.703407287597656,
                "virtual_used": 2.619007110595703,
                "virtual_free": 1.1279487609863281,
                "sample": 13
            },
            {
                "cpu_util": 52.4,
                "disk_read": 1.0058131217956543,
                "disk_write": 19.542936325073242,
                "disk_used": 4.2993316650390625,
                "disk_free": 23.702743530273438,
                "virtual_used": 2.6129188537597656,
                "virtual_free": 1.1340370178222656,
                "sample": 14
            },
            {
                "cpu_util": 52.4,
                "disk_read": 1.0058131217956543,
                "disk_write": 19.5458927154541,
                "disk_used": 4.2993316650390625,
                "disk_free": 23.702743530273438,
                "virtual_used": 2.6184844970703125,
                "virtual_free": 1.1284713745117188,
                "sample": 15
            },
            {
                "cpu_util": 47.6,
                "disk_read": 1.0058131217956543,
                "disk_write": 19.54762840270996,
                "disk_used": 4.299335479736328,
                "disk_free": 23.702739715576172,
                "virtual_used": 2.632976531982422,
                "virtual_free": 1.1139793395996094,
                "sample": 16
            },
            {
                "cpu_util": 50.0,
                "disk_read": 1.0058131217956543,
                "disk_write": 19.54923439025879,
                "disk_used": 4.299335479736328,
                "disk_free": 23.702739715576172,
                "virtual_used": 2.6041030883789062,
                "virtual_free": 1.142852783203125,
                "sample": 17
            },
            {
                "cpu_util": 95.7,
                "disk_read": 1.0058131217956543,
                "disk_write": 19.55228614807129,