{
    "delete": {
        "baseline": {
            "cpu_util": 0.0,
            "disk_read": 0.4695167541503906,
            "disk_write": 4.512277603149414,
            "disk_used": 3.981647491455078,
            "disk_free": 24.020427703857422,
            "virtual_used": 0.9780693054199219,
            "virtual_free": 0.8877983093261719
        },
        "samples": [
            {
                "cpu_util": 0.0,
                "disk_read": 0.4695167541503906,
                "disk_write": 4.512319564819336,
                "disk_used": 3.981647491455078,
                "disk_free": 24.020427703857422,
                "virtual_used": 0.9780693054199219,
                "virtual_free": 0.8877983093261719,
                "sample": 1
            }
        ],
        "response_time": 0.0009543895721435547
    },
    "create": {
        "baseline": {
            "cpu_util": 0.0,
            "disk_read": 0.4695167541503906,
            "disk_write": 4.512319564819336,
            "disk_used": 3.981647491455078,
            "disk_free": 24.020427703857422,
            "virtual_used": 0.9780693054199219,
            "virtual_free": 0.8877983093261719
        },
        "samples": [
            {
                "cpu_util": 0.0,
                "disk_read": 0.4695167541503906,
                "disk_write": 4.512445449829102,
                "disk_used": 3.9816551208496094,
                "disk_free": 24.02042007446289,
                "virtual_used": 0.9780693054199219,
                "virtual_free": 0.8877983093261719,
                "sample": 1
            }
        ],
        "response_time": 0.017583847045898438
    },
    "updateManyStruct": {
        "baseline": {
            "cpu_util": 0.0,
            "disk_read": 0.4695167541503906,
            "disk_write": 4.512479782104492,
            "disk_used": 3.9816551208496094,
            "disk_free": 24.02042007446289,
            "virtual_used": 0.9780616760253906,
            "virtual_free": 0.8878059387207031
        },
        "samples": [
            {
                "cpu_util": 9.5,
                "disk_read": 0.4695167541503906,
                "disk_write": 4.512517929077148,
                "disk_used": 3.9816551208496094,
                "disk_free": 24.02042007446289,
                "virtual_used": 0.9780158996582031,
                "virtual_free": 0.8878517150878906,
                "sample": 1
            }
        ],
        "response_time": 0.0024106502532958984
    }
}