{
    "delete": {
        "baseline": {
            "cpu_util": 0.0,
            "disk_read": 0.6195502281188965,
            "disk_write": 4.399961471557617,
            "disk_used": 3.8743820190429688,
            "disk_free": 24.12769317626953,
            "virtual_used": 1.1936798095703125,
            "virtual_free": 2.5532798767089844
        },
        "samples": [
            {
                "cpu_util": 4.8,
                "disk_read": 0.6195502281188965,
                "disk_write": 4.399965286254883,
                "disk_used": 3.8743858337402344,
                "disk_free": 24.127689361572266,
                "virtual_used": 1.1936798095703125,
                "virtual_free": 2.5532798767089844,
                "sample": 1
            }
        ],
        "response_time": 0.0010786056518554688
    },
    "create": {
        "baseline": {
            "cpu_util": 0.0,
            "disk_read": 0.6195502281188965,
            "disk_write": 4.399965286254883,
            "disk_used": 3.8743858337402344,
            "disk_free": 24.127689361572266,
            "virtual_used": 1.1936798095703125,
            "virtual_free": 2.5532798767089844
        },
        "samples": [
            {
                "cpu_util": 4.8,
                "disk_read": 0.6195502281188965,
                "disk_write": 4.400121688842773,
                "disk_used": 3.8743934631347656,
                "disk_free": 24.127681732177734,
                "virtual_used": 1.1936798095703125,
                "virtual_free": 2.5532798767089844,
                "sample": 1
            }
        ],
        "response_time": 0.018694400787353516
    },
    "replaceOneStruct": {
        "baseline": {
            "cpu_util": 0.0,
            "disk_read": 0.6195502281188965,
            "disk_write": 4.400121688842773,
            "disk_used": 3.8743934631347656,
            "disk_free": 24.127681732177734,
            "virtual_used": 1.1936798095703125,
            "virtual_free": 2.5532798767089844
        },
        "samples": [
            {
                "cpu_util": 4.8,
                "disk_read": 0.6195502281188965,
                "disk_write": 4.400125503540039,
                "disk_used": 3.8743934631347656,
                "disk_free": 24.127681732177734,
                "virtual_used": 1.1936798095703125,
                "virtual_free": 2.5532798767089844,
                "sample": 1
            }
        ],
        "response_time": 0.0017375946044921875
    }
}