{
    "delete": {
        "baseline": {
            "cpu_util": 0.0,
            "disk_read": 0.6195502281188965,
            "disk_write": 4.405733108520508,
            "disk_used": 3.8744354248046875,
            "disk_free": 24.127639770507812,
            "virtual_used": 1.193572998046875,
            "virtual_free": 2.553386688232422
        },
        "samples": [
            {
                "cpu_util": 0.0,
                "disk_read": 0.6195502281188965,
                "disk_write": 4.40580940246582,
                "disk_used": 3.8744354248046875,
                "disk_free": 24.127639770507812,
                "virtual_used": 1.1935653686523438,
                "virtual_free": 2.553394317626953,
                "sample": 1
            }
        ],
        "response_time": 0.0011868476867675781
    },
    "create": {
        "baseline": {
            "cpu_util": 0.0,
            "disk_read": 0.6195502281188965,
            "disk_write": 4.40580940246582,
            "disk_used": 3.8744354248046875,
            "disk_free": 24.127639770507812,
            "virtual_used": 1.1935653686523438,
            "virtual_free": 2.553394317626953
        },
        "samples": [
            {
                "cpu_util": 9.5,
                "disk_read": 0.6195502281188965,
                "disk_write": 4.405954360961914,
                "disk_used": 3.8744430541992188,
                "disk_free": 24.12763214111328,
                "virtual_used": 1.1935539245605469,
                "virtual_free": 2.55340576171875,
                "sample": 1
            }
        ],
        "response_time": 0.017948150634765625
    },
    "replaceOneStruct": {
        "baseline": {
            "cpu_util": 0.0,
            "disk_read": 0.6195502281188965,
            "disk_write": 4.405954360961914,
            "disk_used": 3.8744430541992188,
            "disk_free": 24.12763214111328,
            "virtual_used": 1.1935539245605469,
            "virtual_free": 2.55340576171875
        },
        "samples": [
            {
                "cpu_util": 0.0,
                "disk_read": 0.6195502281188965,
                "disk_write": 4.40595817565918,
                "disk_used": 3.8744430541992188,
                "disk_free": 24.12763214111328,
                "virtual_used": 1.1935539245605469,
                "virtual_free": 2.55340576171875,
                "sample": 1
            }
        ],
        "response_time": 0.0019202232360839844
    }
}