{
    "delete": {
        "baseline": {
            "cpu_util": 0.0,
            "disk_read": 53.64996385574341,
            "disk_write": 7.152288436889648,
            "disk_used": 5.910251617431641,
            "disk_free": 22.09182357788086,
            "virtual_used": 1.0462799072265625,
            "virtual_free": 0.8195838928222656
        },
        "samples": [
            {
                "cpu_util": 0.0,
                "disk_read": 53.64996385574341,
                "disk_write": 7.152292251586914,
                "disk_used": 5.910255432128906,
                "disk_free": 22.091819763183594,
                "virtual_used": 1.0462799072265625,
                "virtual_free": 0.8195838928222656,
                "sample": 1
            }
        ],
        "response_time": 0.0009267330169677734
    },
    "create": {
        "baseline": {
            "cpu_util": 0.0,
            "disk_read": 53.64996385574341,
            "disk_write": 7.152292251586914,
            "disk_used": 5.910255432128906,
            "disk_free": 22.091819763183594,
            "virtual_used": 1.0462799072265625,
            "virtual_free": 0.8195838928222656
        },
        "samples": [
            {
                "cpu_util": 4.8,
                "disk_read": 53.64996385574341,
                "disk_write": 7.15247917175293,
                "disk_used": 5.9102630615234375,
                "disk_free": 22.091812133789062,
                "virtual_used": 1.0462799072265625,
                "virtual_free": 0.8195838928222656,
                "sample": 1
            }
        ],
        "response_time": 0.019808053970336914
    },
    "readThenDeleteOldUsersStruct": {
        "baseline": {
            "cpu_util": 0.0,
            "disk_read": 53.64996385574341,
            "disk_write": 7.15247917175293,
            "disk_used": 5.9102630615234375,
            "disk_free": 22.091812133789062,
            "virtual_used": 1.0462799072265625,
            "virtual_free": 0.8195838928222656
        },
        "samples": [
            {
                "cpu_util": 0.0,
                "disk_read": 53.64996385574341,
                "disk_write": 7.15247917175293,
                "disk_used": 5.9102630615234375,
                "disk_free": 22.091812133789062,
                "virtual_used": 1.0462799072265625,
                "virtual_free": 0.8195838928222656,
                "sample": 1
            }
        ],
        "response_time": 0.0011157989501953125
    }
}