{
    "delete": {
        "baseline": {
            "cpu_util": 4.8,
            "disk_read": 1.0060076713562012,
            "disk_write": 20.909513473510742,
            "disk_used": 4.330837249755859,
            "disk_free": 23.67123794555664,
            "virtual_used": 2.6358871459960938,
            "virtual_free": 1.1110687255859375
        },
        "samples": [
            {
                "cpu_util": 0.0,
                "disk_read": 1.0060076713562012,
                "disk_write": 20.909517288208008,
                "disk_used": 4.330837249755859,
                "disk_free": 23.67123794555664,
                "virtual_used": 2.6358299255371094,
                "virtual_free": 1.1111259460449219,
                "sample": 1
            }
        ],
        "response_time": 0.0022313594818115234
    },
    "create": {
        "baseline": {
            "cpu_util": 0.0,
            "disk_read": 1.0060076713562012,
            "disk_write": 20.909517288208008,
            "disk_used": 4.330837249755859,
            "disk_free": 23.67123794555664,
            "virtual_used": 2.6358299255371094,
            "virtual_free": 1.1111259460449219
        },
        "samples": [
            {
                "cpu_util": 50.0,
                "disk_read": 1.0060076713562012,
                "disk_write": 20.909517288208008,
                "disk_used": 4.330837249755859,
                "disk_free": 23.67123794555664,
                "virtual_used": 2.6358299255371094,
                "virtual_free": 1.1111259460449219,
                "sample": 1
            },
            {
                "cpu_util": 50.0,
                "disk_read": 1.0060076713562012,
                "disk_write": 20.909517288208008,
                "disk_used": 4.330837249755859,
                "disk_free": 23.67123794555664,
                "virtual_used": 2.6358299255371094,
                "virtual_free": 1.1111259460449219,
                "sample": 2
            },
            {
                "cpu_util": 50.0,
                "disk_read": 1.0060076713562012,
                "disk_write": 20.909517288208008,
                "disk_used": 4.330837249755859,
                "disk_free": 23.67123794555664,
                "virtual_used": 2.6358299255371094,
                "virtual_free": 1.1111259460449219,
                "sample": 3
            },
            {
                "cpu_util": 52.0,
                "disk_read": 1.0060076713562012,
                "disk_write": 20.909517288208008,
                "disk_used": 4.330837249755859,
                "disk_free": 23.67123794555664,
                "virtual_used": 2.6358261108398438,
                "virtual_free": 1.1111297607421875,
                "sample": 4
            },
            {
                "cpu_util": 50.0,
                "disk_read": 1.0060076713562012,
                "disk_write": 20.909517288208008,
                "disk_used": 4.330837249755859,
                "disk_free": 23.67123794555664,
                "virtual_used": 2.6358261108398438,
                "virtual_free": 1.1111297607421875,
                "sample": 5
            },
            {
                "cpu_util": 50.0,
                "disk_read": 1.0060076713562012,
                "disk_write": 20.909517288208008,
                "disk_used": 4.330837249755859,
                "disk_free": 23.67123794555664,
                "virtual_used": 2.6524620056152344,
                "virtual_free": 1.0944938659667969,
                "sample": 6
            },
            {
                "cpu_util": 52.6,
                "disk_read": 1.0060076713562012,
                "disk_write": 20.911745071411133,
                "disk_used": 4.330844879150391,
                "disk_free": 23.67123031616211,
                "virtual_used": 2.6495742797851562,
                "virtual_free": 1.097381591796875,
                "sample": 7
            },
            {
                "cpu_util": 52.2,
                "disk_read": 1.0060076713562012,
                "disk_write": 20.914335250854492,
                "disk_used": 4.331214904785156,
                "disk_free": 23.670860290527344,
                "virtual_used": 2.665569305419922,
                "virtual_free": 1.0813865661621094,
                "sample": 8
            },
            {
                "cpu_util": 68.4,
                "disk_read": 1.0060076713562012,
                "disk_write": 20.914979934692383,
                "disk_used": 4.336795806884766,
                "disk_free": 23.665279388427734,
                "virtual_used": 2.678516387939453,
                "virtual_free": 1.0684394836425781,
                "sample": 9
            },
            {
                "cpu_util": 54.2,
                "disk_read": 1.0060076713562012,
                "disk_write": 20.91859245300293,
                "disk_used": 4.336795806884766,
                "disk_free": 23.665279388427734,
                "virtual_used": 2.67559814453125,
                "virtual_free": 1.0713577270507812,
                "sample": 10
            },
            {
                "cpu_util": 55.0,
                "disk_read": 1.0060076713562012,
                "disk_write": 20.919740676879883,
                "disk_used": 4.336795806884766,
                "disk_free": 23.665279388427734,
                "virtual_used": 2.67608642578125,
                "virtual_free": 1.0708694458007812,
                "sample": 11
            },
            {
                "cpu_util": 47.6,
                "disk_read": 1.0060076713562012,
                "disk_write": 20.923059463500977,
                "disk_used": 4.336795806884766,
                "disk_free": 23.665279388427734,
                "virtual_used": 2.6739463806152344,
                "virtual_free": 1.0730094909667969,
                "sample": 12
            },
            {
                "cpu_util": 100.0,
                "disk_read": 1.0060076713562012,
                "disk_write": 20.93953514099121,
                "disk_used": 4.340877532958984,
                "disk_free": 23.661197662353516,
                "virtual_used": 2.686717987060547,
                "virtual_free": 1.0602378845214844,
                "sample": 13
            },
            {
                "cpu_util": 100.0,
                "disk_read": 1.0060076713562012,
                "disk_write": 20.969030380249023,
                "disk_used": 4.3484954833984375,
                "disk_free": 23.653579711914062,
                "virtual_used": 2.7239913940429688,
                "virtual_free": 1.0229644775390625,
                "sample": 14
            },
            {
                "cpu_util": 47.8,
                "disk_read": 1.0060076713562012,
                "disk_write": 20.97150993347168,
                "disk_used": 4.3484954833984375,
                "disk_free": 23.653579711914062,
                "virtual_used": 2.7457008361816406,
                "virtual_free": 1.0012550354003906,
                "sample": 15
            },
            {
                "cpu_util": 50.0,
                "disk_read": 1.0060076713562012,
                "disk_write": 20.974042892456055,
                "disk_used": 4.3484954833984375,
                "disk_free": 23.653579711914062,
                "virtual_used": 2.715068817138672,
                "virtual_free": 1.0318870544433594,
                "sample": 16
            },
            {
                "cpu_util": 56.0,
                "disk_read": 1.0060076713562012,
                "disk_write": 20.97620964050293,
                "disk_used": 4.3484954833984375,
                "disk_free": 23.653579711914062,
                "virtual_used": 2.7341041564941406,
                "virtual_free": 1.0128517150878906,
                "sample": 17
            },
            {
                "cpu_util": 68.4,
                "disk_read": 1.0060076713562012,
                "disk_write": 20.97914695739746,