{
    "delete": {
        "baseline": {
            "cpu_util": 5.0,
            "disk_read": 0.5854582786560059,
            "disk_write": 3.9307689666748047,
            "disk_used": 5.607601165771484,
            "disk_free": 22.394474029541016,
            "virtual_used": 0.9265174865722656,
            "virtual_free": 0.9393463134765625
        },
        "samples": [
            {
                "cpu_util": 0.0,
                "disk_read": 0.5854582786560059,
                "disk_write": 3.930814743041992,
                "disk_used": 5.607601165771484,
                "disk_free": 22.394474029541016,
                "virtual_used": 0.9265174865722656,
                "virtual_free": 0.9393463134765625,
                "sample": 1
            }
        ],
        "response_time": 0.0008749961853027344
    },
    "create": {
        "baseline": {
            "cpu_util": 4.8,
            "disk_read": 0.5854582786560059,
            "disk_write": 3.930814743041992,
            "disk_used": 5.607601165771484,
            "disk_free": 22.394474029541016,
            "virtual_used": 0.9265174865722656,
            "virtual_free": 0.9393463134765625
        },
        "samples": [
            {
                "cpu_util": 4.8,
                "disk_read": 0.5854582786560059,
                "disk_write": 3.9309635162353516,
                "disk_used": 5.607608795166016,
                "disk_free": 22.394466400146484,
                "virtual_used": 0.926513671875,
                "virtual_free": 0.9393501281738281,
                "sample": 1
            }
        ],
        "response_time": 0.01806354522705078
    },
    "replaceOneUnstruct": {
        "baseline": {
            "cpu_util": 0.0,
            "disk_read": 0.5854582786560059,
            "disk_write": 3.9309635162353516,
            "disk_used": 5.607608795166016,
            "disk_free": 22.394466400146484,
            "virtual_used": 0.926513671875,
            "virtual_free": 0.9393501281738281
        },
        "samples": [
            {
                "cpu_util": 0.0,
                "disk_read": 0.5854582786560059,
                "disk_write": 3.930967330932617,
                "disk_used": 5.607608795166016,
                "disk_free": 22.394466400146484,
                "virtual_used": 0.9265098571777344,
                "virtual_free": 0.9393539428710938,
                "sample": 1
            }
        ],
        "response_time": 0.0018835067749023438
    }
}