{
    "delete": {
        "baseline": {
            "cpu_util": 0.0,
            "disk_read": 0.5854582786560059,
            "disk_write": 3.930967330932617,
            "disk_used": 5.607612609863281,
            "disk_free": 22.39446258544922,
            "virtual_used": 0.9264793395996094,
            "virtual_free": 0.9393844604492188
        },
        "samples": [
            {
                "cpu_util": 4.8,
                "disk_read": 0.5854582786560059,
                "disk_write": 3.930971145629883,
                "disk_used": 5.607612609863281,
                "disk_free": 22.39446258544922,
                "virtual_used": 0.9264793395996094,
                "virtual_free": 0.9393844604492188,
                "sample": 1
            }
        ],
        "response_time": 0.001192331314086914
    },
    "create": {
        "baseline": {
            "cpu_util": 0.0,
            "disk_read": 0.5854582786560059,
            "disk_write": 3.930971145629883,
            "disk_used": 5.607612609863281,
            "disk_free": 22.39446258544922,
            "virtual_used": 0.9264793395996094,
            "virtual_free": 0.9393844604492188
        },
        "samples": [
            {
                "cpu_util": 5.0,
                "disk_read": 0.5854582786560059,
                "disk_write": 3.931154251098633,
                "disk_used": 5.6076202392578125,
                "disk_free": 22.394454956054688,
                "virtual_used": 0.9264717102050781,
                "virtual_free": 0.93939208984375,
                "sample": 1
            }
        ],
        "response_time": 0.019997835159301758
    },
    "replaceOneUnstruct": {
        "baseline": {
            "cpu_util": 0.0,
            "disk_read": 0.5854582786560059,
            "disk_write": 3.931154251098633,
            "disk_used": 5.6076202392578125,
            "disk_free": 22.394454956054688,
            "virtual_used": 0.9264717102050781,
            "virtual_free": 0.93939208984375
        },
        "samples": [
            {
                "cpu_util": 0.0,
                "disk_read": 0.5854582786560059,
                "disk_write": 3.9311580657958984,
                "disk_used": 5.6076202392578125,
                "disk_free": 22.394454956054688,
                "virtual_used": 0.9264678955078125,
                "virtual_free": 0.9393959045410156,
                "sample": 1
            }
        ],
        "response_time": 0.001936197280883789
    }
}