{
    "delete": {
        "baseline": {
            "cpu_util": 0.0,
            "disk_read": 0.5024333000183105,
            "disk_write": 5.382200241088867,
            "disk_used": 3.880329132080078,
            "disk_free": 24.121746063232422,
            "virtual_used": 0.9933242797851562,
            "virtual_free": 0.8725433349609375
        },
        "samples": [
            {
                "cpu_util": 0.0,
                "disk_read": 0.5024333000183105,
                "disk_write": 5.382204055786133,
                "disk_used": 3.8803329467773438,
                "disk_free": 24.121742248535156,
                "virtual_used": 0.9935646057128906,
                "virtual_free": 0.8723030090332031,
                "sample": 1
            }
        ],
        "response_time": 0.0010848045349121094
    },
    "create": {
        "baseline": {
            "cpu_util": 9.1,
            "disk_read": 0.5024333000183105,
            "disk_write": 5.382204055786133,
            "disk_used": 3.8803329467773438,
            "disk_free": 24.121742248535156,
            "virtual_used": 0.9935150146484375,
            "virtual_free": 0.8723526000976562
        },
        "samples": [
            {
                "cpu_util": 0.0,
                "disk_read": 0.5024333000183105,
                "disk_write": 5.382375717163086,
                "disk_used": 3.880340576171875,
                "disk_free": 24.121734619140625,
                "virtual_used": 0.9935035705566406,
                "virtual_free": 0.8723640441894531,
                "sample": 1
            }
        ],
        "response_time": 0.019694089889526367
    },
    "readOneStruct": {
        "baseline": {
            "cpu_util": 0.0,
            "disk_read": 0.5024333000183105,
            "disk_write": 5.382375717163086,
            "disk_used": 3.880340576171875,
            "disk_free": 24.121734619140625,
            "virtual_used": 0.9935035705566406,
            "virtual_free": 0.8723640441894531
        },
        "samples": [
            {
                "cpu_util": 0.0,
                "disk_read": 0.5024333000183105,
                "disk_write": 5.382375717163086,
                "disk_used": 3.880340576171875,
                "disk_free": 24.121734619140625,
                "virtual_used": 0.9935035705566406,
                "virtual_free": 0.8723640441894531,
                "sample": 1
            }
        ],
        "response_time": 0.0018227100372314453
    }
}