{
    "delete": {
        "baseline": {
            "cpu_util": 0.0,
            "disk_read": 0.34626102447509766,
            "disk_write": 3.187349319458008,
            "disk_used": 4.041835784912109,
            "disk_free": 23.96023941040039,
            "virtual_used": 0.9230461120605469,
            "virtual_free": 0.9428215026855469
        },
        "samples": [
            {
                "cpu_util": 0.0,
                "disk_read": 0.34626102447509766,
                "disk_write": 3.1873836517333984,
                "disk_used": 4.041835784912109,
                "disk_free": 23.96023941040039,
                "virtual_used": 0.9230422973632812,
                "virtual_free": 0.9428253173828125,
                "sample": 1
            }
        ],
        "response_time": 0.0008661746978759766
    },
    "create": {
        "baseline": {
            "cpu_util": 0.0,
            "disk_read": 0.34626102447509766,
            "disk_write": 3.1873836517333984,
            "disk_used": 4.041835784912109,
            "disk_free": 23.96023941040039,
            "virtual_used": 0.9230422973632812,
            "virtual_free": 0.9428253173828125
        },
        "samples": [
            {
                "cpu_util": 5.0,
                "disk_read": 0.34626102447509766,
                "disk_write": 3.187540054321289,
                "disk_used": 4.041843414306641,
                "disk_free": 23.96023178100586,
                "virtual_used": 0.9230232238769531,
                "virtual_free": 0.9428443908691406,
                "sample": 1
            }
        ],
        "response_time": 0.010463237762451172
    },
    "insertOneThenUpdateTimestampUnstruct": {
        "baseline": {
            "cpu_util": 0.0,
            "disk_read": 0.34626102447509766,
            "disk_write": 3.187540054321289,
            "disk_used": 4.041843414306641,
            "disk_free": 23.96023178100586,
            "virtual_used": 0.9230232238769531,
            "virtual_free": 0.9428443908691406
        },
        "samples": [
            {
                "cpu_util": 4.8,
                "disk_read": 0.34626102447509766,
                "disk_write": 3.1875438690185547,
                "disk_used": 4.041843414306641,
                "disk_free": 23.96023178100586,
                "virtual_used": 0.9230232238769531,
                "virtual_free": 0.9428443908691406,
                "sample": 1
            }
        ],
        "response_time": 0.0015010833740234375
    }
}