{
    "delete": {
        "baseline": {
            "cpu_util": 55.0,
            "disk_read": 1.4436326026916504,
            "disk_write": 28.781789779663086,
            "disk_used": 4.948234558105469,
            "disk_free": 23.05384063720703,
            "virtual_used": 2.9972381591796875,
            "virtual_free": 0.7497138977050781
        },
        "samples": [
            {
                "cpu_util": 52.4,
                "disk_read": 1.4436326026916504,
                "disk_write": 28.78179359436035,
                "disk_used": 4.948234558105469,
                "disk_free": 23.05384063720703,
                "virtual_used": 2.9972381591796875,
                "virtual_free": 0.7497138977050781,
                "sample": 1
            }
        ],
        "response_time": 0.0009715557098388672
    },
    "create": {
        "baseline": {
            "cpu_util": 52.6,
            "disk_read": 1.4436326026916504,
            "disk_write": 28.78182029724121,
            "disk_used": 4.948234558105469,
            "disk_free": 23.05384063720703,
            "virtual_used": 2.9972381591796875,
            "virtual_free": 0.7497138977050781
        },
        "samples": [
            {
                "cpu_util": 52.6,
                "disk_read": 1.4436326026916504,
                "disk_write": 28.781965255737305,
                "disk_used": 4.9482421875,
                "disk_free": 23.0538330078125,
                "virtual_used": 2.9972381591796875,
                "virtual_free": 0.7497138977050781,
                "sample": 1
            }
        ],
        "response_time": 0.0211331844329834
    },
    "updateOneStruct": {
        "baseline": {
            "cpu_util": 50.0,
            "disk_read": 1.4436326026916504,
            "disk_write": 28.78199577331543,
            "disk_used": 4.9482421875,
            "disk_free": 23.0538330078125,
            "virtual_used": 2.9971923828125,
            "virtual_free": 0.7497596740722656
        },
        "samples": [
            {
                "cpu_util": 52.6,
                "disk_read": 1.4436326026916504,
                "disk_write": 28.781999588012695,
                "disk_used": 4.9482421875,
                "disk_free": 23.0538330078125,
                "virtual_used": 2.9971923828125,
                "virtual_free": 0.7497596740722656,
                "sample": 1
            }
        ],
        "response_time": 0.0020575523376464844
    }
}