{
    "delete": {
        "baseline": {
            "cpu_util": 5.0,
            "disk_read": 0.38317441940307617,
            "disk_write": 2.8079280853271484,
            "disk_used": 4.004787445068359,
            "disk_free": 23.99728775024414,
            "virtual_used": 1.101318359375,
            "virtual_free": 0.7645492553710938
        },
        "samples": [
            {
                "cpu_util": 0.0,
                "disk_read": 0.38317441940307617,
                "disk_write": 2.807931900024414,
                "disk_used": 4.004787445068359,
                "disk_free": 23.99728775024414,
                "virtual_used": 1.101318359375,
                "virtual_free": 0.7645492553710938,
                "sample": 1
            }
        ],
        "response_time": 0.0034101009368896484
    },
    "create": {
        "baseline": {
            "cpu_util": 0.0,
            "disk_read": 0.38317441940307617,
            "disk_write": 2.807931900024414,
            "disk_used": 4.004787445068359,
            "disk_free": 23.99728775024414,
            "virtual_used": 1.101318359375,
            "virtual_free": 0.7645492553710938
        },
        "samples": [
            {
                "cpu_util": 54.0,
                "disk_read": 0.38317441940307617,
                "disk_write": 2.8080081939697266,
                "disk_used": 4.004791259765625,
                "disk_free": 23.997283935546875,
                "virtual_used": 1.0936164855957031,
                "virtual_free": 0.7722511291503906,
                "sample": 1
            },
            {
                "cpu_util": 57.1,
                "disk_read": 0.38317441940307617,
                "disk_write": 2.8080081939697266,
                "disk_used": 4.004791259765625,
                "disk_free": 23.997283935546875,
                "virtual_used": 1.0917930603027344,
                "virtual_free": 0.7740745544433594,
                "sample": 2
            },
            {
                "cpu_util": 50.0,
                "disk_read": 0.38317441940307617,
                "disk_write": 2.810781478881836,
                "disk_used": 4.004798889160156,
                "disk_free": 23.997276306152344,
                "virtual_used": 1.0894966125488281,
                "virtual_free": 0.7763710021972656,
                "sample": 3
            },
            {
                "cpu_util": 57.9,
                "disk_read": 0.38317441940307617,
                "disk_write": 2.815614700317383,
                "disk_used": 4.00482177734375,
                "disk_free": 23.99725341796875,
                "virtual_used": 1.0861930847167969,
                "virtual_free": 0.7796745300292969,
                "sample": 4
            },
            {
                "cpu_util": 95.0,
                "disk_read": 0.38317441940307617,
                "disk_write": 2.817636489868164,
                "disk_used": 4.011905670166016,
                "disk_free": 23.990169525146484,
                "virtual_used": 1.0970993041992188,
                "virtual_free": 0.768768310546875,
                "sample": 5
            }
        ],
        "response_time": 1.3083930015563965
    },
    "updateManyUnstruct": {
        "baseline": {
            "cpu_util": 5.0,
            "disk_read": 0.38317441940307617,
            "disk_write": 2.817636489868164,
            "disk_used": 4.011905670166016,
            "disk_free": 23.990169525146484,
            "virtual_used": 1.0970039367675781,
            "virtual_free": 0.7688636779785156
        },
        "samples": [
            {
                "cpu_util": 61.9,
                "disk_read": 0.38317441940307617,
                "disk_write": 2.818399429321289,
                "disk_used": 4.0119476318359375,
                "disk_free": 23.990127563476562,
                "virtual_used": 1.0967140197753906,
                "virtual_free": 0.7691535949707031,
                "sample": 1
            },
            {
                "cpu_util": 66.7,
                "disk_read": 0.38317441940307617,
                "disk_write": 2.8191471099853516,
                "disk_used": 4.0119476318359375,
                "disk_free": 23.990127563476562,
                "virtual_used": 1.0978660583496094,
                "virtual_free": 0.7680015563964844,
                "sample": 2
            },
            {
                "cpu_util": 60.0,
                "disk_read": 0.38317441940307617,
                "disk_write": 2.8211536407470703,
                "disk_used": 4.011989593505859,
                "disk_free": 23.99008560180664,
                "virtual_used": 1.0997657775878906,
                "virtual_free": 0.7661018371582031,
                "sample": 3
            },
            {
                "cpu_util": 65.0,
                "disk_read": 0.38317441940307617,
                "disk_write": 2.8234386444091797,
                "disk_used": 4.012081146240234,
                "disk_free": 23.989994049072266,
                "virtual_used": 1.0975379943847656,
                "virtual_free": 0.7683296203613281,
                "sample": 4
            },
            {
                "cpu_util": 57.1,
                "disk_read": 0.38317441940307617,
                "disk_write": 2.8258304595947266,
                "disk_used": 4.012187957763672,
                "disk_free": 23.989887237548828,
                "virtual_used": 1.0951118469238281,
                "virtual_free": 0.7707557678222656,
                "sample": 5
            },
            {
                "cpu_util": 57.1,
                "disk_read": 0.38317441940307617,
                "disk_write": 2.8275699615478516,
                "disk_used": 4.014068603515625,
                "disk_free": 23.988006591796875,
                "virtual_used": 1.0920028686523438,
                "virtual_free": 0.77386474609375,
                "sample": 6
            },
            {
                "cpu_util": 23.8,
                "disk_read": 0.38317441940307617,
                "disk_write": 2.829286575317383,
                "disk_used": 4.014068603515625,
                "disk_free": 23.988006591796875,
                "virtual_used": 1.0906600952148438,
                "virtual_free": 0.77520751953125,
                "sample": 7
            }
        ],
        "response_time": 1.2360661029815674
    }
}