{
    "delete": {
        "baseline": {
            "cpu_util": 0.0,
            "disk_read": 0.34623050689697266,
            "disk_write": 3.0183048248291016,
            "disk_used": 3.8431243896484375,
            "disk_free": 24.158950805664062,
            "virtual_used": 0.9609756469726562,
            "virtual_free": 0.9048919677734375
        },
        "samples": [
            {
                "cpu_util": 0.0,
                "disk_read": 0.34623050689697266,
                "disk_write": 3.018308639526367,
                "disk_used": 3.843128204345703,
                "disk_free": 24.158946990966797,
                "virtual_used": 0.9609756469726562,
                "virtual_free": 0.9048919677734375,
                "sample": 1
            }
        ],
        "response_time": 0.0008945465087890625
    },
    "create": {
        "baseline": {
            "cpu_util": 0.0,
            "disk_read": 0.34623050689697266,
            "disk_write": 3.018308639526367,
            "disk_used": 3.843128204345703,
            "disk_free": 24.158946990966797,
            "virtual_used": 0.9609718322753906,
            "virtual_free": 0.9048957824707031
        },
        "samples": [
            {
                "cpu_util": 13.6,
                "disk_read": 0.34623050689697266,
                "disk_write": 3.018587112426758,
                "disk_used": 3.8431358337402344,
                "disk_free": 24.158939361572266,
                "virtual_used": 0.96087646484375,
                "virtual_free": 0.9049911499023438,
                "sample": 1
            }
        ],
        "response_time": 0.01691579818725586
    },
    "aggregateUnstruct": {
        "baseline": {
            "cpu_util": 9.5,
            "disk_read": 0.34623050689697266,
            "disk_write": 3.018644332885742,
            "disk_used": 3.8431396484375,
            "disk_free": 24.158935546875,
            "virtual_used": 0.9608116149902344,
            "virtual_free": 0.9050559997558594
        },
        "samples": [
            {
                "cpu_util": 0.0,
                "disk_read": 0.34623050689697266,
                "disk_write": 3.018644332885742,
                "disk_used": 3.8431396484375,
                "disk_free": 24.158935546875,
                "virtual_used": 0.9608116149902344,
                "virtual_free": 0.9050559997558594,
                "sample": 1
            }
        ],
        "response_time": 0.0020377635955810547
    }
}