{
    "delete": {
        "baseline": {
            "cpu_util": 55.0,
            "disk_read": 1.4460244178771973,
            "disk_write": 28.91715431213379,
            "disk_used": 5.058799743652344,
            "disk_free": 22.943275451660156,
            "virtual_used": 2.9997940063476562,
            "virtual_free": 0.7471580505371094
        },
        "samples": [
            {
                "cpu_util": 47.6,
                "disk_read": 1.4460244178771973,
                "disk_write": 28.917158126831055,
                "disk_used": 5.058799743652344,
                "disk_free": 22.943275451660156,
                "virtual_used": 2.9997291564941406,
                "virtual_free": 0.747222900390625,
                "sample": 1
            }
        ],
        "response_time": 0.0010895729064941406
    },
    "create": {
        "baseline": {
            "cpu_util": 50.0,
            "disk_read": 1.4460244178771973,
            "disk_write": 28.917207717895508,
            "disk_used": 5.058799743652344,
            "disk_free": 22.943275451660156,
            "virtual_used": 2.9997291564941406,
            "virtual_free": 0.747222900390625
        },
        "samples": [
            {
                "cpu_util": 100.0,
                "disk_read": 1.4460244178771973,
                "disk_write": 28.91721534729004,
                "disk_used": 5.060802459716797,
                "disk_free": 22.941272735595703,
                "virtual_used": 2.999744415283203,
                "virtual_free": 0.7472076416015625,
                "sample": 1
            },
            {
                "cpu_util": 57.1,
                "disk_read": 1.4460244178771973,
                "disk_write": 28.917871475219727,
                "disk_used": 5.060813903808594,
                "disk_free": 22.941261291503906,
                "virtual_used": 2.9989852905273438,
                "virtual_free": 0.7479667663574219,
                "sample": 2
            }
        ],
        "response_time": 0.3137657642364502
    },
    "updateManyStruct": {
        "baseline": {
            "cpu_util": 52.6,
            "disk_read": 1.4460244178771973,
            "disk_write": 28.917879104614258,
            "disk_used": 5.060813903808594,
            "disk_free": 22.941261291503906,
            "virtual_used": 2.9989776611328125,
            "virtual_free": 0.7479743957519531
        },
        "samples": [
            {
                "cpu_util": 100.0,
                "disk_read": 1.4460244178771973,
                "disk_write": 28.918832778930664,
                "disk_used": 5.060813903808594,
                "disk_free": 22.941261291503906,
                "virtual_used": 2.9993247985839844,
                "virtual_free": 0.7476272583007812,
                "sample": 1
            }
        ],
        "response_time": 0.17307281494140625
    }
}