{
    "delete": {
        "baseline": {
            "cpu_util": 0.0,
            "disk_read": 16.913687229156494,
            "disk_write": 4.096837997436523,
            "disk_used": 3.910022735595703,
            "disk_free": 24.092052459716797,
            "virtual_used": 0.9795265197753906,
            "virtual_free": 0.8863410949707031
        },
        "samples": [
            {
                "cpu_util": 0.0,
                "disk_read": 16.913687229156494,
                "disk_write": 4.096841812133789,
                "disk_used": 3.910022735595703,
                "disk_free": 24.092052459716797,
                "virtual_used": 0.9795265197753906,
                "virtual_free": 0.8863410949707031,
                "sample": 1
            }
        ],
        "response_time": 0.0008885860443115234
    },
    "create": {
        "baseline": {
            "cpu_util": 0.0,
            "disk_read": 16.913687229156494,
            "disk_write": 4.096841812133789,
            "disk_used": 3.910022735595703,
            "disk_free": 24.092052459716797,
            "virtual_used": 0.9795265197753906,
            "virtual_free": 0.8863410949707031
        },
        "samples": [
            {
                "cpu_util": 42.9,
                "disk_read": 16.913687229156494,
                "disk_write": 4.097024917602539,
                "disk_used": 3.9100341796875,
                "disk_free": 24.092041015625,
                "virtual_used": 0.9794044494628906,
                "virtual_free": 0.8864631652832031,
                "sample": 1
            }
        ],
        "response_time": 0.10550069808959961
    },
    "replaceOneStruct": {
        "baseline": {
            "cpu_util": 0.0,
            "disk_read": 16.913687229156494,
            "disk_write": 4.097509384155273,
            "disk_used": 3.9100341796875,
            "disk_free": 24.092041015625,
            "virtual_used": 0.9793434143066406,
            "virtual_free": 0.8865242004394531
        },
        "samples": [
            {
                "cpu_util": 5.0,
                "disk_read": 16.913687229156494,
                "disk_write": 4.097509384155273,
                "disk_used": 3.9100341796875,
                "disk_free": 24.092041015625,
                "virtual_used": 0.9793434143066406,
                "virtual_free": 0.8865242004394531,
                "sample": 1
            }
        ],
        "response_time": 0.007097959518432617
    }
}