{
    "delete": {
        "baseline": {
            "cpu_util": 0.0,
            "disk_read": 0.7575182914733887,
            "disk_write": 15.597726821899414,
            "disk_used": 4.006572723388672,
            "disk_free": 23.995502471923828,
            "virtual_used": 1.6204605102539062,
            "virtual_free": 2.126495361328125
        },
        "samples": [
            {
                "cpu_util": 0.0,
                "disk_read": 0.7575182914733887,
                "disk_write": 15.59773063659668,
                "disk_used": 4.0065765380859375,
                "disk_free": 23.995498657226562,
                "virtual_used": 1.6204566955566406,
                "virtual_free": 2.1264991760253906,
                "sample": 1
            }
        ],
        "response_time": 0.0008809566497802734
    },
    "create": {
        "baseline": {
            "cpu_util": 0.0,
            "disk_read": 0.7575182914733887,
            "disk_write": 15.59773063659668,
            "disk_used": 4.0065765380859375,
            "disk_free": 23.995498657226562,
            "virtual_used": 1.6203689575195312,
            "virtual_free": 2.1265869140625
        },
        "samples": [
            {
                "cpu_util": 5.0,
                "disk_read": 0.7575182914733887,
                "disk_write": 15.59794807434082,
                "disk_used": 4.006584167480469,
                "disk_free": 23.99549102783203,
                "virtual_used": 1.62030029296875,
                "virtual_free": 2.1266555786132812,
                "sample": 1
            }
        ],
        "response_time": 0.027780771255493164
    },
    "insertManyThenDeleteManyStruct": {
        "baseline": {
            "cpu_util": 0.0,
            "disk_read": 0.7575182914733887,
            "disk_write": 15.597963333129883,
            "disk_used": 4.006584167480469,
            "disk_free": 23.99549102783203,
            "virtual_used": 1.62030029296875,
            "virtual_free": 2.1266555786132812
        },
        "samples": [
            {
                "cpu_util": 52.0,
                "disk_read": 0.7575182914733887,
                "disk_write": 15.597963333129883,
                "disk_used": 4.006584167480469,
                "disk_free": 23.99549102783203,
                "virtual_used": 1.62030029296875,
                "virtual_free": 2.1266555786132812,
                "sample": 1
            },
            {
                "cpu_util": 52.6,
                "disk_read": 0.7575182914733887,
                "disk_write": 15.599420547485352,
                "disk_used": 4.006584167480469,
                "disk_free": 23.99549102783203,
                "virtual_used": 1.6173324584960938,
                "virtual_free": 2.1296234130859375,
                "sample": 2
            },
            {
                "cpu_util": 47.6,
                "disk_read": 0.7575182914733887,
                "disk_write": 15.60090446472168,
                "disk_used": 4.007453918457031,
                "disk_free": 23.99462127685547,
                "virtual_used": 1.6134414672851562,
                "virtual_free": 2.133514404296875,
                "sample": 3
            },
            {
                "cpu_util": 47.4,
                "disk_read": 0.7575182914733887,
                "disk_write": 15.603006362915039,
                "disk_used": 4.007484436035156,
                "disk_free": 23.994590759277344,
                "virtual_used": 1.6115913391113281,
                "virtual_free": 2.135364532470703,
                "sample": 4
            },
            {
                "cpu_util": 23.8,
                "disk_read": 0.7575182914733887,
                "disk_write": 15.603986740112305,
                "disk_used": 4.008045196533203,
                "disk_free": 23.994029998779297,
                "virtual_used": 1.6103553771972656,
                "virtual_free": 2.1366004943847656,
                "sample": 5
            }
        ],
        "response_time": 0.9947197437286377
    }
}