{
    "delete": {
        "baseline": {
            "cpu_util": 47.4,
            "disk_read": 1.4436326026916504,
            "disk_write": 28.783361434936523,
            "disk_used": 4.9483184814453125,
            "disk_free": 23.053756713867188,
            "virtual_used": 2.9972000122070312,
            "virtual_free": 0.7497520446777344
        },
        "samples": [
            {
                "cpu_util": 55.6,
                "disk_read": 1.4436326026916504,
                "disk_write": 28.783403396606445,
                "disk_used": 4.9483184814453125,
                "disk_free": 23.053756713867188,
                "virtual_used": 2.997180938720703,
                "virtual_free": 0.7497711181640625,
                "sample": 1
            }
        ],
        "response_time": 0.0009140968322753906
    },
    "create": {
        "baseline": {
            "cpu_util": 52.4,
            "disk_read": 1.4436326026916504,
            "disk_write": 28.783411026000977,
            "disk_used": 4.9483184814453125,
            "disk_free": 23.053756713867188,
            "virtual_used": 2.997180938720703,
            "virtual_free": 0.7497711181640625
        },
        "samples": [
            {
                "cpu_util": 55.0,
                "disk_read": 1.4436326026916504,
                "disk_write": 28.783597946166992,
                "disk_used": 4.948326110839844,
                "disk_free": 23.053749084472656,
                "virtual_used": 2.9971542358398438,
                "virtual_free": 0.7497978210449219,
                "sample": 1
            }
        ],
        "response_time": 0.022502660751342773
    },
    "updateManyStruct": {
        "baseline": {
            "cpu_util": 52.4,
            "disk_read": 1.4436326026916504,
            "disk_write": 28.783620834350586,
            "disk_used": 4.948326110839844,
            "disk_free": 23.053749084472656,
            "virtual_used": 2.9971466064453125,
            "virtual_free": 0.7498054504394531
        },
        "samples": [
            {
                "cpu_util": 55.0,
                "disk_read": 1.4436326026916504,
                "disk_write": 28.783658981323242,
                "disk_used": 4.948326110839844,
                "disk_free": 23.053749084472656,
                "virtual_used": 2.9971466064453125,
                "virtual_free": 0.7498054504394531,
                "sample": 1
            }
        ],
        "response_time": 0.0026388168334960938
    }
}