{
    "delete": {
        "baseline": {
            "cpu_util": 0.0,
            "disk_read": 0.4398331642150879,
            "disk_write": 3.628683090209961,
            "disk_used": 4.040122985839844,
            "disk_free": 23.961952209472656,
            "virtual_used": 1.0540275573730469,
            "virtual_free": 0.8118400573730469
        },
        "samples": [
            {
                "cpu_util": 0.0,
                "disk_read": 0.4398331642150879,
                "disk_write": 3.6286869049072266,
                "disk_used": 4.040122985839844,
                "disk_free": 23.961952209472656,
                "virtual_used": 1.0540275573730469,
                "virtual_free": 0.8118400573730469,
                "sample": 1
            }
        ],
        "response_time": 0.0009043216705322266
    },
    "create": {
        "baseline": {
            "cpu_util": 0.0,
            "disk_read": 0.4398331642150879,
            "disk_write": 3.6286869049072266,
            "disk_used": 4.040122985839844,
            "disk_free": 23.961952209472656,
            "virtual_used": 1.0540237426757812,
            "virtual_free": 0.8118438720703125
        },
        "samples": [
            {
                "cpu_util": 9.5,
                "disk_read": 0.4398331642150879,
                "disk_write": 3.6288814544677734,
                "disk_used": 4.040134429931641,
                "disk_free": 23.96194076538086,
                "virtual_used": 1.0542259216308594,
                "virtual_free": 0.8116416931152344,
                "sample": 1
            }
        ],
        "response_time": 0.014479875564575195
    },
    "readOneUnstruct": {
        "baseline": {
            "cpu_util": 4.8,
            "disk_read": 0.4398331642150879,
            "disk_write": 3.6288814544677734,
            "disk_used": 4.040134429931641,
            "disk_free": 23.96194076538086,
            "virtual_used": 1.0542259216308594,
            "virtual_free": 0.8116416931152344
        },
        "samples": [
            {
                "cpu_util": 0.0,
                "disk_read": 0.4398331642150879,
                "disk_write": 3.6288814544677734,
                "disk_used": 4.040134429931641,
                "disk_free": 23.96194076538086,
                "virtual_used": 1.0542259216308594,
                "virtual_free": 0.8116416931152344,
                "sample": 1
            }
        ],
        "response_time": 0.0018002986907958984
    }
}