{
    "delete": {
        "baseline": {
            "cpu_util": 0.0,
            "disk_read": 0.32379674911499023,
            "disk_write": 1.6714801788330078,
            "disk_used": 3.7305335998535156,
            "disk_free": 24.271541595458984,
            "virtual_used": 1.4232215881347656,
            "virtual_free": 2.3237380981445312
        },
        "samples": [
            {
                "cpu_util": 4.8,
                "disk_read": 0.32379674911499023,
                "disk_write": 1.6714839935302734,
                "disk_used": 3.7305335998535156,
                "disk_free": 24.271541595458984,
                "virtual_used": 1.4232215881347656,
                "virtual_free": 2.3237380981445312,
                "sample": 1
            }
        ],
        "response_time": 0.0008883476257324219
    },
    "create": {
        "baseline": {
            "cpu_util": 0.0,
            "disk_read": 0.32379674911499023,
            "disk_write": 1.6714839935302734,
            "disk_used": 3.7305335998535156,
            "disk_free": 24.271541595458984,
            "virtual_used": 1.4232215881347656,
            "virtual_free": 2.3237380981445312
        },
        "samples": [
            {
                "cpu_util": 52.0,
                "disk_read": 0.32379674911499023,
                "disk_write": 1.6714839935302734,
                "disk_used": 3.7305335998535156,
                "disk_free": 24.271541595458984,
                "virtual_used": 1.4239158630371094,
                "virtual_free": 2.3230438232421875,
                "sample": 1
            },
            {
                "cpu_util": 60.9,
                "disk_read": 0.32379674911499023,
                "disk_write": 1.6716175079345703,
                "disk_used": 3.730541229248047,
                "disk_free": 24.271533966064453,
                "virtual_used": 1.4270668029785156,
                "virtual_free": 2.3198928833007812,
                "sample": 2
            },
            {
                "cpu_util": 50.0,
                "disk_read": 0.32379674911499023,
                "disk_write": 1.676412582397461,
                "disk_used": 3.730541229248047,
                "disk_free": 24.271533966064453,
                "virtual_used": 1.430084228515625,
                "virtual_free": 2.316875457763672,
                "sample": 3
            },
            {
                "cpu_util": 57.1,
                "disk_read": 0.32379674911499023,
                "disk_write": 1.6792316436767578,
                "disk_used": 3.7305450439453125,
                "disk_free": 24.271530151367188,
                "virtual_used": 1.4260482788085938,
                "virtual_free": 2.320911407470703,
                "sample": 4
            }
        ],
        "response_time": 0.8276088237762451
    },
    "updateManyUnstruct": {
        "baseline": {
            "cpu_util": 4.8,
            "disk_read": 0.32379674911499023,
            "disk_write": 1.6810283660888672,
            "disk_used": 3.7305450439453125,
            "disk_free": 24.271530151367188,
            "virtual_used": 1.4259376525878906,
            "virtual_free": 2.3210220336914062
        },
        "samples": [
            {
                "cpu_util": 63.6,
                "disk_read": 0.32379674911499023,
                "disk_write": 1.6810626983642578,
                "disk_used": 3.730754852294922,
                "disk_free": 24.271320343017578,
                "virtual_used": 1.4257392883300781,
                "virtual_free": 2.3212203979492188,
                "sample": 1
            },
            {
                "cpu_util": 95.0,
                "disk_read": 0.32379674911499023,
                "disk_write": 1.682168960571289,
                "disk_used": 3.7350120544433594,
                "disk_free": 24.26706314086914,
                "virtual_used": 1.4237022399902344,
                "virtual_free": 2.3232574462890625,
                "sample": 2
            },
            {
                "cpu_util": 70.0,
                "disk_read": 0.32379674911499023,
                "disk_write": 1.6838550567626953,
                "disk_used": 3.740772247314453,
                "disk_free": 24.261302947998047,
                "virtual_used": 1.4272193908691406,
                "virtual_free": 2.3197402954101562,
                "sample": 3
            },
            {
                "cpu_util": 55.0,
                "disk_read": 0.32379674911499023,
                "disk_write": 1.6866779327392578,
                "disk_used": 3.740772247314453,
                "disk_free": 24.261302947998047,
                "virtual_used": 1.4255714416503906,
                "virtual_free": 2.3213882446289062,
                "sample": 4
            },
            {
                "cpu_util": 52.4,
                "disk_read": 0.32379674911499023,
                "disk_write": 1.688436508178711,
                "disk_used": 3.740772247314453,
                "disk_free": 24.261302947998047,
                "virtual_used": 1.4264717102050781,
                "virtual_free": 2.3204879760742188,
                "sample": 5
            },
            {
                "cpu_util": 55.0,
                "disk_read": 0.32379674911499023,
                "disk_write": 1.6906681060791016,
                "disk_used": 3.740772247314453,
                "disk_free": 24.261302947998047,
                "virtual_used": 1.4358787536621094,
                "virtual_free": 2.3110809326171875,
                "sample": 6
            },
            {
                "cpu_util": 9.5,
                "disk_read": 0.32379674911499023,
                "disk_write": 1.692636489868164,
                "disk_used": 3.740772247314453,
                "disk_free": 24.261302947998047,
                "virtual_used": 1.4345207214355469,
                "virtual_free": 2.31243896484375,
                "sample": 7
            }
        ],
        "response_time": 1.2105185985565186
    }
}