{
    "delete": {
        "baseline": {
            "cpu_util": 4.8,
            "disk_read": 0.3495025634765625,
            "disk_write": 6.477346420288086,
            "disk_used": 4.310665130615234,
            "disk_free": 23.691410064697266,
            "virtual_used": 2.800457000732422,
            "virtual_free": 0.9465103149414062
        },
        "samples": [
            {
                "cpu_util": 4.8,
                "disk_read": 0.3495025634765625,
                "disk_write": 6.477350234985352,
                "disk_used": 4.3106689453125,
                "disk_free": 23.69140625,
                "virtual_used": 2.800457000732422,
                "virtual_free": 0.9465103149414062,
                "sample": 1
            }
        ],
        "response_time": 0.0012273788452148438
    },
    "create": {
        "baseline": {
            "cpu_util": 0.0,
            "disk_read": 0.3495025634765625,
            "disk_write": 6.477350234985352,
            "disk_used": 4.3106689453125,
            "disk_free": 23.69140625,
            "virtual_used": 2.800457000732422,
            "virtual_free": 0.9465103149414062
        },
        "samples": [
            {
                "cpu_util": 52.0,
                "disk_read": 0.3495025634765625,
                "disk_write": 6.477350234985352,
                "disk_used": 4.3106689453125,
                "disk_free": 23.69140625,
                "virtual_used": 2.800445556640625,
                "virtual_free": 0.9465217590332031,
                "sample": 1
            },
            {
                "cpu_util": 50.0,
                "disk_read": 0.3495025634765625,
                "disk_write": 6.477350234985352,
                "disk_used": 4.3106689453125,
                "disk_free": 23.69140625,
                "virtual_used": 2.8040504455566406,
                "virtual_free": 0.9429168701171875,
                "sample": 2
            },
            {
                "cpu_util": 50.0,
                "disk_read": 0.3495025634765625,
                "disk_write": 6.477350234985352,
                "disk_used": 4.3106689453125,
                "disk_free": 23.69140625,
                "virtual_used": 2.8117141723632812,
                "virtual_free": 0.9352531433105469,
                "sample": 3
            },
            {
                "cpu_util": 61.5,
                "disk_read": 0.3495025634765625,
                "disk_write": 6.477384567260742,
                "disk_used": 4.310672760009766,
                "disk_free": 23.691402435302734,
                "virtual_used": 2.8232460021972656,
                "virtual_free": 0.9237213134765625,
                "sample": 4
            },
            {
                "cpu_util": 52.0,
                "disk_read": 0.3495025634765625,
                "disk_write": 6.477384567260742,
                "disk_used": 4.310672760009766,
                "disk_free": 23.691402435302734,
                "virtual_used": 2.8232460021972656,
                "virtual_free": 0.9237213134765625,
                "sample": 5
            },
            {
                "cpu_util": 50.0,
                "disk_read": 0.3495025634765625,
                "disk_write": 6.477384567260742,
                "disk_used": 4.310672760009766,
                "disk_free": 23.691402435302734,
                "virtual_used": 2.8371734619140625,
                "virtual_free": 0.9097938537597656,
                "sample": 6
            },
            {
                "cpu_util": 54.2,
                "disk_read": 0.3495025634765625,
                "disk_write": 6.477384567260742,
                "disk_used": 4.310672760009766,
                "disk_free": 23.691402435302734,
                "virtual_used": 2.860858917236328,
                "virtual_free": 0.8861083984375,
                "sample": 7
            },
            {
                "cpu_util": 47.6,
                "disk_read": 0.3495025634765625,
                "disk_write": 6.479475021362305,
                "disk_used": 4.310680389404297,
                "disk_free": 23.691394805908203,
                "virtual_used": 2.8652610778808594,
                "virtual_free": 0.8817062377929688,
                "sample": 8
            },
            {
                "cpu_util": 52.2,
                "disk_read": 0.3495025634765625,
                "disk_write": 6.482221603393555,
                "disk_used": 4.310680389404297,
                "disk_free": 23.691394805908203,
                "virtual_used": 2.8629493713378906,
                "virtual_free": 0.8840179443359375,
                "sample": 9
            },
            {
                "cpu_util": 50.0,
                "disk_read": 0.3495025634765625,
                "disk_write": 6.483026504516602,
                "disk_used": 4.310680389404297,
                "disk_free": 23.691394805908203,
                "virtual_used": 2.850505828857422,
                "virtual_free": 0.8964614868164062,
                "sample": 10
            },
            {
                "cpu_util": 100.0,
                "disk_read": 0.3495025634765625,
                "disk_write": 6.484392166137695,
                "disk_used": 4.317615509033203,
                "disk_free": 23.684459686279297,
                "virtual_used": 2.8736572265625,
                "virtual_free": 0.8733100891113281,
                "sample": 11
            },
            {
                "cpu_util": 52.4,
                "disk_read": 0.3495025634765625,
                "disk_write": 6.486913681030273,
                "disk_used": 4.317615509033203,
                "disk_free": 23.684459686279297,
                "virtual_used": 2.8745155334472656,
                "virtual_free": 0.8724517822265625,
                "sample": 12
            },
            {
                "cpu_util": 50.0,
                "disk_read": 0.3495025634765625,
                "disk_write": 6.487783432006836,
                "disk_used": 4.317615509033203,
                "disk_free": 23.684459686279297,
                "virtual_used": 2.8759384155273438,
                "virtual_free": 0.8710289001464844,
                "sample": 13
            },
            {
                "cpu_util": 55.0,
                "disk_read": 0.3495025634765625,
                "disk_write": 6.490476608276367,
                "disk_used": 4.317615509033203,
                "disk_free": 23.684459686279297,
                "virtual_used": 2.8790855407714844,
                "virtual_free": 0.8678817749023438,
                "sample": 14
            },
            {
                "cpu_util": 53.8,
                "disk_read": 0.3495025634765625,
                "disk_write": 6.491670608520508,
                "disk_used": 4.317695617675781,
                "disk_free": 23.68437957763672,
                "virtual_used": 2.8910789489746094,
                "virtual_free": 0.8558883666992188,
                "sample": 15
            },
            {
                "cpu_util": 100.0,
                "disk_read": 0.3495025634765625,
                "disk_write": 6.491670608520508,
                "disk_used": 4.327274322509766,
                "disk_free": 23.674800872802734,
                "virtual_used": 2.881092071533203,
                "virtual_free": 0.865875244140625,
                "sample": 16
            },
            {
                "cpu_util": 52.6,
                "disk_read": 0.3495025634765625,
                "disk_write": 6.493066787719727,
                "disk_used": 4.3275909423828125,
                "disk_free": 23.674484252929688,
                "virtual_used": 2.8779830932617188,
                "virtual_free": 0.8689842224121094,
                "sample": 17
            },
            {
                "cpu_util": 52.2,
                "disk_read": 0.3495025634765625,
                "disk_write": 6.496274948120117,
                "disk_used": 4.327594757080078,