{
    "delete": {
        "baseline": {
            "cpu_util": 9.1,
            "disk_read": 0.3495025634765625,
            "disk_write": 6.210920333862305,
            "disk_used": 4.109214782714844,
            "disk_free": 23.892860412597656,
            "virtual_used": 2.410083770751953,
            "virtual_free": 1.336883544921875
        },
        "samples": [
            {
                "cpu_util": 0.0,
                "disk_read": 0.3495025634765625,
                "disk_write": 6.21092414855957,
                "disk_used": 4.109214782714844,
                "disk_free": 23.892860412597656,
                "virtual_used": 2.410083770751953,
                "virtual_free": 1.336883544921875,
                "sample": 1
            }
        ],
        "response_time": 0.0008306503295898438
    },
    "create": {
        "baseline": {
            "cpu_util": 0.0,
            "disk_read": 0.3495025634765625,
            "disk_write": 6.21092414855957,
            "disk_used": 4.109214782714844,
            "disk_free": 23.892860412597656,
            "virtual_used": 2.4098434448242188,
            "virtual_free": 1.3371238708496094
        },
        "samples": [
            {
                "cpu_util": 47.8,
                "disk_read": 0.3495025634765625,
                "disk_write": 6.21092414855957,
                "disk_used": 4.109214782714844,
                "disk_free": 23.892860412597656,
                "virtual_used": 2.409839630126953,
                "virtual_free": 1.337127685546875,
                "sample": 1
            },
            {
                "cpu_util": 53.8,
                "disk_read": 0.3495025634765625,
                "disk_write": 6.21092414855957,
                "disk_used": 4.109214782714844,
                "disk_free": 23.892860412597656,
                "virtual_used": 2.4115638732910156,
                "virtual_free": 1.3354034423828125,
                "sample": 2
            },
            {
                "cpu_util": 50.0,
                "disk_read": 0.3495025634765625,
                "disk_write": 6.21092414855957,
                "disk_used": 4.109214782714844,
                "disk_free": 23.892860412597656,
                "virtual_used": 2.4097137451171875,
                "virtual_free": 1.3372535705566406,
                "sample": 3
            },
            {
                "cpu_util": 50.0,
                "disk_read": 0.3495025634765625,
                "disk_write": 6.21092414855957,
                "disk_used": 4.109218597412109,
                "disk_free": 23.89285659790039,
                "virtual_used": 2.4097137451171875,
                "virtual_free": 1.3372535705566406,
                "sample": 4
            },
            {
                "cpu_util": 51.9,
                "disk_read": 0.3495025634765625,
                "disk_write": 6.237035751342773,
                "disk_used": 4.109214782714844,
                "disk_free": 23.892860412597656,
                "virtual_used": 2.417163848876953,
                "virtual_free": 1.329803466796875,
                "sample": 5
            },
            {
                "cpu_util": 48.0,
                "disk_read": 0.3495025634765625,
                "disk_write": 6.237035751342773,
                "disk_used": 4.109214782714844,
                "disk_free": 23.892860412597656,
                "virtual_used": 2.5012779235839844,
                "virtual_free": 1.2456893920898438,
                "sample": 6
            },
            {
                "cpu_util": 55.0,
                "disk_read": 0.3495025634765625,
                "disk_write": 6.239480972290039,
                "disk_used": 4.109222412109375,
                "disk_free": 23.892852783203125,
                "virtual_used": 2.4848365783691406,
                "virtual_free": 1.2621307373046875,
                "sample": 7
            },
            {
                "cpu_util": 52.4,
                "disk_read": 0.3495025634765625,
                "disk_write": 6.241865158081055,
                "disk_used": 4.109226226806641,
                "disk_free": 23.89284896850586,
                "virtual_used": 2.482463836669922,
                "virtual_free": 1.2645034790039062,
                "sample": 8
            },
            {
                "cpu_util": 71.4,
                "disk_read": 0.3495025634765625,
                "disk_write": 6.242067337036133,
                "disk_used": 4.110538482666016,
                "disk_free": 23.891536712646484,
                "virtual_used": 2.466663360595703,
                "virtual_free": 1.280303955078125,
                "sample": 9
            },
            {
                "cpu_util": 60.0,
                "disk_read": 0.3495025634765625,
                "disk_write": 6.243974685668945,
                "disk_used": 4.116451263427734,
                "disk_free": 23.885623931884766,
                "virtual_used": 2.5008773803710938,
                "virtual_free": 1.2460899353027344,
                "sample": 10
            },
            {
                "cpu_util": 52.4,
                "disk_read": 0.3495025634765625,
                "disk_write": 6.246610641479492,
                "disk_used": 4.116451263427734,
                "disk_free": 23.885623931884766,
                "virtual_used": 2.4985008239746094,
                "virtual_free": 1.2484664916992188,
                "sample": 11
            },
            {
                "cpu_util": 52.6,
                "disk_read": 0.3495025634765625,
                "disk_write": 6.247110366821289,
                "disk_used": 4.116451263427734,
                "disk_free": 23.885623931884766,
                "virtual_used": 2.4958839416503906,
                "virtual_free": 1.2510833740234375,
                "sample": 12
            },
            {
                "cpu_util": 54.5,
                "disk_read": 0.3495025634765625,
                "disk_write": 6.25047492980957,
                "disk_used": 4.116451263427734,
                "disk_free": 23.885623931884766,
                "virtual_used": 2.4946136474609375,
                "virtual_free": 1.2523536682128906,
                "sample": 13
            },
            {
                "cpu_util": 55.0,
                "disk_read": 0.3495025634765625,
                "disk_write": 6.251302719116211,
                "disk_used": 4.116497039794922,
                "disk_free": 23.885578155517578,
                "virtual_used": 2.4963836669921875,
                "virtual_free": 1.2505836486816406,
                "sample": 14
            },
            {
                "cpu_util": 100.0,
                "disk_read": 0.3495025634765625,
                "disk_write": 6.252538681030273,
                "disk_used": 4.124015808105469,
                "disk_free": 23.87805938720703,
                "virtual_used": 2.5305328369140625,
                "virtual_free": 1.2164344787597656,
                "sample": 15
            },
            {
                "cpu_util": 52.4,
                "disk_read": 0.3495025634765625,
                "disk_write": 6.254396438598633,
                "disk_used": 4.127368927001953,
                "disk_free": 23.874706268310547,
                "virtual_used": 2.5478515625,
                "virtual_free": 1.1991157531738281,
                "sample": 16
            },
            {
                "cpu_util": 52.0,
                "disk_read": 0.3495025634765625,
                "disk_write": 6.256006240844727,
                "disk_used": 4.127368927001953,
                "disk_free": 23.874706268310547,
                "virtual_used": 2.5700149536132812,
                "virtual_free": 1.1769523620605469,
                "sample": 17
            },
            {
                "cpu_util": 52.6,
                "disk_read": 0.3495025634765625,
                "disk_write": 6.258478164672852,