{
    "delete": {
        "baseline": {
            "cpu_util": 0.0,
            "disk_read": 0.3494758605957031,
            "disk_write": 4.125905990600586,
            "disk_used": 3.795642852783203,
            "disk_free": 24.206432342529297,
            "virtual_used": 1.149871826171875,
            "virtual_free": 2.597095489501953
        },
        "samples": [
            {
                "cpu_util": 0.0,
                "disk_read": 0.3494758605957031,
                "disk_write": 4.125909805297852,
                "disk_used": 3.795642852783203,
                "disk_free": 24.206432342529297,
                "virtual_used": 1.149871826171875,
                "virtual_free": 2.597095489501953,
                "sample": 1
            }
        ],
        "response_time": 0.0009291172027587891
    },
    "create": {
        "baseline": {
            "cpu_util": 0.0,
            "disk_read": 0.3494758605957031,
            "disk_write": 4.125909805297852,
            "disk_used": 3.795642852783203,
            "disk_free": 24.206432342529297,
            "virtual_used": 1.149871826171875,
            "virtual_free": 2.597095489501953
        },
        "samples": [
            {
                "cpu_util": 0.0,
                "disk_read": 0.3494758605957031,
                "disk_write": 4.126089096069336,
                "disk_used": 3.795654296875,
                "disk_free": 24.2064208984375,
                "virtual_used": 1.1498451232910156,
                "virtual_free": 2.5971221923828125,
                "sample": 1
            }
        ],
        "response_time": 0.019379615783691406
    },
    "updateManyStruct": {
        "baseline": {
            "cpu_util": 0.0,
            "disk_read": 0.3494758605957031,
            "disk_write": 4.126092910766602,
            "disk_used": 3.795654296875,
            "disk_free": 24.2064208984375,
            "virtual_used": 1.1498374938964844,
            "virtual_free": 2.5971298217773438
        },
        "samples": [
            {
                "cpu_util": 0.0,
                "disk_read": 0.3494758605957031,
                "disk_write": 4.126115798950195,
                "disk_used": 3.795654296875,
                "disk_free": 24.2064208984375,
                "virtual_used": 1.1498374938964844,
                "virtual_free": 2.5971298217773438,
                "sample": 1
            }
        ],
        "response_time": 0.0010428428649902344
    }
}