{
    "delete": {
        "baseline": {
            "cpu_util": 0.0,
            "disk_read": 12.483009338378906,
            "disk_write": 5.711030960083008,
            "disk_used": 4.061973571777344,
            "disk_free": 23.940101623535156,
            "virtual_used": 1.0228843688964844,
            "virtual_free": 0.8429832458496094
        },
        "samples": [
            {
                "cpu_util": 5.0,
                "disk_read": 12.483009338378906,
                "disk_write": 5.711034774780273,
                "disk_used": 4.061973571777344,
                "disk_free": 23.940101623535156,
                "virtual_used": 1.0228843688964844,
                "virtual_free": 0.8429832458496094,
                "sample": 1
            }
        ],
        "response_time": 0.0009088516235351562
    },
    "create": {
        "baseline": {
            "cpu_util": 0.0,
            "disk_read": 12.483009338378906,
            "disk_write": 5.711034774780273,
            "disk_used": 4.061973571777344,
            "disk_free": 23.940101623535156,
            "virtual_used": 1.0228843688964844,
            "virtual_free": 0.8429832458496094
        },
        "samples": [
            {
                "cpu_util": 9.5,
                "disk_read": 12.483009338378906,
                "disk_write": 5.711248397827148,
                "disk_used": 4.061981201171875,
                "disk_free": 23.940093994140625,
                "virtual_used": 1.0228042602539062,
                "virtual_free": 0.8430633544921875,
                "sample": 1
            }
        ],
        "response_time": 0.02228856086730957
    },
    "replaceOneStruct": {
        "baseline": {
            "cpu_util": 0.0,
            "disk_read": 12.483009338378906,
            "disk_write": 5.711248397827148,
            "disk_used": 4.061981201171875,
            "disk_free": 23.940093994140625,
            "virtual_used": 1.0227241516113281,
            "virtual_free": 0.8431434631347656
        },
        "samples": [
            {
                "cpu_util": 4.8,
                "disk_read": 12.483009338378906,
                "disk_write": 5.716421127319336,
                "disk_used": 4.061981201171875,
                "disk_free": 23.940093994140625,
                "virtual_used": 1.0227241516113281,
                "virtual_free": 0.8431434631347656,
                "sample": 1
            }
        ],
        "response_time": 0.002387523651123047
    }
}