{
    "delete": {
        "baseline": {
            "cpu_util": 0.0,
            "disk_read": 0.5854582786560059,
            "disk_write": 3.9296741485595703,
            "disk_used": 5.607532501220703,
            "disk_free": 22.394542694091797,
            "virtual_used": 0.9290657043457031,
            "virtual_free": 0.936798095703125
        },
        "samples": [
            {
                "cpu_util": 0.0,
                "disk_read": 0.5854582786560059,
                "disk_write": 3.929677963256836,
                "disk_used": 5.607532501220703,
                "disk_free": 22.394542694091797,
                "virtual_used": 0.9290580749511719,
                "virtual_free": 0.9368057250976562,
                "sample": 1
            }
        ],
        "response_time": 0.0008900165557861328
    },
    "create": {
        "baseline": {
            "cpu_util": 0.0,
            "disk_read": 0.5854582786560059,
            "disk_write": 3.929677963256836,
            "disk_used": 5.607532501220703,
            "disk_free": 22.394542694091797,
            "virtual_used": 0.9290580749511719,
            "virtual_free": 0.9368057250976562
        },
        "samples": [
            {
                "cpu_util": 5.0,
                "disk_read": 0.5854582786560059,
                "disk_write": 3.929868698120117,
                "disk_used": 5.607540130615234,
                "disk_free": 22.394535064697266,
                "virtual_used": 0.9264411926269531,
                "virtual_free": 0.939422607421875,
                "sample": 1
            }
        ],
        "response_time": 0.02040243148803711
    },
    "updateManyUnstruct": {
        "baseline": {
            "cpu_util": 0.0,
            "disk_read": 0.5854582786560059,
            "disk_write": 3.929868698120117,
            "disk_used": 5.607540130615234,
            "disk_free": 22.394535064697266,
            "virtual_used": 0.9264411926269531,
            "virtual_free": 0.939422607421875
        },
        "samples": [
            {
                "cpu_util": 0.0,
                "disk_read": 0.5854582786560059,
                "disk_write": 3.929891586303711,
                "disk_used": 5.607540130615234,
                "disk_free": 22.394535064697266,
                "virtual_used": 0.9264411926269531,
                "virtual_free": 0.939422607421875,
                "sample": 1
            }
        ],
        "response_time": 0.0016589164733886719
    }
}