{
    "delete": {
        "baseline": {
            "cpu_util": 0.0,
            "disk_read": 0.3510246276855469,
            "disk_write": 2.7786808013916016,
            "disk_used": 3.9888877868652344,
            "disk_free": 24.013187408447266,
            "virtual_used": 1.0386238098144531,
            "virtual_free": 0.8272438049316406
        },
        "samples": [
            {
                "cpu_util": 0.0,
                "disk_read": 0.3510246276855469,
                "disk_write": 2.778684616088867,
                "disk_used": 3.9888877868652344,
                "disk_free": 24.013187408447266,
                "virtual_used": 1.0386199951171875,
                "virtual_free": 0.8272476196289062,
                "sample": 1
            }
        ],
        "response_time": 0.0008819103240966797
    },
    "create": {
        "baseline": {
            "cpu_util": 0.0,
            "disk_read": 0.3510246276855469,
            "disk_write": 2.778684616088867,
            "disk_used": 3.9888877868652344,
            "disk_free": 24.013187408447266,
            "virtual_used": 1.0386199951171875,
            "virtual_free": 0.8272476196289062
        },
        "samples": [
            {
                "cpu_util": 9.5,
                "disk_read": 0.3510246276855469,
                "disk_write": 2.7788333892822266,
                "disk_used": 3.9888992309570312,
                "disk_free": 24.01317596435547,
                "virtual_used": 1.0386199951171875,
                "virtual_free": 0.8272476196289062,
                "sample": 1
            }
        ],
        "response_time": 0.026038408279418945
    },
    "insertOneUnstruct": {
        "baseline": {
            "cpu_util": 0.0,
            "disk_read": 0.3510246276855469,
            "disk_write": 2.778951644897461,
            "disk_used": 3.9888992309570312,
            "disk_free": 24.01317596435547,
            "virtual_used": 1.0385360717773438,
            "virtual_free": 0.82733154296875
        },
        "samples": [
            {
                "cpu_util": 0.0,
                "disk_read": 0.3510246276855469,
                "disk_write": 2.7789554595947266,
                "disk_used": 3.9888992309570312,
                "disk_free": 24.01317596435547,
                "virtual_used": 1.0385360717773438,
                "virtual_free": 0.82733154296875,
                "sample": 1
            }
        ],
        "response_time": 0.0007147789001464844
    }
}