{
    "delete": {
        "baseline": {
            "cpu_util": 0.0,
            "disk_read": 0.3510246276855469,
            "disk_write": 2.778402328491211,
            "disk_used": 3.9888763427734375,
            "disk_free": 24.013198852539062,
            "virtual_used": 1.0391845703125,
            "virtual_free": 0.8266830444335938
        },
        "samples": [
            {
                "cpu_util": 0.0,
                "disk_read": 0.3510246276855469,
                "disk_write": 2.7784061431884766,
                "disk_used": 3.9888763427734375,
                "disk_free": 24.013198852539062,
                "virtual_used": 1.0391845703125,
                "virtual_free": 0.8266830444335938,
                "sample": 1
            }
        ],
        "response_time": 0.0008893013000488281
    },
    "create": {
        "baseline": {
            "cpu_util": 0.0,
            "disk_read": 0.3510246276855469,
            "disk_write": 2.7784061431884766,
            "disk_used": 3.9888763427734375,
            "disk_free": 24.013198852539062,
            "virtual_used": 1.0387382507324219,
            "virtual_free": 0.8271293640136719
        },
        "samples": [
            {
                "cpu_util": 5.3,
                "disk_read": 0.3510246276855469,
                "disk_write": 2.778676986694336,
                "disk_used": 3.9888839721679688,
                "disk_free": 24.01319122314453,
                "virtual_used": 1.0386238098144531,
                "virtual_free": 0.8272438049316406,
                "sample": 1
            }
        ],
        "response_time": 0.027645587921142578
    },
    "insertOneUnstruct": {
        "baseline": {
            "cpu_util": 0.0,
            "disk_read": 0.3510246276855469,
            "disk_write": 2.778676986694336,
            "disk_used": 3.9888839721679688,
            "disk_free": 24.01319122314453,
            "virtual_used": 1.0386238098144531,
            "virtual_free": 0.8272438049316406
        },
        "samples": [
            {
                "cpu_util": 4.5,
                "disk_read": 0.3510246276855469,
                "disk_write": 2.7786808013916016,
                "disk_used": 3.9888839721679688,
                "disk_free": 24.01319122314453,
                "virtual_used": 1.0386238098144531,
                "virtual_free": 0.8272438049316406,
                "sample": 1
            }
        ],
        "response_time": 0.0010623931884765625
    }
}