{
    "delete": {
        "baseline": {
            "cpu_util": 0.0,
            "disk_read": 0.5024333000183105,
            "disk_write": 5.445985794067383,
            "disk_used": 3.9035301208496094,
            "disk_free": 24.09854507446289,
            "virtual_used": 0.9924278259277344,
            "virtual_free": 0.8734397888183594
        },
        "samples": [
            {
                "cpu_util": 0.0,
                "disk_read": 0.5024333000183105,
                "disk_write": 5.445989608764648,
                "disk_used": 3.903533935546875,
                "disk_free": 24.098541259765625,
                "virtual_used": 0.9924278259277344,
                "virtual_free": 0.8734397888183594,
                "sample": 1
            }
        ],
        "response_time": 0.0008780956268310547
    },
    "create": {
        "baseline": {
            "cpu_util": 18.2,
            "disk_read": 0.5024333000183105,
            "disk_write": 5.46916389465332,
            "disk_used": 3.9046669006347656,
            "disk_free": 24.097408294677734,
            "virtual_used": 0.991546630859375,
            "virtual_free": 0.8743209838867188
        },
        "samples": [
            {
                "cpu_util": 15.0,
                "disk_read": 0.5024333000183105,
                "disk_write": 5.470266342163086,
                "disk_used": 3.904674530029297,
                "disk_free": 24.097400665283203,
                "virtual_used": 0.9917755126953125,
                "virtual_free": 0.8740921020507812,
                "sample": 1
            }
        ],
        "response_time": 0.03668498992919922
    },
    "readThenDeleteOldUsersStruct": {
        "baseline": {
            "cpu_util": 9.5,
            "disk_read": 0.5024333000183105,
            "disk_write": 5.472402572631836,
            "disk_used": 3.9047012329101562,
            "disk_free": 24.097373962402344,
            "virtual_used": 0.9916954040527344,
            "virtual_free": 0.8741722106933594
        },
        "samples": [
            {
                "cpu_util": 4.8,
                "disk_read": 0.5024333000183105,
                "disk_write": 5.472402572631836,
                "disk_used": 3.9047012329101562,
                "disk_free": 24.097373962402344,
                "virtual_used": 0.9916954040527344,
                "virtual_free": 0.8741722106933594,
                "sample": 1
            }
        ],
        "response_time": 0.004985809326171875
    }
}