{
    "delete": {
        "baseline": {
            "cpu_util": 15.0,
            "disk_read": 12.483009338378906,
            "disk_write": 5.679483413696289,
            "disk_used": 4.053092956542969,
            "disk_free": 23.94898223876953,
            "virtual_used": 1.0343017578125,
            "virtual_free": 0.8315658569335938
        },
        "samples": [
            {
                "cpu_util": 52.4,
                "disk_read": 12.483009338378906,
                "disk_write": 5.679487228393555,
                "disk_used": 4.0565643310546875,
                "disk_free": 23.945510864257812,
                "virtual_used": 1.0336189270019531,
                "virtual_free": 0.8322486877441406,
                "sample": 1
            }
        ],
        "response_time": 0.008263111114501953
    },
    "create": {
        "baseline": {
            "cpu_util": 4.8,
            "disk_read": 12.483009338378906,
            "disk_write": 5.679487228393555,
            "disk_used": 4.0565643310546875,
            "disk_free": 23.945510864257812,
            "virtual_used": 1.0335693359375,
            "virtual_free": 0.8322982788085938
        },
        "samples": [
            {
                "cpu_util": 10.0,
                "disk_read": 12.483009338378906,
                "disk_write": 5.679647445678711,
                "disk_used": 4.056575775146484,
                "disk_free": 23.945499420166016,
                "virtual_used": 1.0336990356445312,
                "virtual_free": 0.8321685791015625,
                "sample": 1
            }
        ],
        "response_time": 0.036794185638427734
    },
    "insertManyStruct": {
        "baseline": {
            "cpu_util": 0.0,
            "disk_read": 12.483009338378906,
            "disk_write": 5.679712295532227,
            "disk_used": 4.056575775146484,
            "disk_free": 23.945499420166016,
            "virtual_used": 1.0336532592773438,
            "virtual_free": 0.83221435546875
        },
        "samples": [
            {
                "cpu_util": 52.3,
                "disk_read": 12.483009338378906,
                "disk_write": 5.679712295532227,
                "disk_used": 4.056575775146484,
                "disk_free": 23.945499420166016,
                "virtual_used": 1.0338935852050781,
                "virtual_free": 0.8319740295410156,
                "sample": 1
            },
            {
                "cpu_util": 50.0,
                "disk_read": 12.483009338378906,
                "disk_write": 5.679712295532227,
                "disk_used": 4.056575775146484,
                "disk_free": 23.945499420166016,
                "virtual_used": 1.0331573486328125,
                "virtual_free": 0.8327102661132812,
                "sample": 2
            },
            {
                "cpu_util": 47.6,
                "disk_read": 12.483009338378906,
                "disk_write": 5.68199348449707,
                "disk_used": 4.057025909423828,
                "disk_free": 23.945049285888672,
                "virtual_used": 1.0346870422363281,
                "virtual_free": 0.8311805725097656,
                "sample": 3
            },
            {
                "cpu_util": 30.0,
                "disk_read": 12.483009338378906,
                "disk_write": 5.684385299682617,
                "disk_used": 4.057476043701172,
                "disk_free": 23.944599151611328,
                "virtual_used": 1.0412445068359375,
                "virtual_free": 0.8246231079101562,
                "sample": 4
            }
        ],
        "response_time": 0.9347338676452637
    }
}