{
    "delete": {
        "baseline": {
            "cpu_util": 0.0,
            "disk_read": 0.7332415580749512,
            "disk_write": 14.615610122680664,
            "disk_used": 3.9782371520996094,
            "disk_free": 24.02383804321289,
            "virtual_used": 1.5173416137695312,
            "virtual_free": 2.2296142578125
        },
        "samples": [
            {
                "cpu_util": 0.0,
                "disk_read": 0.7332415580749512,
                "disk_write": 14.61561393737793,
                "disk_used": 3.9782371520996094,
                "disk_free": 24.02383804321289,
                "virtual_used": 1.5173416137695312,
                "virtual_free": 2.2296142578125,
                "sample": 1
            }
        ],
        "response_time": 0.0008554458618164062
    },
    "create": {
        "baseline": {
            "cpu_util": 0.0,
            "disk_read": 0.7332415580749512,
            "disk_write": 14.61561393737793,
            "disk_used": 3.9782371520996094,
            "disk_free": 24.02383804321289,
            "virtual_used": 1.5173416137695312,
            "virtual_free": 2.2296142578125
        },
        "samples": [
            {
                "cpu_util": 25.0,
                "disk_read": 0.7332415580749512,
                "disk_write": 14.615877151489258,
                "disk_used": 3.9782447814941406,
                "disk_free": 24.02383041381836,
                "virtual_used": 1.5175514221191406,
                "virtual_free": 2.2294044494628906,
                "sample": 1
            }
        ],
        "response_time": 0.07378482818603516
    },
    "replaceOneStruct": {
        "baseline": {
            "cpu_util": 0.0,
            "disk_read": 0.7332415580749512,
            "disk_write": 14.61625862121582,
            "disk_used": 3.9782447814941406,
            "disk_free": 24.02383041381836,
            "virtual_used": 1.5183944702148438,
            "virtual_free": 2.2285614013671875
        },
        "samples": [
            {
                "cpu_util": 0.0,
                "disk_read": 0.7332415580749512,
                "disk_write": 14.616262435913086,
                "disk_used": 3.9782447814941406,
                "disk_free": 24.02383041381836,
                "virtual_used": 1.5183944702148438,
                "virtual_free": 2.2285614013671875,
                "sample": 1
            }
        ],
        "response_time": 0.006317615509033203
    }
}