{
    "delete": {
        "baseline": {
            "cpu_util": 4.8,
            "disk_read": 0.3256845474243164,
            "disk_write": 1.4206600189208984,
            "disk_used": 4.238105773925781,
            "disk_free": 23.76396942138672,
            "virtual_used": 1.1332550048828125,
            "virtual_free": 0.7326126098632812
        },
        "samples": [
            {
                "cpu_util": 0.0,
                "disk_read": 0.3256998062133789,
                "disk_write": 1.420663833618164,
                "disk_used": 4.238105773925781,
                "disk_free": 23.76396942138672,
                "virtual_used": 1.1409263610839844,
                "virtual_free": 0.7249412536621094,
                "sample": 1
            }
        ],
        "response_time": 0.0022101402282714844
    },
    "create": {
        "baseline": {
            "cpu_util": 4.8,
            "disk_read": 0.3256998062133789,
            "disk_write": 1.420663833618164,
            "disk_used": 4.238105773925781,
            "disk_free": 23.76396942138672,
            "virtual_used": 1.1409263610839844,
            "virtual_free": 0.7249412536621094
        },
        "samples": [
            {
                "cpu_util": 52.0,
                "disk_read": 0.3256998062133789,
                "disk_write": 1.420663833618164,
                "disk_used": 4.238105773925781,
                "disk_free": 23.76396942138672,
                "virtual_used": 1.1409263610839844,
                "virtual_free": 0.7249412536621094,
                "sample": 1
            },
            {
                "cpu_util": 54.5,
                "disk_read": 0.3256998062133789,
                "disk_write": 1.4208087921142578,
                "disk_used": 4.2381134033203125,
                "disk_free": 23.763961791992188,
                "virtual_used": 1.1264839172363281,
                "virtual_free": 0.7393836975097656,
                "sample": 2
            },
            {
                "cpu_util": 47.4,
                "disk_read": 0.3256998062133789,
                "disk_write": 1.4246234893798828,
                "disk_used": 4.2381134033203125,
                "disk_free": 23.763961791992188,
                "virtual_used": 1.1298599243164062,
                "virtual_free": 0.7360076904296875,
                "sample": 3
            },
            {
                "cpu_util": 57.1,
                "disk_read": 0.3256998062133789,
                "disk_write": 1.4294185638427734,
                "disk_used": 4.239048004150391,
                "disk_free": 23.76302719116211,
                "virtual_used": 1.1260986328125,
                "virtual_free": 0.7397689819335938,
                "sample": 4
            },
            {
                "cpu_util": 0.0,
                "disk_read": 0.3256998062133789,
                "disk_write": 1.4302539825439453,
                "disk_used": 4.247058868408203,
                "disk_free": 23.755016326904297,
                "virtual_used": 1.1474876403808594,
                "virtual_free": 0.7183799743652344,
                "sample": 5
            }
        ],
        "response_time": 0.9795026779174805
    },
    "readManyUnstruct": {
        "baseline": {
            "cpu_util": 0.0,
            "disk_read": 0.3256998062133789,
            "disk_write": 1.4302539825439453,
            "disk_used": 4.247058868408203,
            "disk_free": 23.755016326904297,
            "virtual_used": 1.1474647521972656,
            "virtual_free": 0.7184028625488281
        },
        "samples": [
            {
                "cpu_util": 0.0,
                "disk_read": 0.3256998062133789,
                "disk_write": 1.4302539825439453,
                "disk_used": 4.247058868408203,
                "disk_free": 23.755016326904297,
                "virtual_used": 1.1474647521972656,
                "virtual_free": 0.7184028625488281,
                "sample": 1
            }
        ],
        "response_time": 7.414817810058594e-05
    }
}