{
    "delete": {
        "baseline": {
            "cpu_util": 0.0,
            "disk_read": 0.43979501724243164,
            "disk_write": 3.0787601470947266,
            "disk_used": 3.891002655029297,
            "disk_free": 24.111072540283203,
            "virtual_used": 1.1064414978027344,
            "virtual_free": 0.7594261169433594
        },
        "samples": [
            {
                "cpu_util": 4.8,
                "disk_read": 0.43979501724243164,
                "disk_write": 3.078763961791992,
                "disk_used": 3.891002655029297,
                "disk_free": 24.111072540283203,
                "virtual_used": 1.1066818237304688,
                "virtual_free": 0.759185791015625,
                "sample": 1
            }
        ],
        "response_time": 0.0008556842803955078
    },
    "create": {
        "baseline": {
            "cpu_util": 0.0,
            "disk_read": 0.43979501724243164,
            "disk_write": 3.078763961791992,
            "disk_used": 3.891002655029297,
            "disk_free": 24.111072540283203,
            "virtual_used": 1.1066818237304688,
            "virtual_free": 0.759185791015625
        },
        "samples": [
            {
                "cpu_util": 5.0,
                "disk_read": 0.43979501724243164,
                "disk_write": 3.079030990600586,
                "disk_used": 3.8910140991210938,
                "disk_free": 24.111061096191406,
                "virtual_used": 1.1070480346679688,
                "virtual_free": 0.758819580078125,
                "sample": 1
            }
        ],
        "response_time": 0.01736164093017578
    },
    "insertOneUnstruct": {
        "baseline": {
            "cpu_util": 0.0,
            "disk_read": 0.43979501724243164,
            "disk_write": 3.079030990600586,
            "disk_used": 3.8910140991210938,
            "disk_free": 24.111061096191406,
            "virtual_used": 1.1070480346679688,
            "virtual_free": 0.758819580078125
        },
        "samples": [
            {
                "cpu_util": 0.0,
                "disk_read": 0.43979501724243164,
                "disk_write": 3.0790348052978516,
                "disk_used": 3.8910140991210938,
                "disk_free": 24.111061096191406,
                "virtual_used": 1.1070480346679688,
                "virtual_free": 0.758819580078125,
                "sample": 1
            }
        ],
        "response_time": 0.000759124755859375
    }
}