{
    "delete": {
        "baseline": {
            "cpu_util": 0.0,
            "disk_read": 0.34246397018432617,
            "disk_write": 2.886873245239258,
            "disk_used": 3.9274368286132812,
            "disk_free": 24.07463836669922,
            "virtual_used": 1.0931625366210938,
            "virtual_free": 2.6537933349609375
        },
        "samples": [
            {
                "cpu_util": 0.0,
                "disk_read": 0.34246397018432617,
                "disk_write": 2.8868961334228516,
                "disk_used": 3.9274368286132812,
                "disk_free": 24.07463836669922,
                "virtual_used": 1.0931625366210938,
                "virtual_free": 2.6537933349609375,
                "sample": 1
            }
        ],
        "response_time": 0.0008764266967773438
    },
    "create": {
        "baseline": {
            "cpu_util": 0.0,
            "disk_read": 0.34246397018432617,
            "disk_write": 2.8868961334228516,
            "disk_used": 3.9274368286132812,
            "disk_free": 24.07463836669922,
            "virtual_used": 1.0931625366210938,
            "virtual_free": 2.6537933349609375
        },
        "samples": [
            {
                "cpu_util": 4.8,
                "disk_read": 0.34246397018432617,
                "disk_write": 2.887086868286133,
                "disk_used": 3.9274444580078125,
                "disk_free": 24.074630737304688,
                "virtual_used": 1.0931625366210938,
                "virtual_free": 2.6537933349609375,
                "sample": 1
            }
        ],
        "response_time": 0.01355886459350586
    },
    "insertOneUnstruct": {
        "baseline": {
            "cpu_util": 0.0,
            "disk_read": 0.34246397018432617,
            "disk_write": 2.887086868286133,
            "disk_used": 3.9274444580078125,
            "disk_free": 24.074630737304688,
            "virtual_used": 1.0931243896484375,
            "virtual_free": 2.6538314819335938
        },
        "samples": [
            {
                "cpu_util": 0.0,
                "disk_read": 0.34246397018432617,
                "disk_write": 2.8875675201416016,
                "disk_used": 3.927448272705078,
                "disk_free": 24.074626922607422,
                "virtual_used": 1.0931205749511719,
                "virtual_free": 2.6538352966308594,
                "sample": 1
            }
        ],
        "response_time": 0.0007448196411132812
    }
}