{
    "delete": {
        "baseline": {
            "cpu_util": 0.0,
            "disk_read": 0.5854582786560059,
            "disk_write": 3.7791194915771484,
            "disk_used": 5.746299743652344,
            "disk_free": 22.255775451660156,
            "virtual_used": 0.9148139953613281,
            "virtual_free": 0.9510498046875
        },
        "samples": [
            {
                "cpu_util": 0.0,
                "disk_read": 0.5854582786560059,
                "disk_write": 3.7791194915771484,
                "disk_used": 5.746299743652344,
                "disk_free": 22.255775451660156,
                "virtual_used": 0.9148139953613281,
                "virtual_free": 0.9510498046875,
                "sample": 1
            }
        ],
        "response_time": 0.0006148815155029297
    },
    "create": {
        "baseline": {
            "cpu_util": 0.0,
            "disk_read": 0.5854582786560059,
            "disk_write": 3.7791194915771484,
            "disk_used": 5.746299743652344,
            "disk_free": 22.255775451660156,
            "virtual_used": 0.9148139953613281,
            "virtual_free": 0.9510498046875
        },
        "samples": [
            {
                "cpu_util": 0.0,
                "disk_read": 0.5854582786560059,
                "disk_write": 3.7793216705322266,
                "disk_used": 5.746307373046875,
                "disk_free": 22.255767822265625,
                "virtual_used": 0.9148139953613281,
                "virtual_free": 0.9510498046875,
                "sample": 1
            }
        ],
        "response_time": 0.020339488983154297
    },
    "insertOneUnstruct": {
        "baseline": {
            "cpu_util": 0.0,
            "disk_read": 0.5854582786560059,
            "disk_write": 3.7793216705322266,
            "disk_used": 5.746307373046875,
            "disk_free": 22.255767822265625,
            "virtual_used": 0.9148139953613281,
            "virtual_free": 0.9510498046875
        },
        "samples": [
            {
                "cpu_util": 0.0,
                "disk_read": 0.5854582786560059,
                "disk_write": 3.779336929321289,
                "disk_used": 5.746307373046875,
                "disk_free": 22.255767822265625,
                "virtual_used": 0.91473388671875,
                "virtual_free": 0.9511299133300781,
                "sample": 1
            }
        ],
        "response_time": 0.0008728504180908203
    }
}