{
    "delete": {
        "baseline": {
            "cpu_util": 0.0,
            "disk_read": 0.5854582786560059,
            "disk_write": 3.7802867889404297,
            "disk_used": 5.746337890625,
            "disk_free": 22.2557373046875,
            "virtual_used": 0.9117851257324219,
            "virtual_free": 0.9540786743164062
        },
        "samples": [
            {
                "cpu_util": 0.0,
                "disk_read": 0.5854582786560059,
                "disk_write": 3.7802906036376953,
                "disk_used": 5.746337890625,
                "disk_free": 22.2557373046875,
                "virtual_used": 0.9117813110351562,
                "virtual_free": 0.9540824890136719,
                "sample": 1
            }
        ],
        "response_time": 0.0009813308715820312
    },
    "create": {
        "baseline": {
            "cpu_util": 0.0,
            "disk_read": 0.5854582786560059,
            "disk_write": 3.7802906036376953,
            "disk_used": 5.746337890625,
            "disk_free": 22.2557373046875,
            "virtual_used": 0.9117813110351562,
            "virtual_free": 0.9540824890136719
        },
        "samples": [
            {
                "cpu_util": 0.0,
                "disk_read": 0.5854582786560059,
                "disk_write": 3.780488967895508,
                "disk_used": 5.746349334716797,
                "disk_free": 22.255725860595703,
                "virtual_used": 0.9117546081542969,
                "virtual_free": 0.9541091918945312,
                "sample": 1
            }
        ],
        "response_time": 0.019876718521118164
    },
    "insertOneUnstruct": {
        "baseline": {
            "cpu_util": 0.0,
            "disk_read": 0.5854582786560059,
            "disk_write": 3.780488967895508,
            "disk_used": 5.746349334716797,
            "disk_free": 22.255725860595703,
            "virtual_used": 0.9117546081542969,
            "virtual_free": 0.9541091918945312
        },
        "samples": [
            {
                "cpu_util": 4.8,
                "disk_read": 0.5854582786560059,
                "disk_write": 3.7804927825927734,
                "disk_used": 5.746349334716797,
                "disk_free": 22.255725860595703,
                "virtual_used": 0.9117507934570312,
                "virtual_free": 0.9541130065917969,
                "sample": 1
            }
        ],
        "response_time": 0.0009427070617675781
    }
}