{
    "delete": {
        "baseline": {
            "cpu_util": 0.0,
            "disk_read": 0.3482065200805664,
            "disk_write": 3.037527084350586,
            "disk_used": 3.795948028564453,
            "disk_free": 24.206127166748047,
            "virtual_used": 1.1166305541992188,
            "virtual_free": 2.630329132080078
        },
        "samples": [
            {
                "cpu_util": 0.0,
                "disk_read": 0.3482065200805664,
                "disk_write": 3.0375308990478516,
                "disk_used": 3.795948028564453,
                "disk_free": 24.206127166748047,
                "virtual_used": 1.1166267395019531,
                "virtual_free": 2.6303329467773438,
                "sample": 1
            }
        ],
        "response_time": 0.000865936279296875
    },
    "create": {
        "baseline": {
            "cpu_util": 0.0,
            "disk_read": 0.3482065200805664,
            "disk_write": 3.0375308990478516,
            "disk_used": 3.795948028564453,
            "disk_free": 24.206127166748047,
            "virtual_used": 1.1166267395019531,
            "virtual_free": 2.6303329467773438
        },
        "samples": [
            {
                "cpu_util": 51.5,
                "disk_read": 0.3482065200805664,
                "disk_write": 3.0375308990478516,
                "disk_used": 3.795948028564453,
                "disk_free": 24.206127166748047,
                "virtual_used": 1.1171073913574219,
                "virtual_free": 2.629852294921875,
                "sample": 1
            },
            {
                "cpu_util": 44.4,
                "disk_read": 0.3482065200805664,
                "disk_write": 3.037679672241211,
                "disk_used": 3.79595947265625,
                "disk_free": 24.20611572265625,
                "virtual_used": 1.1081695556640625,
                "virtual_free": 2.6387901306152344,
                "sample": 2
            },
            {
                "cpu_util": 52.2,
                "disk_read": 0.3482065200805664,
                "disk_write": 3.0412044525146484,
                "disk_used": 3.79595947265625,
                "disk_free": 24.20611572265625,
                "virtual_used": 1.1125946044921875,
                "virtual_free": 2.6343650817871094,
                "sample": 3
            }
        ],
        "response_time": 0.8933334350585938
    },
    "insertOneStruct": {
        "baseline": {
            "cpu_util": 4.8,
            "disk_read": 0.3482065200805664,
            "disk_write": 3.0423336029052734,
            "disk_used": 3.79595947265625,
            "disk_free": 24.20611572265625,
            "virtual_used": 1.1125907897949219,
            "virtual_free": 2.634368896484375
        },
        "samples": [
            {
                "cpu_util": 0.0,
                "disk_read": 0.3482065200805664,
                "disk_write": 3.047006607055664,
                "disk_used": 3.79595947265625,
                "disk_free": 24.20611572265625,
                "virtual_used": 1.1125907897949219,
                "virtual_free": 2.634368896484375,
                "sample": 1
            }
        ],
        "response_time": 0.0007681846618652344
    }
}