{
    "delete": {
        "baseline": {
            "cpu_util": 68.4,
            "disk_read": 0.3482065200805664,
            "disk_write": 3.047006607055664,
            "disk_used": 3.8010177612304688,
            "disk_free": 24.20105743408203,
            "virtual_used": 1.1106719970703125,
            "virtual_free": 2.6362876892089844
        },
        "samples": [
            {
                "cpu_util": 0.0,
                "disk_read": 0.3482065200805664,
                "disk_write": 3.0470104217529297,
                "disk_used": 3.8010215759277344,
                "disk_free": 24.201053619384766,
                "virtual_used": 1.1106376647949219,
                "virtual_free": 2.636322021484375,
                "sample": 1
            }
        ],
        "response_time": 0.0009047985076904297
    },
    "create": {
        "baseline": {
            "cpu_util": 0.0,
            "disk_read": 0.3482065200805664,
            "disk_write": 3.047025680541992,
            "disk_used": 3.8010215759277344,
            "disk_free": 24.201053619384766,
            "virtual_used": 1.1105880737304688,
            "virtual_free": 2.636371612548828
        },
        "samples": [
            {
                "cpu_util": 50.0,
                "disk_read": 0.3482065200805664,
                "disk_write": 3.047025680541992,
                "disk_used": 3.8010215759277344,
                "disk_free": 24.201053619384766,
                "virtual_used": 1.1105880737304688,
                "virtual_free": 2.636371612548828,
                "sample": 1
            },
            {
                "cpu_util": 50.0,
                "disk_read": 0.3482065200805664,
                "disk_write": 3.047189712524414,
                "disk_used": 3.8010292053222656,
                "disk_free": 24.201045989990234,
                "virtual_used": 1.1070327758789062,
                "virtual_free": 2.6399269104003906,
                "sample": 2
            },
            {
                "cpu_util": 65.0,
                "disk_read": 0.3482065200805664,
                "disk_write": 3.0499744415283203,
                "disk_used": 3.8017311096191406,
                "disk_free": 24.20034408569336,
                "virtual_used": 1.1130447387695312,
                "virtual_free": 2.6339149475097656,
                "sample": 3
            },
            {
                "cpu_util": 52.4,
                "disk_read": 0.3482065200805664,
                "disk_write": 3.0515384674072266,
                "disk_used": 3.8061180114746094,
                "disk_free": 24.19595718383789,
                "virtual_used": 1.1211318969726562,
                "virtual_free": 2.6258277893066406,
                "sample": 4
            }
        ],
        "response_time": 0.8849689960479736
    },
    "insertOneStruct": {
        "baseline": {
            "cpu_util": 0.0,
            "disk_read": 0.3482065200805664,
            "disk_write": 3.051950454711914,
            "disk_used": 3.903564453125,
            "disk_free": 24.0985107421875,
            "virtual_used": 1.1291389465332031,
            "virtual_free": 2.6178207397460938
        },
        "samples": [
            {
                "cpu_util": 0.0,
                "disk_read": 0.3482065200805664,
                "disk_write": 3.0519886016845703,
                "disk_used": 3.903564453125,
                "disk_free": 24.0985107421875,
                "virtual_used": 1.1291389465332031,
                "virtual_free": 2.6178207397460938,
                "sample": 1
            }
        ],
        "response_time": 0.0009543895721435547
    }
}