{
    "delete": {
        "baseline": {
            "cpu_util": 5.0,
            "disk_read": 12.450748443603516,
            "disk_write": 4.653142929077148,
            "disk_used": 4.001567840576172,
            "disk_free": 24.000507354736328,
            "virtual_used": 0.9247207641601562,
            "virtual_free": 0.9411468505859375
        },
        "samples": [
            {
                "cpu_util": 0.0,
                "disk_read": 12.450748443603516,
                "disk_write": 4.653146743774414,
                "disk_used": 4.001567840576172,
                "disk_free": 24.000507354736328,
                "virtual_used": 0.9247207641601562,
                "virtual_free": 0.9411468505859375,
                "sample": 1
            }
        ],
        "response_time": 0.000850677490234375
    },
    "create": {
        "baseline": {
            "cpu_util": 5.0,
            "disk_read": 12.450748443603516,
            "disk_write": 4.653146743774414,
            "disk_used": 4.002067565917969,
            "disk_free": 24.00000762939453,
            "virtual_used": 0.9252243041992188,
            "virtual_free": 0.940643310546875
        },
        "samples": [
            {
                "cpu_util": 30.0,
                "disk_read": 12.450748443603516,
                "disk_write": 4.653287887573242,
                "disk_used": 4.0020751953125,
                "disk_free": 24.0,
                "virtual_used": 0.9249496459960938,
                "virtual_free": 0.94091796875,
                "sample": 1
            }
        ],
        "response_time": 0.07553958892822266
    },
    "insertOneStruct": {
        "baseline": {
            "cpu_util": 5.0,
            "disk_read": 12.450748443603516,
            "disk_write": 4.653768539428711,
            "disk_used": 4.0020751953125,
            "disk_free": 24.0,
            "virtual_used": 0.9248542785644531,
            "virtual_free": 0.9410133361816406
        },
        "samples": [
            {
                "cpu_util": 4.8,
                "disk_read": 12.450748443603516,
                "disk_write": 4.653772354125977,
                "disk_used": 4.0020751953125,
                "disk_free": 24.0,
                "virtual_used": 0.9253273010253906,
                "virtual_free": 0.9405403137207031,
                "sample": 1
            }
        ],
        "response_time": 0.0007312297821044922
    }
}