{
    "delete": {
        "baseline": {
            "cpu_util": 0.0,
            "disk_read": 12.450748443603516,
            "disk_write": 4.65251350402832,
            "disk_used": 4.0010528564453125,
            "disk_free": 24.001022338867188,
            "virtual_used": 0.9448509216308594,
            "virtual_free": 0.9210166931152344
        },
        "samples": [
            {
                "cpu_util": 9.1,
                "disk_read": 12.450748443603516,
                "disk_write": 4.652517318725586,
                "disk_used": 4.0010528564453125,
                "disk_free": 24.001022338867188,
                "virtual_used": 0.9448509216308594,
                "virtual_free": 0.9210166931152344,
                "sample": 1
            }
        ],
        "response_time": 0.001107931137084961
    },
    "create": {
        "baseline": {
            "cpu_util": 0.0,
            "disk_read": 12.450748443603516,
            "disk_write": 4.652517318725586,
            "disk_used": 4.001552581787109,
            "disk_free": 24.00052261352539,
            "virtual_used": 0.9455223083496094,
            "virtual_free": 0.9203453063964844
        },
        "samples": [
            {
                "cpu_util": 47.6,
                "disk_read": 12.450748443603516,
                "disk_write": 4.652658462524414,
                "disk_used": 4.001564025878906,
                "disk_free": 24.000511169433594,
                "virtual_used": 0.92376708984375,
                "virtual_free": 0.9421005249023438,
                "sample": 1
            }
        ],
        "response_time": 0.12832403182983398
    },
    "insertOneStruct": {
        "baseline": {
            "cpu_util": 0.0,
            "disk_read": 12.450748443603516,
            "disk_write": 4.653139114379883,
            "disk_used": 4.001564025878906,
            "disk_free": 24.000511169433594,
            "virtual_used": 0.9247207641601562,
            "virtual_free": 0.9411468505859375
        },
        "samples": [
            {
                "cpu_util": 4.8,
                "disk_read": 12.450748443603516,
                "disk_write": 4.653142929077148,
                "disk_used": 4.001564025878906,
                "disk_free": 24.000511169433594,
                "virtual_used": 0.9247207641601562,
                "virtual_free": 0.9411468505859375,
                "sample": 1
            }
        ],
        "response_time": 0.0007665157318115234
    }
}