{
    "delete": {
        "baseline": {
            "cpu_util": 0.0,
            "disk_read": 0.3249826431274414,
            "disk_write": 0.7791500091552734,
            "disk_used": 3.7967872619628906,
            "disk_free": 24.20528793334961,
            "virtual_used": 1.0198478698730469,
            "virtual_free": 2.72711181640625
        },
        "samples": [
            {
                "cpu_util": 14.3,
                "disk_read": 0.3249826431274414,
                "disk_write": 0.7791538238525391,
                "disk_used": 3.7972068786621094,
                "disk_free": 24.20486831665039,
                "virtual_used": 1.0204200744628906,
                "virtual_free": 2.7265396118164062,
                "sample": 1
            }
        ],
        "response_time": 0.0009074211120605469
    },
    "create": {
        "baseline": {
            "cpu_util": 0.0,
            "disk_read": 0.3249826431274414,
            "disk_write": 0.7791538238525391,
            "disk_used": 3.7998580932617188,
            "disk_free": 24.20221710205078,
            "virtual_used": 1.0263328552246094,
            "virtual_free": 2.7206268310546875
        },
        "samples": [
            {
                "cpu_util": 45.5,
                "disk_read": 0.3249826431274414,
                "disk_write": 0.7802143096923828,
                "disk_used": 3.79986572265625,
                "disk_free": 24.20220947265625,
                "virtual_used": 1.0295219421386719,
                "virtual_free": 2.717437744140625,
                "sample": 1
            }
        ],
        "response_time": 0.12368917465209961
    },
    "replaceOneUnstruct": {
        "baseline": {
            "cpu_util": 0.0,
            "disk_read": 0.3249826431274414,
            "disk_write": 0.7802791595458984,
            "disk_used": 3.79986572265625,
            "disk_free": 24.20220947265625,
            "virtual_used": 1.0294647216796875,
            "virtual_free": 2.7174949645996094
        },
        "samples": [
            {
                "cpu_util": 5.0,
                "disk_read": 0.3249826431274414,
                "disk_write": 0.7803783416748047,
                "disk_used": 3.79986572265625,
                "disk_free": 24.20220947265625,
                "virtual_used": 1.027679443359375,
                "virtual_free": 2.719280242919922,
                "sample": 1
            }
        ],
        "response_time": 0.012932062149047852
    }
}