{
    "delete": {
        "baseline": {
            "cpu_util": 0.0,
            "disk_read": 0.5024333000183105,
            "disk_write": 5.444974899291992,
            "disk_used": 3.903461456298828,
            "disk_free": 24.098613739013672,
            "virtual_used": 0.9941596984863281,
            "virtual_free": 0.8717079162597656
        },
        "samples": [
            {
                "cpu_util": 0.0,
                "disk_read": 0.5024333000183105,
                "disk_write": 5.444978713989258,
                "disk_used": 3.9034652709960938,
                "disk_free": 24.098609924316406,
                "virtual_used": 0.9941596984863281,
                "virtual_free": 0.8717079162597656,
                "sample": 1
            }
        ],
        "response_time": 0.0008864402770996094
    },
    "create": {
        "baseline": {
            "cpu_util": 0.0,
            "disk_read": 0.5024333000183105,
            "disk_write": 5.445005416870117,
            "disk_used": 3.9034652709960938,
            "disk_free": 24.098609924316406,
            "virtual_used": 0.9941596984863281,
            "virtual_free": 0.8717079162597656
        },
        "samples": [
            {
                "cpu_util": 9.5,
                "disk_read": 0.5024333000183105,
                "disk_write": 5.445169448852539,
                "disk_used": 3.903472900390625,
                "disk_free": 24.098602294921875,
                "virtual_used": 0.9941329956054688,
                "virtual_free": 0.871734619140625,
                "sample": 1
            }
        ],
        "response_time": 0.019551515579223633
    },
    "insertOneThenUpdateBirthdayStruct": {
        "baseline": {
            "cpu_util": 0.0,
            "disk_read": 0.5024333000183105,
            "disk_write": 5.445173263549805,
            "disk_used": 3.903472900390625,
            "disk_free": 24.098602294921875,
            "virtual_used": 0.9941329956054688,
            "virtual_free": 0.871734619140625
        },
        "samples": [
            {
                "cpu_util": 0.0,
                "disk_read": 0.5024333000183105,
                "disk_write": 5.44517707824707,
                "disk_used": 3.903472900390625,
                "disk_free": 24.098602294921875,
                "virtual_used": 0.9941329956054688,
                "virtual_free": 0.871734619140625,
                "sample": 1
            }
        ],
        "response_time": 0.0026924610137939453
    }
}