{
    "delete": {
        "baseline": {
            "cpu_util": 4.8,
            "disk_read": 0.5024333000183105,
            "disk_write": 5.445356369018555,
            "disk_used": 3.9034881591796875,
            "disk_free": 24.098587036132812,
            "virtual_used": 0.9941062927246094,
            "virtual_free": 0.8717613220214844
        },
        "samples": [
            {
                "cpu_util": 4.8,
                "disk_read": 0.5024333000183105,
                "disk_write": 5.44536018371582,
                "disk_used": 3.9034881591796875,
                "disk_free": 24.098587036132812,
                "virtual_used": 0.9941024780273438,
                "virtual_free": 0.87176513671875,
                "sample": 1
            }
        ],
        "response_time": 0.0008549690246582031
    },
    "create": {
        "baseline": {
            "cpu_util": 0.0,
            "disk_read": 0.5024333000183105,
            "disk_write": 5.44536018371582,
            "disk_used": 3.9034881591796875,
            "disk_free": 24.098587036132812,
            "virtual_used": 0.9941024780273438,
            "virtual_free": 0.87176513671875
        },
        "samples": [
            {
                "cpu_util": 0.0,
                "disk_read": 0.5024333000183105,
                "disk_write": 5.445516586303711,
                "disk_used": 3.9034996032714844,
                "disk_free": 24.098575592041016,
                "virtual_used": 0.99407958984375,
                "virtual_free": 0.8717880249023438,
                "sample": 1
            }
        ],
        "response_time": 0.01880669593811035
    },
    "insertOneThenUpdateBirthdayStruct": {
        "baseline": {
            "cpu_util": 0.0,
            "disk_read": 0.5024333000183105,
            "disk_write": 5.445516586303711,
            "disk_used": 3.9034996032714844,
            "disk_free": 24.098575592041016,
            "virtual_used": 0.99407958984375,
            "virtual_free": 0.8717880249023438
        },
        "samples": [
            {
                "cpu_util": 5.0,
                "disk_read": 0.5024333000183105,
                "disk_write": 5.445520401000977,
                "disk_used": 3.9034996032714844,
                "disk_free": 24.098575592041016,
                "virtual_used": 0.99407958984375,
                "virtual_free": 0.8717880249023438,
                "sample": 1
            }
        ],
        "response_time": 0.0015120506286621094
    }
}