{
    "delete": {
        "baseline": {
            "cpu_util": 0.0,
            "disk_read": 0.5024333000183105,
            "disk_write": 5.444780349731445,
            "disk_used": 3.9034347534179688,
            "disk_free": 24.09864044189453,
            "virtual_used": 0.9937858581542969,
            "virtual_free": 0.8720817565917969
        },
        "samples": [
            {
                "cpu_util": 0.0,
                "disk_read": 0.5024333000183105,
                "disk_write": 5.444784164428711,
                "disk_used": 3.9034347534179688,
                "disk_free": 24.09864044189453,
                "virtual_used": 0.9937858581542969,
                "virtual_free": 0.8720817565917969,
                "sample": 1
            }
        ],
        "response_time": 0.0008895397186279297
    },
    "create": {
        "baseline": {
            "cpu_util": 5.0,
            "disk_read": 0.5024333000183105,
            "disk_write": 5.444784164428711,
            "disk_used": 3.9034347534179688,
            "disk_free": 24.09864044189453,
            "virtual_used": 0.9939994812011719,
            "virtual_free": 0.8718681335449219
        },
        "samples": [
            {
                "cpu_util": 5.0,
                "disk_read": 0.5024333000183105,
                "disk_write": 5.444940567016602,
                "disk_used": 3.9034423828125,
                "disk_free": 24.0986328125,
                "virtual_used": 0.9939384460449219,
                "virtual_free": 0.8719291687011719,
                "sample": 1
            }
        ],
        "response_time": 0.016972780227661133
    },
    "insertOneThenUpdateBirthdayStruct": {
        "baseline": {
            "cpu_util": 0.0,
            "disk_read": 0.5024333000183105,
            "disk_write": 5.444971084594727,
            "disk_used": 3.9034576416015625,
            "disk_free": 24.098617553710938,
            "virtual_used": 0.9939308166503906,
            "virtual_free": 0.8719367980957031
        },
        "samples": [
            {
                "cpu_util": 0.0,
                "disk_read": 0.5024333000183105,
                "disk_write": 5.444974899291992,
                "disk_used": 3.9034576416015625,
                "disk_free": 24.098617553710938,
                "virtual_used": 0.9941596984863281,
                "virtual_free": 0.8717079162597656,
                "sample": 1
            }
        ],
        "response_time": 0.0015490055084228516
    }
}