{
    "delete": {
        "baseline": {
            "cpu_util": 0.0,
            "disk_read": 12.457633972167969,
            "disk_write": 4.711084365844727,
            "disk_used": 4.041645050048828,
            "disk_free": 23.960430145263672,
            "virtual_used": 0.9636573791503906,
            "virtual_free": 0.9022102355957031
        },
        "samples": [
            {
                "cpu_util": 33.3,
                "disk_read": 12.457633972167969,
                "disk_write": 4.711088180541992,
                "disk_used": 4.043052673339844,
                "disk_free": 23.959022521972656,
                "virtual_used": 0.9677467346191406,
                "virtual_free": 0.8981208801269531,
                "sample": 1
            }
        ],
        "response_time": 0.00092315673828125
    },
    "create": {
        "baseline": {
            "cpu_util": 0.0,
            "disk_read": 12.457633972167969,
            "disk_write": 4.711088180541992,
            "disk_used": 4.043052673339844,
            "disk_free": 23.959022521972656,
            "virtual_used": 0.9677467346191406,
            "virtual_free": 0.8981208801269531
        },
        "samples": [
            {
                "cpu_util": 36.4,
                "disk_read": 12.457633972167969,
                "disk_write": 4.711709976196289,
                "disk_used": 4.043060302734375,
                "disk_free": 23.959014892578125,
                "virtual_used": 0.9742813110351562,
                "virtual_free": 0.8915863037109375,
                "sample": 1
            }
        ],
        "response_time": 0.09565234184265137
    },
    "replaceOneStruct": {
        "baseline": {
            "cpu_util": 0.0,
            "disk_read": 12.457633972167969,
            "disk_write": 4.711709976196289,
            "disk_used": 4.043060302734375,
            "disk_free": 23.959014892578125,
            "virtual_used": 0.9742813110351562,
            "virtual_free": 0.8915863037109375
        },
        "samples": [
            {
                "cpu_util": 9.5,
                "disk_read": 12.457633972167969,
                "disk_write": 4.711713790893555,
                "disk_used": 4.043060302734375,
                "disk_free": 23.959014892578125,
                "virtual_used": 0.9711189270019531,
                "virtual_free": 0.8947486877441406,
                "sample": 1
            }
        ],
        "response_time": 0.007684230804443359
    }
}