{
    "delete": {
        "baseline": {
            "cpu_util": 0.0,
            "disk_read": 53.61997652053833,
            "disk_write": 5.914682388305664,
            "disk_used": 5.862266540527344,
            "disk_free": 22.139808654785156,
            "virtual_used": 0.9164161682128906,
            "virtual_free": 0.9494476318359375
        },
        "samples": [
            {
                "cpu_util": 0.0,
                "disk_read": 53.61997652053833,
                "disk_write": 5.91468620300293,
                "disk_used": 5.862266540527344,
                "disk_free": 22.139808654785156,
                "virtual_used": 0.916412353515625,
                "virtual_free": 0.9494514465332031,
                "sample": 1
            }
        ],
        "response_time": 0.0008921623229980469
    },
    "create": {
        "baseline": {
            "cpu_util": 0.0,
            "disk_read": 53.61997652053833,
            "disk_write": 5.91468620300293,
            "disk_used": 5.862266540527344,
            "disk_free": 22.139808654785156,
            "virtual_used": 0.916412353515625,
            "virtual_free": 0.9494514465332031
        },
        "samples": [
            {
                "cpu_util": 30.4,
                "disk_read": 53.61997652053833,
                "disk_write": 5.915300369262695,
                "disk_used": 5.862277984619141,
                "disk_free": 22.13979721069336,
                "virtual_used": 0.9169197082519531,
                "virtual_free": 0.948944091796875,
                "sample": 1
            }
        ],
        "response_time": 0.07900810241699219
    },
    "insertOneStruct": {
        "baseline": {
            "cpu_util": 5.0,
            "disk_read": 53.61997652053833,
            "disk_write": 5.91533088684082,
            "disk_used": 5.862277984619141,
            "disk_free": 22.13979721069336,
            "virtual_used": 0.9171600341796875,
            "virtual_free": 0.9487037658691406
        },
        "samples": [
            {
                "cpu_util": 0.0,
                "disk_read": 53.61997652053833,
                "disk_write": 5.915334701538086,
                "disk_used": 5.862277984619141,
                "disk_free": 22.13979721069336,
                "virtual_used": 0.9171600341796875,
                "virtual_free": 0.9487037658691406,
                "sample": 1
            }
        ],
        "response_time": 0.0007867813110351562
    }
}