{
    "delete": {
        "baseline": {
            "cpu_util": 0.0,
            "disk_read": 0.3494758605957031,
            "disk_write": 2.886178970336914,
            "disk_used": 3.8775291442871094,
            "disk_free": 24.12454605102539,
            "virtual_used": 1.0516242980957031,
            "virtual_free": 2.695343017578125
        },
        "samples": [
            {
                "cpu_util": 0.0,
                "disk_read": 0.3494758605957031,
                "disk_write": 2.8861827850341797,
                "disk_used": 3.877532958984375,
                "disk_free": 24.124542236328125,
                "virtual_used": 1.0516204833984375,
                "virtual_free": 2.6953468322753906,
                "sample": 1
            }
        ],
        "response_time": 0.0010170936584472656
    },
    "create": {
        "baseline": {
            "cpu_util": 0.0,
            "disk_read": 0.3494758605957031,
            "disk_write": 2.8861827850341797,
            "disk_used": 3.877532958984375,
            "disk_free": 24.124542236328125,
            "virtual_used": 1.0516204833984375,
            "virtual_free": 2.6953468322753906
        },
        "samples": [
            {
                "cpu_util": 40.9,
                "disk_read": 0.3494758605957031,
                "disk_write": 2.886556625366211,
                "disk_used": 3.8775405883789062,
                "disk_free": 24.124534606933594,
                "virtual_used": 1.0454826354980469,
                "virtual_free": 2.7014846801757812,
                "sample": 1
            }
        ],
        "response_time": 0.11129641532897949
    },
    "readOneStruct": {
        "baseline": {
            "cpu_util": 0.0,
            "disk_read": 0.3494758605957031,
            "disk_write": 2.8868236541748047,
            "disk_used": 3.8775405883789062,
            "disk_free": 24.124534606933594,
            "virtual_used": 1.0452690124511719,
            "virtual_free": 2.7016983032226562
        },
        "samples": [
            {
                "cpu_util": 0.0,
                "disk_read": 0.3494758605957031,
                "disk_write": 2.8868236541748047,
                "disk_used": 3.8775405883789062,
                "disk_free": 24.124534606933594,
                "virtual_used": 1.0452690124511719,
                "virtual_free": 2.7016983032226562,
                "sample": 1
            }
        ],
        "response_time": 0.0070705413818359375
    }
}