{
    "delete": {
        "baseline": {
            "cpu_util": 0.0,
            "disk_read": 0.5024027824401855,
            "disk_write": 5.150957107543945,
            "disk_used": 3.981842041015625,
            "disk_free": 24.020233154296875,
            "virtual_used": 0.9921112060546875,
            "virtual_free": 0.8737564086914062
        },
        "samples": [
            {
                "cpu_util": 0.0,
                "disk_read": 0.5024027824401855,
                "disk_write": 5.150960922241211,
                "disk_used": 3.981842041015625,
                "disk_free": 24.020233154296875,
                "virtual_used": 0.9921035766601562,
                "virtual_free": 0.8737640380859375,
                "sample": 1
            }
        ],
        "response_time": 0.0010023117065429688
    },
    "create": {
        "baseline": {
            "cpu_util": 0.0,
            "disk_read": 0.5024027824401855,
            "disk_write": 5.150960922241211,
            "disk_used": 3.981842041015625,
            "disk_free": 24.020233154296875,
            "virtual_used": 0.9921035766601562,
            "virtual_free": 0.8737640380859375
        },
        "samples": [
            {
                "cpu_util": 10.0,
                "disk_read": 0.5024027824401855,
                "disk_write": 5.151182174682617,
                "disk_used": 3.9818496704101562,
                "disk_free": 24.020225524902344,
                "virtual_used": 0.9921035766601562,
                "virtual_free": 0.8737640380859375,
                "sample": 1
            }
        ],
        "response_time": 0.03184103965759277
    },
    "replaceOneStruct": {
        "baseline": {
            "cpu_util": 0.0,
            "disk_read": 0.5024027824401855,
            "disk_write": 5.151182174682617,
            "disk_used": 3.9818496704101562,
            "disk_free": 24.020225524902344,
            "virtual_used": 0.9921035766601562,
            "virtual_free": 0.8737640380859375
        },
        "samples": [
            {
                "cpu_util": 0.0,
                "disk_read": 0.5024027824401855,
                "disk_write": 5.151185989379883,
                "disk_used": 3.9818496704101562,
                "disk_free": 24.020225524902344,
                "virtual_used": 0.9921035766601562,
                "virtual_free": 0.8737640380859375,
                "sample": 1
            }
        ],
        "response_time": 0.00609588623046875
    }
}