{
    "delete": {
        "baseline": {
            "cpu_util": 0.0,
            "disk_read": 0.38317441940307617,
            "disk_write": 3.003385543823242,
            "disk_used": 4.173576354980469,
            "disk_free": 23.82849884033203,
            "virtual_used": 1.1259841918945312,
            "virtual_free": 0.7398834228515625
        },
        "samples": [
            {
                "cpu_util": 4.8,
                "disk_read": 0.38317441940307617,
                "disk_write": 3.003389358520508,
                "disk_used": 4.173580169677734,
                "disk_free": 23.828495025634766,
                "virtual_used": 1.1259765625,
                "virtual_free": 0.7398910522460938,
                "sample": 1
            }
        ],
        "response_time": 0.0010051727294921875
    },
    "create": {
        "baseline": {
            "cpu_util": 0.0,
            "disk_read": 0.38317441940307617,
            "disk_write": 3.003389358520508,
            "disk_used": 4.173580169677734,
            "disk_free": 23.828495025634766,
            "virtual_used": 1.1259765625,
            "virtual_free": 0.7398910522460938
        },
        "samples": [
            {
                "cpu_util": 50.0,
                "disk_read": 0.38317441940307617,
                "disk_write": 3.003389358520508,
                "disk_used": 4.173580169677734,
                "disk_free": 23.828495025634766,
                "virtual_used": 1.1259765625,
                "virtual_free": 0.7398910522460938,
                "sample": 1
            },
            {
                "cpu_util": 52.0,
                "disk_read": 0.38317441940307617,
                "disk_write": 3.003389358520508,
                "disk_used": 4.173580169677734,
                "disk_free": 23.828495025634766,
                "virtual_used": 1.1503028869628906,
                "virtual_free": 0.7155647277832031,
                "sample": 2
            },
            {
                "cpu_util": 52.6,
                "disk_read": 0.38317441940307617,
                "disk_write": 3.0071659088134766,
                "disk_used": 4.173587799072266,
                "disk_free": 23.828487396240234,
                "virtual_used": 1.1418876647949219,
                "virtual_free": 0.7239799499511719,
                "sample": 3
            },
            {
                "cpu_util": 63.6,
                "disk_read": 0.38317441940307617,
                "disk_write": 3.0096988677978516,
                "disk_used": 4.175441741943359,
                "disk_free": 23.82663345336914,
                "virtual_used": 1.1402549743652344,
                "virtual_free": 0.7256126403808594,
                "sample": 4
            },
            {
                "cpu_util": 38.9,
                "disk_read": 0.38317441940307617,
                "disk_write": 3.0117549896240234,
                "disk_used": 4.182155609130859,
                "disk_free": 23.81991958618164,
                "virtual_used": 1.1403045654296875,
                "virtual_free": 0.7255630493164062,
                "sample": 5
            }
        ],
        "response_time": 0.9978606700897217
    },
    "replaceOneUnstruct": {
        "baseline": {
            "cpu_util": 21.1,
            "disk_read": 0.38317441940307617,
            "disk_write": 3.013002395629883,
            "disk_used": 4.185386657714844,
            "disk_free": 23.816688537597656,
            "virtual_used": 1.1523017883300781,
            "virtual_free": 0.7135658264160156
        },
        "samples": [
            {
                "cpu_util": 45.5,
                "disk_read": 0.38317441940307617,
                "disk_write": 3.013002395629883,
                "disk_used": 4.185386657714844,
                "disk_free": 23.816688537597656,
                "virtual_used": 1.1645736694335938,
                "virtual_free": 0.7012939453125,
                "sample": 1
            }
        ],
        "response_time": 0.07763123512268066
    }
}