{
    "delete": {
        "baseline": {
            "cpu_util": 14.3,
            "disk_read": 0.38317441940307617,
            "disk_write": 2.9937686920166016,
            "disk_used": 4.161766052246094,
            "disk_free": 23.840309143066406,
            "virtual_used": 1.1096229553222656,
            "virtual_free": 0.7562446594238281
        },
        "samples": [
            {
                "cpu_util": 0.0,
                "disk_read": 0.38317441940307617,
                "disk_write": 2.993772506713867,
                "disk_used": 4.161766052246094,
                "disk_free": 23.840309143066406,
                "virtual_used": 1.109619140625,
                "virtual_free": 0.7562484741210938,
                "sample": 1
            }
        ],
        "response_time": 0.0010135173797607422
    },
    "create": {
        "baseline": {
            "cpu_util": 5.0,
            "disk_read": 0.38317441940307617,
            "disk_write": 2.993772506713867,
            "disk_used": 4.161766052246094,
            "disk_free": 23.840309143066406,
            "virtual_used": 1.109619140625,
            "virtual_free": 0.7562484741210938
        },
        "samples": [
            {
                "cpu_util": 54.8,
                "disk_read": 0.38317441940307617,
                "disk_write": 2.993772506713867,
                "disk_used": 4.161766052246094,
                "disk_free": 23.840309143066406,
                "virtual_used": 1.109619140625,
                "virtual_free": 0.7562484741210938,
                "sample": 1
            },
            {
                "cpu_util": 57.1,
                "disk_read": 0.38317441940307617,
                "disk_write": 2.9938411712646484,
                "disk_used": 4.161769866943359,
                "disk_free": 23.84030532836914,
                "virtual_used": 1.1038131713867188,
                "virtual_free": 0.762054443359375,
                "sample": 2
            },
            {
                "cpu_util": 90.5,
                "disk_read": 0.38317441940307617,
                "disk_write": 2.996763229370117,
                "disk_used": 4.164691925048828,
                "disk_free": 23.837383270263672,
                "virtual_used": 1.1072654724121094,
                "virtual_free": 0.7586021423339844,
                "sample": 3
            },
            {
                "cpu_util": 80.0,
                "disk_read": 0.38317441940307617,
                "disk_write": 2.9990711212158203,
                "disk_used": 4.169918060302734,
                "disk_free": 23.832157135009766,
                "virtual_used": 1.1265754699707031,
                "virtual_free": 0.7392921447753906,
                "sample": 4
            },
            {
                "cpu_util": 28.6,
                "disk_read": 0.38317441940307617,
                "disk_write": 3.003175735473633,
                "disk_used": 4.171592712402344,
                "disk_free": 23.830482482910156,
                "virtual_used": 1.1380195617675781,
                "virtual_free": 0.7278480529785156,
                "sample": 5
            }
        ],
        "response_time": 1.1989243030548096
    },
    "replaceOneUnstruct": {
        "baseline": {
            "cpu_util": 0.0,
            "disk_read": 0.38317441940307617,
            "disk_write": 3.0033817291259766,
            "disk_used": 4.173572540283203,
            "disk_free": 23.828502655029297,
            "virtual_used": 1.135894775390625,
            "virtual_free": 0.7299728393554688
        },
        "samples": [
            {
                "cpu_util": 33.3,
                "disk_read": 0.38317441940307617,
                "disk_write": 3.0033817291259766,
                "disk_used": 4.173572540283203,
                "disk_free": 23.828502655029297,
                "virtual_used": 1.1255302429199219,
                "virtual_free": 0.7403373718261719,
                "sample": 1
            }
        ],
        "response_time": 0.06923699378967285
    }
}