{
    "delete": {
        "baseline": {
            "cpu_util": 0.0,
            "disk_read": 0.5854620933532715,
            "disk_write": 4.211267471313477,
            "disk_used": 5.653644561767578,
            "disk_free": 22.348430633544922,
            "virtual_used": 0.9269371032714844,
            "virtual_free": 0.9389266967773438
        },
        "samples": [
            {
                "cpu_util": 0.0,
                "disk_read": 0.5854620933532715,
                "disk_write": 4.211271286010742,
                "disk_used": 5.653644561767578,
                "disk_free": 22.348430633544922,
                "virtual_used": 0.9269332885742188,
                "virtual_free": 0.9389305114746094,
                "sample": 1
            }
        ],
        "response_time": 0.0008702278137207031
    },
    "create": {
        "baseline": {
            "cpu_util": 4.8,
            "disk_read": 0.5854620933532715,
            "disk_write": 4.211271286010742,
            "disk_used": 5.653644561767578,
            "disk_free": 22.348430633544922,
            "virtual_used": 0.9269332885742188,
            "virtual_free": 0.9389305114746094
        },
        "samples": [
            {
                "cpu_util": 0.0,
                "disk_read": 0.5854620933532715,
                "disk_write": 4.211423873901367,
                "disk_used": 5.653652191162109,
                "disk_free": 22.34842300415039,
                "virtual_used": 0.9269142150878906,
                "virtual_free": 0.9389495849609375,
                "sample": 1
            }
        ],
        "response_time": 0.01771831512451172
    },
    "insertOneThenUpdateTimestampUnstruct": {
        "baseline": {
            "cpu_util": 0.0,
            "disk_read": 0.5854620933532715,
            "disk_write": 4.211454391479492,
            "disk_used": 5.653652191162109,
            "disk_free": 22.34842300415039,
            "virtual_used": 0.926910400390625,
            "virtual_free": 0.9389533996582031
        },
        "samples": [
            {
                "cpu_util": 0.0,
                "disk_read": 0.5854620933532715,
                "disk_write": 4.211458206176758,
                "disk_used": 5.653652191162109,
                "disk_free": 22.34842300415039,
                "virtual_used": 0.926910400390625,
                "virtual_free": 0.9389533996582031,
                "sample": 1
            }
        ],
        "response_time": 0.0015101432800292969
    }
}