{
    "delete": {
        "baseline": {
            "cpu_util": 10.5,
            "disk_read": 0.5841498374938965,
            "disk_write": 2.5504398345947266,
            "disk_used": 6.317424774169922,
            "disk_free": 21.684650421142578,
            "virtual_used": 1.1906089782714844,
            "virtual_free": 0.6752548217773438
        },
        "samples": [
            {
                "cpu_util": 0.0,
                "disk_read": 0.5841498374938965,
                "disk_write": 2.550466537475586,
                "disk_used": 6.317424774169922,
                "disk_free": 21.684650421142578,
                "virtual_used": 1.1906089782714844,
                "virtual_free": 0.6752548217773438,
                "sample": 1
            }
        ],
        "response_time": 0.0008749961853027344
    },
    "create": {
        "baseline": {
            "cpu_util": 0.0,
            "disk_read": 0.5841498374938965,
            "disk_write": 2.550466537475586,
            "disk_used": 6.317424774169922,
            "disk_free": 21.684650421142578,
            "virtual_used": 1.1908226013183594,
            "virtual_free": 0.6750411987304688
        },
        "samples": [
            {
                "cpu_util": 50.0,
                "disk_read": 0.5841498374938965,
                "disk_write": 2.550466537475586,
                "disk_used": 6.317424774169922,
                "disk_free": 21.684650421142578,
                "virtual_used": 1.1908226013183594,
                "virtual_free": 0.6750411987304688,
                "sample": 1
            },
            {
                "cpu_util": 45.0,
                "disk_read": 0.5841498374938965,
                "disk_write": 2.5506229400634766,
                "disk_used": 6.317432403564453,
                "disk_free": 21.684642791748047,
                "virtual_used": 1.1872940063476562,
                "virtual_free": 0.6785697937011719,
                "sample": 2
            },
            {
                "cpu_util": 52.6,
                "disk_read": 0.5841498374938965,
                "disk_write": 2.557279586791992,
                "disk_used": 6.317859649658203,
                "disk_free": 21.684215545654297,
                "virtual_used": 1.19232177734375,
                "virtual_free": 0.6735420227050781,
                "sample": 3
            },
            {
                "cpu_util": 0.0,
                "disk_read": 0.5841498374938965,
                "disk_write": 2.5600337982177734,
                "disk_used": 6.327152252197266,
                "disk_free": 21.674922943115234,
                "virtual_used": 1.1876869201660156,
                "virtual_free": 0.6781768798828125,
                "sample": 4
            }
        ],
        "response_time": 0.6678776741027832
    },
    "updateManyUnstruct": {
        "baseline": {
            "cpu_util": 0.0,
            "disk_read": 0.5841498374938965,
            "disk_write": 2.5600337982177734,
            "disk_used": 6.327152252197266,
            "disk_free": 21.674922943115234,
            "virtual_used": 1.1876945495605469,
            "virtual_free": 0.6781692504882812
        },
        "samples": [
            {
                "cpu_util": 50.0,
                "disk_read": 0.5841498374938965,
                "disk_write": 2.5607776641845703,
                "disk_used": 6.327152252197266,
                "disk_free": 21.674922943115234,
                "virtual_used": 1.1873512268066406,
                "virtual_free": 0.6785125732421875,
                "sample": 1
            },
            {
                "cpu_util": 52.4,
                "disk_read": 0.5841498374938965,
                "disk_write": 2.5636425018310547,
                "disk_used": 6.327152252197266,
                "disk_free": 21.674922943115234,
                "virtual_used": 1.1889457702636719,
                "virtual_free": 0.6769180297851562,
                "sample": 2
            },
            {
                "cpu_util": 52.4,
                "disk_read": 0.5841498374938965,
                "disk_write": 2.5664806365966797,
                "disk_used": 6.327152252197266,
                "disk_free": 21.674922943115234,
                "virtual_used": 1.1935653686523438,
                "virtual_free": 0.6722984313964844,
                "sample": 3
            },
            {
                "cpu_util": 57.9,
                "disk_read": 0.5841498374938965,
                "disk_write": 2.569253921508789,
                "disk_used": 6.3272552490234375,
                "disk_free": 21.674819946289062,
                "virtual_used": 1.1909599304199219,
                "virtual_free": 0.6749038696289062,
                "sample": 4
            },
            {
                "cpu_util": 35.0,
                "disk_read": 0.5841498374938965,
                "disk_write": 2.571504592895508,
                "disk_used": 6.327278137207031,
                "disk_free": 21.67479705810547,
                "virtual_used": 1.1972770690917969,
                "virtual_free": 0.6685867309570312,
                "sample": 5
            }
        ],
        "response_time": 0.8666393756866455
    }
}