{
    "delete": {
        "baseline": {
            "cpu_util": 5.0,
            "disk_read": 12.482494354248047,
            "disk_write": 4.855554580688477,
            "disk_used": 4.128852844238281,
            "disk_free": 23.87322235107422,
            "virtual_used": 1.1558265686035156,
            "virtual_free": 0.7100410461425781
        },
        "samples": [
            {
                "cpu_util": 18.2,
                "disk_read": 12.482494354248047,
                "disk_write": 4.855558395385742,
                "disk_used": 4.128852844238281,
                "disk_free": 23.87322235107422,
                "virtual_used": 1.1483421325683594,
                "virtual_free": 0.7175254821777344,
                "sample": 1
            }
        ],
        "response_time": 0.001153707504272461
    },
    "create": {
        "baseline": {
            "cpu_util": 5.0,
            "disk_read": 12.482494354248047,
            "disk_write": 4.855558395385742,
            "disk_used": 4.128852844238281,
            "disk_free": 23.87322235107422,
            "virtual_used": 1.1483421325683594,
            "virtual_free": 0.7175254821777344
        },
        "samples": [
            {
                "cpu_util": 59.3,
                "disk_read": 12.482494354248047,
                "disk_write": 4.855558395385742,
                "disk_used": 4.128852844238281,
                "disk_free": 23.87322235107422,
                "virtual_used": 1.1490631103515625,
                "virtual_free": 0.7168045043945312,
                "sample": 1
            },
            {
                "cpu_util": 60.9,
                "disk_read": 12.482494354248047,
                "disk_write": 4.855558395385742,
                "disk_used": 4.128852844238281,
                "disk_free": 23.87322235107422,
                "virtual_used": 1.157989501953125,
                "virtual_free": 0.7078781127929688,
                "sample": 2
            },
            {
                "cpu_util": 68.2,
                "disk_read": 12.482494354248047,
                "disk_write": 4.856767654418945,
                "disk_used": 4.1300811767578125,
                "disk_free": 23.871994018554688,
                "virtual_used": 1.1505889892578125,
                "virtual_free": 0.7152786254882812,
                "sample": 3
            },
            {
                "cpu_util": 66.7,
                "disk_read": 12.482494354248047,
                "disk_write": 4.858545303344727,
                "disk_used": 4.131816864013672,
                "disk_free": 23.870258331298828,
                "virtual_used": 1.1522293090820312,
                "virtual_free": 0.7136383056640625,
                "sample": 4
            },
            {
                "cpu_util": 33.3,
                "disk_read": 12.482494354248047,
                "disk_write": 4.860433578491211,
                "disk_used": 4.133945465087891,
                "disk_free": 23.86812973022461,
                "virtual_used": 1.1562919616699219,
                "virtual_free": 0.7095756530761719,
                "sample": 5
            }
        ],
        "response_time": 1.3325765132904053
    },
    "insertManyStruct": {
        "baseline": {
            "cpu_util": 13.6,
            "disk_read": 12.482494354248047,
            "disk_write": 4.860433578491211,
            "disk_used": 4.133945465087891,
            "disk_free": 23.86812973022461,
            "virtual_used": 1.1562919616699219,
            "virtual_free": 0.7095756530761719
        },
        "samples": [
            {
                "cpu_util": 59.3,
                "disk_read": 12.482494354248047,
                "disk_write": 4.860433578491211,
                "disk_used": 4.133945465087891,
                "disk_free": 23.86812973022461,
                "virtual_used": 1.1562843322753906,
                "virtual_free": 0.7095832824707031,
                "sample": 1
            },
            {
                "cpu_util": 59.1,
                "disk_read": 12.482494354248047,
                "disk_write": 4.860433578491211,
                "disk_used": 4.133945465087891,
                "disk_free": 23.86812973022461,
                "virtual_used": 1.1468582153320312,
                "virtual_free": 0.7190093994140625,
                "sample": 2
            },
            {
                "cpu_util": 95.0,
                "disk_read": 12.482494354248047,
                "disk_write": 4.861860275268555,
                "disk_used": 4.1363677978515625,
                "disk_free": 23.865707397460938,
                "virtual_used": 1.1499137878417969,
                "virtual_free": 0.7159538269042969,
                "sample": 3
            },
            {
                "cpu_util": 52.4,
                "disk_read": 12.482494354248047,
                "disk_write": 4.86406135559082,
                "disk_used": 4.136837005615234,
                "disk_free": 23.865238189697266,
                "virtual_used": 1.1507987976074219,
                "virtual_free": 0.7150688171386719,
                "sample": 4
            }
        ],
        "response_time": 0.9187548160552979
    }
}