{
    "delete": {
        "baseline": {
            "cpu_util": 0.0,
            "disk_read": 0.40498971939086914,
            "disk_write": 1.108591079711914,
            "disk_used": 4.001178741455078,
            "disk_free": 24.000896453857422,
            "virtual_used": 0.9231834411621094,
            "virtual_free": 0.9426841735839844
        },
        "samples": [
            {
                "cpu_util": 9.5,
                "disk_read": 0.40498971939086914,
                "disk_write": 1.1085948944091797,
                "disk_used": 4.001396179199219,
                "disk_free": 24.00067901611328,
                "virtual_used": 0.923095703125,
                "virtual_free": 0.9427719116210938,
                "sample": 1
            }
        ],
        "response_time": 0.0009441375732421875
    },
    "create": {
        "baseline": {
            "cpu_util": 0.0,
            "disk_read": 0.40498971939086914,
            "disk_write": 1.1085948944091797,
            "disk_used": 4.00225830078125,
            "disk_free": 23.99981689453125,
            "virtual_used": 0.9228439331054688,
            "virtual_free": 0.943023681640625
        },
        "samples": [
            {
                "cpu_util": 40.9,
                "disk_read": 0.40498971939086914,
                "disk_write": 1.1087360382080078,
                "disk_used": 4.002265930175781,
                "disk_free": 23.99980926513672,
                "virtual_used": 0.92376708984375,
                "virtual_free": 0.9421005249023438,
                "sample": 1
            }
        ],
        "response_time": 0.10145211219787598
    },
    "replaceOneUnstruct": {
        "baseline": {
            "cpu_util": 0.0,
            "disk_read": 0.40498971939086914,
            "disk_write": 1.1096973419189453,
            "disk_used": 4.002265930175781,
            "disk_free": 23.99980926513672,
            "virtual_used": 0.9256629943847656,
            "virtual_free": 0.9402046203613281
        },
        "samples": [
            {
                "cpu_util": 10.0,
                "disk_read": 0.40498971939086914,
                "disk_write": 1.109701156616211,
                "disk_used": 4.002265930175781,
                "disk_free": 23.99980926513672,
                "virtual_used": 0.9260978698730469,
                "virtual_free": 0.9397697448730469,
                "sample": 1
            }
        ],
        "response_time": 0.012789011001586914
    }
}