{
    "delete": {
        "baseline": {
            "cpu_util": 0.0,
            "disk_read": 0.3294830322265625,
            "disk_write": 1.0464229583740234,
            "disk_used": 3.8316726684570312,
            "disk_free": 24.17040252685547,
            "virtual_used": 0.9560966491699219,
            "virtual_free": 0.9097709655761719
        },
        "samples": [
            {
                "cpu_util": 0.0,
                "disk_read": 0.3294830322265625,
                "disk_write": 1.046426773071289,
                "disk_used": 3.8316726684570312,
                "disk_free": 24.17040252685547,
                "virtual_used": 0.9565773010253906,
                "virtual_free": 0.9092903137207031,
                "sample": 1
            }
        ],
        "response_time": 0.0008933544158935547
    },
    "create": {
        "baseline": {
            "cpu_util": 0.0,
            "disk_read": 0.3294830322265625,
            "disk_write": 1.046426773071289,
            "disk_used": 3.8316726684570312,
            "disk_free": 24.17040252685547,
            "virtual_used": 0.956573486328125,
            "virtual_free": 0.9092941284179688
        },
        "samples": [
            {
                "cpu_util": 48.0,
                "disk_read": 0.3294830322265625,
                "disk_write": 1.046426773071289,
                "disk_used": 3.8316726684570312,
                "disk_free": 24.17040252685547,
                "virtual_used": 0.956573486328125,
                "virtual_free": 0.9092941284179688,
                "sample": 1
            },
            {
                "cpu_util": 54.2,
                "disk_read": 0.3294830322265625,
                "disk_write": 1.046426773071289,
                "disk_used": 3.8316726684570312,
                "disk_free": 24.17040252685547,
                "virtual_used": 0.9575347900390625,
                "virtual_free": 0.9083328247070312,
                "sample": 2
            },
            {
                "cpu_util": 57.1,
                "disk_read": 0.3294830322265625,
                "disk_write": 1.0472545623779297,
                "disk_used": 3.8316802978515625,
                "disk_free": 24.170394897460938,
                "virtual_used": 0.964263916015625,
                "virtual_free": 0.9016036987304688,
                "sample": 3
            },
            {
                "cpu_util": 55.0,
                "disk_read": 0.3294830322265625,
                "disk_write": 1.052072525024414,
                "disk_used": 3.8316802978515625,
                "disk_free": 24.170394897460938,
                "virtual_used": 0.9710578918457031,
                "virtual_free": 0.8948097229003906,
                "sample": 4
            },
            {
                "cpu_util": 70.0,
                "disk_read": 0.3294830322265625,
                "disk_write": 1.0549373626708984,
                "disk_used": 3.840221405029297,
                "disk_free": 24.161853790283203,
                "virtual_used": 0.9830398559570312,
                "virtual_free": 0.8828277587890625,
                "sample": 5
            }
        ],
        "response_time": 1.1625816822052002
    },
    "insertOneUnstruct": {
        "baseline": {
            "cpu_util": 0.0,
            "disk_read": 0.3294830322265625,
            "disk_write": 1.0561084747314453,
            "disk_used": 3.8399810791015625,
            "disk_free": 24.162094116210938,
            "virtual_used": 0.9723281860351562,
            "virtual_free": 0.8935394287109375
        },
        "samples": [
            {
                "cpu_util": 0.0,
                "disk_read": 0.3294830322265625,
                "disk_write": 1.056112289428711,
                "disk_used": 3.8399810791015625,
                "disk_free": 24.162094116210938,
                "virtual_used": 0.9723281860351562,
                "virtual_free": 0.8935394287109375,
                "sample": 1
            }
        ],
        "response_time": 0.0012273788452148438
    }
}