{
    "delete": {
        "baseline": {
            "cpu_util": 0.0,
            "disk_read": 0.34246397018432617,
            "disk_write": 3.1685619354248047,
            "disk_used": 3.8930091857910156,
            "disk_free": 24.109066009521484,
            "virtual_used": 1.0931739807128906,
            "virtual_free": 2.6537818908691406
        },
        "samples": [
            {
                "cpu_util": 0.0,
                "disk_read": 0.34246397018432617,
                "disk_write": 3.1685657501220703,
                "disk_used": 3.8930091857910156,
                "disk_free": 24.109066009521484,
                "virtual_used": 1.0931739807128906,
                "virtual_free": 2.6537818908691406,
                "sample": 1
            }
        ],
        "response_time": 0.0008711814880371094
    },
    "create": {
        "baseline": {
            "cpu_util": 0.0,
            "disk_read": 0.34246397018432617,
            "disk_write": 3.1685848236083984,
            "disk_used": 3.8930091857910156,
            "disk_free": 24.109066009521484,
            "virtual_used": 1.0931739807128906,
            "virtual_free": 2.6537818908691406
        },
        "samples": [
            {
                "cpu_util": 9.5,
                "disk_read": 0.34246397018432617,
                "disk_write": 3.1687679290771484,
                "disk_used": 3.893016815185547,
                "disk_free": 24.109058380126953,
                "virtual_used": 1.093170166015625,
                "virtual_free": 2.6537857055664062,
                "sample": 1
            }
        ],
        "response_time": 0.01463007926940918
    },
    "updateOneUnstruct": {
        "baseline": {
            "cpu_util": 4.8,
            "disk_read": 0.34246397018432617,
            "disk_write": 3.1687679290771484,
            "disk_used": 3.893016815185547,
            "disk_free": 24.109058380126953,
            "virtual_used": 1.093170166015625,
            "virtual_free": 2.6537857055664062
        },
        "samples": [
            {
                "cpu_util": 0.0,
                "disk_read": 0.34246397018432617,
                "disk_write": 3.168771743774414,
                "disk_used": 3.893016815185547,
                "disk_free": 24.109058380126953,
                "virtual_used": 1.093170166015625,
                "virtual_free": 2.6537857055664062,
                "sample": 1
            }
        ],
        "response_time": 0.0019931793212890625
    }
}