{
    "delete": {
        "baseline": {
            "cpu_util": 0.0,
            "disk_read": 12.483036041259766,
            "disk_write": 5.835535049438477,
            "disk_used": 4.035896301269531,
            "disk_free": 23.96617889404297,
            "virtual_used": 1.0035247802734375,
            "virtual_free": 0.8623428344726562
        },
        "samples": [
            {
                "cpu_util": 0.0,
                "disk_read": 12.483036041259766,
                "disk_write": 5.835580825805664,
                "disk_used": 4.035896301269531,
                "disk_free": 23.96617889404297,
                "virtual_used": 1.0035171508789062,
                "virtual_free": 0.8623504638671875,
                "sample": 1
            }
        ],
        "response_time": 0.0008320808410644531
    },
    "create": {
        "baseline": {
            "cpu_util": 0.0,
            "disk_read": 12.483036041259766,
            "disk_write": 5.835580825805664,
            "disk_used": 4.035896301269531,
            "disk_free": 23.96617889404297,
            "virtual_used": 1.0035171508789062,
            "virtual_free": 0.8623504638671875
        },
        "samples": [
            {
                "cpu_util": 9.1,
                "disk_read": 12.483036041259766,
                "disk_write": 5.835737228393555,
                "disk_used": 4.0359039306640625,
                "disk_free": 23.966171264648438,
                "virtual_used": 1.0034065246582031,
                "virtual_free": 0.8624610900878906,
                "sample": 1
            }
        ],
        "response_time": 0.018719911575317383
    },
    "updateManyStruct": {
        "baseline": {
            "cpu_util": 0.0,
            "disk_read": 12.483036041259766,
            "disk_write": 5.835737228393555,
            "disk_used": 4.0359039306640625,
            "disk_free": 23.966171264648438,
            "virtual_used": 1.0034065246582031,
            "virtual_free": 0.8624610900878906
        },
        "samples": [
            {
                "cpu_util": 0.0,
                "disk_read": 12.483036041259766,
                "disk_write": 5.835775375366211,
                "disk_used": 4.0359039306640625,
                "disk_free": 23.966171264648438,
                "virtual_used": 1.0033836364746094,
                "virtual_free": 0.8624839782714844,
                "sample": 1
            }
        ],
        "response_time": 0.002087116241455078
    }
}