{
    "delete": {
        "baseline": {
            "cpu_util": 0.0,
            "disk_read": 0.32379674911499023,
            "disk_write": 1.901346206665039,
            "disk_used": 4.0854644775390625,
            "disk_free": 23.916610717773438,
            "virtual_used": 1.3993721008300781,
            "virtual_free": 2.3475875854492188
        },
        "samples": [
            {
                "cpu_util": 0.0,
                "disk_read": 0.32379674911499023,
                "disk_write": 1.9013500213623047,
                "disk_used": 4.0854644775390625,
                "disk_free": 23.916610717773438,
                "virtual_used": 1.3993606567382812,
                "virtual_free": 2.3475990295410156,
                "sample": 1
            }
        ],
        "response_time": 0.0008592605590820312
    },
    "create": {
        "baseline": {
            "cpu_util": 0.0,
            "disk_read": 0.32379674911499023,
            "disk_write": 1.9013500213623047,
            "disk_used": 4.0854644775390625,
            "disk_free": 23.916610717773438,
            "virtual_used": 1.3993606567382812,
            "virtual_free": 2.3475990295410156
        },
        "samples": [
            {
                "cpu_util": 65.4,
                "disk_read": 0.32379674911499023,
                "disk_write": 1.9013500213623047,
                "disk_used": 4.0854644775390625,
                "disk_free": 23.916610717773438,
                "virtual_used": 1.3993606567382812,
                "virtual_free": 2.3475990295410156,
                "sample": 1
            },
            {
                "cpu_util": 45.0,
                "disk_read": 0.32379674911499023,
                "disk_write": 1.901510238647461,
                "disk_used": 4.085475921630859,
                "disk_free": 23.91659927368164,
                "virtual_used": 1.4093170166015625,
                "virtual_free": 2.3376426696777344,
                "sample": 2
            },
            {
                "cpu_util": 52.4,
                "disk_read": 0.32379674911499023,
                "disk_write": 1.906118392944336,
                "disk_used": 4.085475921630859,
                "disk_free": 23.91659927368164,
                "virtual_used": 1.4081954956054688,
                "virtual_free": 2.338764190673828,
                "sample": 3
            },
            {
                "cpu_util": 10.5,
                "disk_read": 0.32379674911499023,
                "disk_write": 1.9109172821044922,
                "disk_used": 4.085475921630859,
                "disk_free": 23.91659927368164,
                "virtual_used": 1.4055099487304688,
                "virtual_free": 2.341449737548828,
                "sample": 4
            }
        ],
        "response_time": 0.7938053607940674
    },
    "insertOneThenUpdateTimestampUnstruct": {
        "baseline": {
            "cpu_util": 14.3,
            "disk_read": 0.32379674911499023,
            "disk_write": 1.9215946197509766,
            "disk_used": 4.085475921630859,
            "disk_free": 23.91659927368164,
            "virtual_used": 1.4062004089355469,
            "virtual_free": 2.34075927734375
        },
        "samples": [
            {
                "cpu_util": 95.0,
                "disk_read": 0.32379674911499023,
                "disk_write": 1.9215984344482422,
                "disk_used": 4.086307525634766,
                "disk_free": 23.915767669677734,
                "virtual_used": 1.4062538146972656,
                "virtual_free": 2.3407058715820312,
                "sample": 1
            }
        ],
        "response_time": 0.131331205368042
    }
}