{
    "delete": {
        "baseline": {
            "cpu_util": 5.0,
            "disk_read": 0.4691200256347656,
            "disk_write": 3.590116500854492,
            "disk_used": 3.9903488159179688,
            "disk_free": 24.01172637939453,
            "virtual_used": 1.0293083190917969,
            "virtual_free": 0.8365592956542969
        },
        "samples": [
            {
                "cpu_util": 5.0,
                "disk_read": 0.4691200256347656,
                "disk_write": 3.590120315551758,
                "disk_used": 3.9903488159179688,
                "disk_free": 24.01172637939453,
                "virtual_used": 1.0293083190917969,
                "virtual_free": 0.8365592956542969,
                "sample": 1
            }
        ],
        "response_time": 0.0009436607360839844
    },
    "create": {
        "baseline": {
            "cpu_util": 0.0,
            "disk_read": 0.4691200256347656,
            "disk_write": 3.590120315551758,
            "disk_used": 3.9903488159179688,
            "disk_free": 24.01172637939453,
            "virtual_used": 1.0291900634765625,
            "virtual_free": 0.8366775512695312
        },
        "samples": [
            {
                "cpu_util": 59.2,
                "disk_read": 0.4691200256347656,
                "disk_write": 3.5901737213134766,
                "disk_used": 3.9903526306152344,
                "disk_free": 24.011722564697266,
                "virtual_used": 1.0301475524902344,
                "virtual_free": 0.8357200622558594,
                "sample": 1
            },
            {
                "cpu_util": 52.4,
                "disk_read": 0.4691200256347656,
                "disk_write": 3.590330123901367,
                "disk_used": 3.9903602600097656,
                "disk_free": 24.011714935302734,
                "virtual_used": 1.0231056213378906,
                "virtual_free": 0.8427619934082031,
                "sample": 2
            },
            {
                "cpu_util": 57.1,
                "disk_read": 0.4691200256347656,
                "disk_write": 3.5918140411376953,
                "disk_used": 3.9924354553222656,
                "disk_free": 24.009639739990234,
                "virtual_used": 1.0262069702148438,
                "virtual_free": 0.83966064453125,
                "sample": 3
            },
            {
                "cpu_util": 81.0,
                "disk_read": 0.4691200256347656,
                "disk_write": 3.5943431854248047,
                "disk_used": 3.9959373474121094,
                "disk_free": 24.00613784790039,
                "virtual_used": 1.0317916870117188,
                "virtual_free": 0.834075927734375,
                "sample": 4
            }
        ],
        "response_time": 1.022765874862671
    },
    "insertManyStruct": {
        "baseline": {
            "cpu_util": 10.0,
            "disk_read": 0.4691200256347656,
            "disk_write": 3.595064163208008,
            "disk_used": 3.9962310791015625,
            "disk_free": 24.005844116210938,
            "virtual_used": 1.0281143188476562,
            "virtual_free": 0.8377532958984375
        },
        "samples": [
            {
                "cpu_util": 58.3,
                "disk_read": 0.4691200256347656,
                "disk_write": 3.595064163208008,
                "disk_used": 3.9962310791015625,
                "disk_free": 24.005844116210938,
                "virtual_used": 1.0280685424804688,
                "virtual_free": 0.837799072265625,
                "sample": 1
            },
            {
                "cpu_util": 63.0,
                "disk_read": 0.4691200256347656,
                "disk_write": 3.595064163208008,
                "disk_used": 3.9962310791015625,
                "disk_free": 24.005844116210938,
                "virtual_used": 1.0280685424804688,
                "virtual_free": 0.837799072265625,
                "sample": 2
            },
            {
                "cpu_util": 57.1,
                "disk_read": 0.4691200256347656,
                "disk_write": 3.595254898071289,
                "disk_used": 3.9965286254882812,
                "disk_free": 24.00554656982422,
                "virtual_used": 1.0243911743164062,
                "virtual_free": 0.8414764404296875,
                "sample": 3
            },
            {
                "cpu_util": 68.4,
                "disk_read": 0.4691200256347656,
                "disk_write": 3.5971317291259766,
                "disk_used": 3.999126434326172,
                "disk_free": 24.002948760986328,
                "virtual_used": 1.0218124389648438,
                "virtual_free": 0.84405517578125,
                "sample": 4
            },
            {
                "cpu_util": 50.0,
                "disk_read": 0.4691200256347656,
                "disk_write": 3.5994510650634766,
                "disk_used": 4.0013427734375,
                "disk_free": 24.000732421875,
                "virtual_used": 1.0252304077148438,
                "virtual_free": 0.84063720703125,
                "sample": 5
            }
        ],
        "response_time": 1.227038860321045
    }
}