{
    "delete": {
        "baseline": {
            "cpu_util": 0.0,
            "disk_read": 0.8596053123474121,
            "disk_write": 15.880849838256836,
            "disk_used": 4.848628997802734,
            "disk_free": 23.153446197509766,
            "virtual_used": 1.7049484252929688,
            "virtual_free": 2.042003631591797
        },
        "samples": [
            {
                "cpu_util": 0.0,
                "disk_read": 0.8596053123474121,
                "disk_write": 15.880853652954102,
                "disk_used": 4.8486328125,
                "disk_free": 23.1534423828125,
                "virtual_used": 1.7049484252929688,
                "virtual_free": 2.042003631591797,
                "sample": 1
            }
        ],
        "response_time": 0.0009198188781738281
    },
    "create": {
        "baseline": {
            "cpu_util": 0.0,
            "disk_read": 0.8596053123474121,
            "disk_write": 15.880853652954102,
            "disk_used": 4.8486328125,
            "disk_free": 23.1534423828125,
            "virtual_used": 1.7049484252929688,
            "virtual_free": 2.042003631591797
        },
        "samples": [
            {
                "cpu_util": 4.8,
                "disk_read": 0.8596053123474121,
                "disk_write": 15.881052017211914,
                "disk_used": 4.848640441894531,
                "disk_free": 23.15343475341797,
                "virtual_used": 1.70489501953125,
                "virtual_free": 2.0420570373535156,
                "sample": 1
            }
        ],
        "response_time": 0.012520313262939453
    },
    "aggregateUnstruct": {
        "baseline": {
            "cpu_util": 0.0,
            "disk_read": 0.8596053123474121,
            "disk_write": 15.881052017211914,
            "disk_used": 4.848640441894531,
            "disk_free": 23.15343475341797,
            "virtual_used": 1.70489501953125,
            "virtual_free": 2.0420570373535156
        },
        "samples": [
            {
                "cpu_util": 0.0,
                "disk_read": 0.8596053123474121,
                "disk_write": 15.881052017211914,
                "disk_used": 4.848640441894531,
                "disk_free": 23.15343475341797,
                "virtual_used": 1.70489501953125,
                "virtual_free": 2.0420570373535156,
                "sample": 1
            }
        ],
        "response_time": 0.002104520797729492
    }
}