{
    "delete": {
        "baseline": {
            "cpu_util": 0.0,
            "disk_read": 0.40498971939086914,
            "disk_write": 1.0825557708740234,
            "disk_used": 3.985210418701172,
            "disk_free": 24.016864776611328,
            "virtual_used": 0.8814697265625,
            "virtual_free": 0.9843978881835938
        },
        "samples": [
            {
                "cpu_util": 0.0,
                "disk_read": 0.40498971939086914,
                "disk_write": 1.082559585571289,
                "disk_used": 3.985210418701172,
                "disk_free": 24.016864776611328,
                "virtual_used": 0.8814697265625,
                "virtual_free": 0.9843978881835938,
                "sample": 1
            }
        ],
        "response_time": 0.0009915828704833984
    },
    "create": {
        "baseline": {
            "cpu_util": 0.0,
            "disk_read": 0.40498971939086914,
            "disk_write": 1.082559585571289,
            "disk_used": 3.985210418701172,
            "disk_free": 24.016864776611328,
            "virtual_used": 0.8814697265625,
            "virtual_free": 0.9843978881835938
        },
        "samples": [
            {
                "cpu_util": 36.4,
                "disk_read": 0.40498971939086914,
                "disk_write": 1.0827198028564453,
                "disk_used": 3.985218048095703,
                "disk_free": 24.016857147216797,
                "virtual_used": 0.8811187744140625,
                "virtual_free": 0.9847488403320312,
                "sample": 1
            }
        ],
        "response_time": 0.09847021102905273
    },
    "readOneUnstruct": {
        "baseline": {
            "cpu_util": 0.0,
            "disk_read": 0.40498971939086914,
            "disk_write": 1.083669662475586,
            "disk_used": 3.985218048095703,
            "disk_free": 24.016857147216797,
            "virtual_used": 0.8810234069824219,
            "virtual_free": 0.9848442077636719
        },
        "samples": [
            {
                "cpu_util": 9.5,
                "disk_read": 0.40498971939086914,
                "disk_write": 1.083669662475586,
                "disk_used": 3.985218048095703,
                "disk_free": 24.016857147216797,
                "virtual_used": 0.8815040588378906,
                "virtual_free": 0.9843635559082031,
                "sample": 1
            }
        ],
        "response_time": 0.010909080505371094
    }
}