{
    "delete": {
        "baseline": {
            "cpu_util": 4.8,
            "disk_read": 0.3462648391723633,
            "disk_write": 3.2955684661865234,
            "disk_used": 3.993091583251953,
            "disk_free": 24.008983612060547,
            "virtual_used": 0.9192085266113281,
            "virtual_free": 0.9466590881347656
        },
        "samples": [
            {
                "cpu_util": 0.0,
                "disk_read": 0.3462648391723633,
                "disk_write": 3.295572280883789,
                "disk_used": 3.993091583251953,
                "disk_free": 24.008983612060547,
                "virtual_used": 0.9192085266113281,
                "virtual_free": 0.9466590881347656,
                "sample": 1
            }
        ],
        "response_time": 0.0009195804595947266
    },
    "create": {
        "baseline": {
            "cpu_util": 0.0,
            "disk_read": 0.3462648391723633,
            "disk_write": 3.295572280883789,
            "disk_used": 3.993091583251953,
            "disk_free": 24.008983612060547,
            "virtual_used": 0.9192085266113281,
            "virtual_free": 0.9466590881347656
        },
        "samples": [
            {
                "cpu_util": 0.0,
                "disk_read": 0.3462648391723633,
                "disk_write": 3.295736312866211,
                "disk_used": 3.99310302734375,
                "disk_free": 24.00897216796875,
                "virtual_used": 0.9192085266113281,
                "virtual_free": 0.9466590881347656,
                "sample": 1
            }
        ],
        "response_time": 0.011764764785766602
    },
    "updateManyUnstruct": {
        "baseline": {
            "cpu_util": 4.8,
            "disk_read": 0.3462648391723633,
            "disk_write": 3.295736312866211,
            "disk_used": 3.99310302734375,
            "disk_free": 24.00897216796875,
            "virtual_used": 0.9192085266113281,
            "virtual_free": 0.9466590881347656
        },
        "samples": [
            {
                "cpu_util": 0.0,
                "disk_read": 0.3462648391723633,
                "disk_write": 3.295736312866211,
                "disk_used": 3.99310302734375,
                "disk_free": 24.00897216796875,
                "virtual_used": 0.9192085266113281,
                "virtual_free": 0.9466590881347656,
                "sample": 1
            }
        ],
        "response_time": 0.001329660415649414
    }
}