{
    "delete": {
        "baseline": {
            "cpu_util": 0.0,
            "disk_read": 12.483009338378906,
            "disk_write": 5.802976608276367,
            "disk_used": 4.009441375732422,
            "disk_free": 23.992633819580078,
            "virtual_used": 1.0125732421875,
            "virtual_free": 0.8532943725585938
        },
        "samples": [
            {
                "cpu_util": 4.8,
                "disk_read": 12.483009338378906,
                "disk_write": 5.802980422973633,
                "disk_used": 4.009441375732422,
                "disk_free": 23.992633819580078,
                "virtual_used": 1.0125732421875,
                "virtual_free": 0.8532943725585938,
                "sample": 1
            }
        ],
        "response_time": 0.0010645389556884766
    },
    "create": {
        "baseline": {
            "cpu_util": 0.0,
            "disk_read": 12.483009338378906,
            "disk_write": 5.802980422973633,
            "disk_used": 4.009441375732422,
            "disk_free": 23.992633819580078,
            "virtual_used": 1.0125732421875,
            "virtual_free": 0.8532943725585938
        },
        "samples": [
            {
                "cpu_util": 4.8,
                "disk_read": 12.483009338378906,
                "disk_write": 5.803201675415039,
                "disk_used": 4.009449005126953,
                "disk_free": 23.992626190185547,
                "virtual_used": 1.0125579833984375,
                "virtual_free": 0.8533096313476562,
                "sample": 1
            }
        ],
        "response_time": 0.025856494903564453
    },
    "readThenDeleteOldUsersStruct": {
        "baseline": {
            "cpu_util": 0.0,
            "disk_read": 12.483009338378906,
            "disk_write": 5.803224563598633,
            "disk_used": 4.009449005126953,
            "disk_free": 23.992626190185547,
            "virtual_used": 1.012542724609375,
            "virtual_free": 0.8533248901367188
        },
        "samples": [
            {
                "cpu_util": 15.0,
                "disk_read": 12.483009338378906,
                "disk_write": 5.803262710571289,
                "disk_used": 4.009449005126953,
                "disk_free": 23.992626190185547,
                "virtual_used": 1.0124626159667969,
                "virtual_free": 0.8534049987792969,
                "sample": 1
            }
        ],
        "response_time": 0.026113271713256836
    }
}