{
    "delete": {
        "baseline": {
            "cpu_util": 0.0,
            "disk_read": 0.7575182914733887,
            "disk_write": 15.638402938842773,
            "disk_used": 4.018257141113281,
            "disk_free": 23.98381805419922,
            "virtual_used": 1.6147575378417969,
            "virtual_free": 2.1321983337402344
        },
        "samples": [
            {
                "cpu_util": 0.0,
                "disk_read": 0.7575182914733887,
                "disk_write": 15.638406753540039,
                "disk_used": 4.018257141113281,
                "disk_free": 23.98381805419922,
                "virtual_used": 1.6147575378417969,
                "virtual_free": 2.1321983337402344,
                "sample": 1
            }
        ],
        "response_time": 0.0008509159088134766
    },
    "create": {
        "baseline": {
            "cpu_util": 0.0,
            "disk_read": 0.7575182914733887,
            "disk_write": 15.638406753540039,
            "disk_used": 4.018257141113281,
            "disk_free": 23.98381805419922,
            "virtual_used": 1.6146965026855469,
            "virtual_free": 2.1322593688964844
        },
        "samples": [
            {
                "cpu_util": 5.0,
                "disk_read": 0.7575182914733887,
                "disk_write": 15.638631820678711,
                "disk_used": 4.0182647705078125,
                "disk_free": 23.983810424804688,
                "virtual_used": 1.6146392822265625,
                "virtual_free": 2.1323165893554688,
                "sample": 1
            }
        ],
        "response_time": 0.027468442916870117
    },
    "insertOneThenUpdateBirthdayStruct": {
        "baseline": {
            "cpu_util": 0.0,
            "disk_read": 0.7575182914733887,
            "disk_write": 15.638631820678711,
            "disk_used": 4.0182647705078125,
            "disk_free": 23.983810424804688,
            "virtual_used": 1.6146392822265625,
            "virtual_free": 2.1323165893554688
        },
        "samples": [
            {
                "cpu_util": 0.0,
                "disk_read": 0.7575182914733887,
                "disk_write": 15.638635635375977,
                "disk_used": 4.0182647705078125,
                "disk_free": 23.983810424804688,
                "virtual_used": 1.6146392822265625,
                "virtual_free": 2.1323165893554688,
                "sample": 1
            }
        ],
        "response_time": 0.0017631053924560547
    }
}