{
    "delete": {
        "baseline": {
            "cpu_util": 80.0,
            "disk_read": 16.938772678375244,
            "disk_write": 4.219964981079102,
            "disk_used": 3.9158935546875,
            "disk_free": 24.086181640625,
            "virtual_used": 1.0789871215820312,
            "virtual_free": 0.7868804931640625
        },
        "samples": [
            {
                "cpu_util": 0.0,
                "disk_read": 16.938772678375244,
                "disk_write": 4.220006942749023,
                "disk_used": 3.9158935546875,
                "disk_free": 24.086181640625,
                "virtual_used": 1.0827484130859375,
                "virtual_free": 0.7831192016601562,
                "sample": 1
            }
        ],
        "response_time": 0.0008454322814941406
    },
    "create": {
        "baseline": {
            "cpu_util": 0.0,
            "disk_read": 16.938772678375244,
            "disk_write": 4.220006942749023,
            "disk_used": 3.9158973693847656,
            "disk_free": 24.086177825927734,
            "virtual_used": 1.0826530456542969,
            "virtual_free": 0.7832145690917969
        },
        "samples": [
            {
                "cpu_util": 56.5,
                "disk_read": 16.938772678375244,
                "disk_write": 4.220056533813477,
                "disk_used": 3.9159011840820312,
                "disk_free": 24.08617401123047,
                "virtual_used": 1.0828628540039062,
                "virtual_free": 0.7830047607421875,
                "sample": 1
            },
            {
                "cpu_util": 45.0,
                "disk_read": 16.938772678375244,
                "disk_write": 4.221323013305664,
                "disk_used": 3.9159088134765625,
                "disk_free": 24.086166381835938,
                "virtual_used": 1.0810089111328125,
                "virtual_free": 0.7848587036132812,
                "sample": 2
            },
            {
                "cpu_util": 50.0,
                "disk_read": 16.938772678375244,
                "disk_write": 4.223100662231445,
                "disk_used": 3.9159088134765625,
                "disk_free": 24.086166381835938,
                "virtual_used": 1.0814018249511719,
                "virtual_free": 0.7844657897949219,
                "sample": 3
            }
        ],
        "response_time": 0.6976742744445801
    },
    "insertOneStruct": {
        "baseline": {
            "cpu_util": 0.0,
            "disk_read": 16.938772678375244,
            "disk_write": 4.224851608276367,
            "disk_used": 3.920928955078125,
            "disk_free": 24.081146240234375,
            "virtual_used": 1.0874404907226562,
            "virtual_free": 0.7784271240234375
        },
        "samples": [
            {
                "cpu_util": 0.0,
                "disk_read": 16.938772678375244,
                "disk_write": 4.224855422973633,
                "disk_used": 3.920928955078125,
                "disk_free": 24.081146240234375,
                "virtual_used": 1.0874252319335938,
                "virtual_free": 0.7784423828125,
                "sample": 1
            }
        ],
        "response_time": 0.0008792877197265625
    }
}