{
    "delete": {
        "baseline": {
            "cpu_util": 0.0,
            "disk_read": 16.938772678375244,
            "disk_write": 4.203977584838867,
            "disk_used": 3.90582275390625,
            "disk_free": 24.09625244140625,
            "virtual_used": 1.0718803405761719,
            "virtual_free": 0.7939872741699219
        },
        "samples": [
            {
                "cpu_util": 40.0,
                "disk_read": 16.938772678375244,
                "disk_write": 4.203981399536133,
                "disk_used": 3.909038543701172,
                "disk_free": 24.093036651611328,
                "virtual_used": 1.0724105834960938,
                "virtual_free": 0.79345703125,
                "sample": 1
            }
        ],
        "response_time": 0.0009315013885498047
    },
    "create": {
        "baseline": {
            "cpu_util": 0.0,
            "disk_read": 16.938772678375244,
            "disk_write": 4.203981399536133,
            "disk_used": 3.910846710205078,
            "disk_free": 24.091228485107422,
            "virtual_used": 1.0711708068847656,
            "virtual_free": 0.7946968078613281
        },
        "samples": [
            {
                "cpu_util": 52.0,
                "disk_read": 16.938772678375244,
                "disk_write": 4.203981399536133,
                "disk_used": 3.9108505249023438,
                "disk_free": 24.091224670410156,
                "virtual_used": 1.0710945129394531,
                "virtual_free": 0.7947731018066406,
                "sample": 1
            },
            {
                "cpu_util": 52.2,
                "disk_read": 16.938772678375244,
                "disk_write": 4.215059280395508,
                "disk_used": 3.9108505249023438,
                "disk_free": 24.091224670410156,
                "virtual_used": 1.067230224609375,
                "virtual_free": 0.7986373901367188,
                "sample": 2
            },
            {
                "cpu_util": 56.5,
                "disk_read": 16.938772678375244,
                "disk_write": 4.215059280395508,
                "disk_used": 3.9108505249023438,
                "disk_free": 24.091224670410156,
                "virtual_used": 1.07818603515625,
                "virtual_free": 0.7876815795898438,
                "sample": 3
            },
            {
                "cpu_util": 50.0,
                "disk_read": 16.938772678375244,
                "disk_write": 4.216093063354492,
                "disk_used": 3.910858154296875,
                "disk_free": 24.091217041015625,
                "virtual_used": 1.0775184631347656,
                "virtual_free": 0.7883491516113281,
                "sample": 4
            },
            {
                "cpu_util": 55.0,
                "disk_read": 16.938772678375244,
                "disk_write": 4.218606948852539,
                "disk_used": 3.910858154296875,
                "disk_free": 24.091217041015625,
                "virtual_used": 1.0840339660644531,
                "virtual_free": 0.7818336486816406,
                "sample": 5
            },
            {
                "cpu_util": 0.0,
                "disk_read": 16.938772678375244,
                "disk_write": 4.219961166381836,
                "disk_used": 3.910858154296875,
                "disk_free": 24.091217041015625,
                "virtual_used": 1.0847969055175781,
                "virtual_free": 0.7810707092285156,
                "sample": 6
            }
        ],
        "response_time": 1.3272480964660645
    },
    "insertOneStruct": {
        "baseline": {
            "cpu_util": 4.8,
            "disk_read": 16.938772678375244,
            "disk_write": 4.219961166381836,
            "disk_used": 3.910858154296875,
            "disk_free": 24.091217041015625,
            "virtual_used": 1.0847892761230469,
            "virtual_free": 0.7810783386230469
        },
        "samples": [
            {
                "cpu_util": 0.0,
                "disk_read": 16.938772678375244,
                "disk_write": 4.219964981079102,
                "disk_used": 3.910858154296875,
                "disk_free": 24.091217041015625,
                "virtual_used": 1.0801200866699219,
                "virtual_free": 0.7857475280761719,
                "sample": 1
            }
        ],
        "response_time": 0.0011088848114013672
    }
}