{
    "delete": {
        "baseline": {
            "cpu_util": 4.8,
            "disk_read": 0.43982934951782227,
            "disk_write": 3.4759387969970703,
            "disk_used": 3.8442916870117188,
            "disk_free": 24.15778350830078,
            "virtual_used": 1.0561676025390625,
            "virtual_free": 0.8097000122070312
        },
        "samples": [
            {
                "cpu_util": 0.0,
                "disk_read": 0.43982934951782227,
                "disk_write": 3.475942611694336,
                "disk_used": 3.8442916870117188,
                "disk_free": 24.15778350830078,
                "virtual_used": 1.0561637878417969,
                "virtual_free": 0.8097038269042969,
                "sample": 1
            }
        ],
        "response_time": 0.001146554946899414
    },
    "create": {
        "baseline": {
            "cpu_util": 0.0,
            "disk_read": 0.43982934951782227,
            "disk_write": 3.475942611694336,
            "disk_used": 3.8442916870117188,
            "disk_free": 24.15778350830078,
            "virtual_used": 1.0561637878417969,
            "virtual_free": 0.8097038269042969
        },
        "samples": [
            {
                "cpu_util": 0.0,
                "disk_read": 0.43982934951782227,
                "disk_write": 3.476114273071289,
                "disk_used": 3.8443031311035156,
                "disk_free": 24.157772064208984,
                "virtual_used": 1.0561408996582031,
                "virtual_free": 0.8097267150878906,
                "sample": 1
            }
        ],
        "response_time": 0.014482975006103516
    },
    "replaceOneUnstruct": {
        "baseline": {
            "cpu_util": 0.0,
            "disk_read": 0.43982934951782227,
            "disk_write": 3.476114273071289,
            "disk_used": 3.8443031311035156,
            "disk_free": 24.157772064208984,
            "virtual_used": 1.0561408996582031,
            "virtual_free": 0.8097267150878906
        },
        "samples": [
            {
                "cpu_util": 0.0,
                "disk_read": 0.43982934951782227,
                "disk_write": 3.4761180877685547,
                "disk_used": 3.8443031311035156,
                "disk_free": 24.157772064208984,
                "virtual_used": 1.0561408996582031,
                "virtual_free": 0.8097267150878906,
                "sample": 1
            }
        ],
        "response_time": 0.0025453567504882812
    }
}