{
    "delete": {
        "baseline": {
            "cpu_util": 55.0,
            "disk_read": 1.4436326026916504,
            "disk_write": 28.780183792114258,
            "disk_used": 4.9481658935546875,
            "disk_free": 23.053909301757812,
            "virtual_used": 2.9964981079101562,
            "virtual_free": 0.7504539489746094
        },
        "samples": [
            {
                "cpu_util": 52.6,
                "disk_read": 1.4436326026916504,
                "disk_write": 28.780187606811523,
                "disk_used": 4.9481658935546875,
                "disk_free": 23.053909301757812,
                "virtual_used": 2.9964981079101562,
                "virtual_free": 0.7504539489746094,
                "sample": 1
            }
        ],
        "response_time": 0.0009922981262207031
    },
    "create": {
        "baseline": {
            "cpu_util": 50.0,
            "disk_read": 1.4436326026916504,
            "disk_write": 28.780241012573242,
            "disk_used": 4.9481658935546875,
            "disk_free": 23.053909301757812,
            "virtual_used": 2.9964981079101562,
            "virtual_free": 0.7504539489746094
        },
        "samples": [
            {
                "cpu_util": 55.0,
                "disk_read": 1.4436326026916504,
                "disk_write": 28.780412673950195,
                "disk_used": 4.948173522949219,
                "disk_free": 23.05390167236328,
                "virtual_used": 2.9964981079101562,
                "virtual_free": 0.7504539489746094,
                "sample": 1
            }
        ],
        "response_time": 0.020766735076904297
    },
    "readManyStruct": {
        "baseline": {
            "cpu_util": 50.0,
            "disk_read": 1.4436326026916504,
            "disk_write": 28.780420303344727,
            "disk_used": 4.948173522949219,
            "disk_free": 23.05390167236328,
            "virtual_used": 2.9964981079101562,
            "virtual_free": 0.7504539489746094
        },
        "samples": [
            {
                "cpu_util": 50.0,
                "disk_read": 1.4436326026916504,
                "disk_write": 28.780439376831055,
                "disk_used": 4.948173522949219,
                "disk_free": 23.05390167236328,
                "virtual_used": 2.9964981079101562,
                "virtual_free": 0.7504539489746094,
                "sample": 1
            }
        ],
        "response_time": 8.392333984375e-05
    }
}