{
    "delete": {
        "baseline": {
            "cpu_util": 0.0,
            "disk_read": 0.3482065200805664,
            "disk_write": 3.2623958587646484,
            "disk_used": 3.9256134033203125,
            "disk_free": 24.076461791992188,
            "virtual_used": 1.2479133605957031,
            "virtual_free": 2.4990463256835938
        },
        "samples": [
            {
                "cpu_util": 0.0,
                "disk_read": 0.3482065200805664,
                "disk_write": 3.262399673461914,
                "disk_used": 3.9256134033203125,
                "disk_free": 24.076461791992188,
                "virtual_used": 1.2479095458984375,
                "virtual_free": 2.4990501403808594,
                "sample": 1
            }
        ],
        "response_time": 0.0010457038879394531
    },
    "create": {
        "baseline": {
            "cpu_util": 0.0,
            "disk_read": 0.3482065200805664,
            "disk_write": 3.262399673461914,
            "disk_used": 3.9256134033203125,
            "disk_free": 24.076461791992188,
            "virtual_used": 1.2479095458984375,
            "virtual_free": 2.4990501403808594
        },
        "samples": [
            {
                "cpu_util": 51.9,
                "disk_read": 0.3482065200805664,
                "disk_write": 3.262399673461914,
                "disk_used": 3.925617218017578,
                "disk_free": 24.076457977294922,
                "virtual_used": 1.2479057312011719,
                "virtual_free": 2.499053955078125,
                "sample": 1
            },
            {
                "cpu_util": 45.0,
                "disk_read": 0.3482065200805664,
                "disk_write": 3.262552261352539,
                "disk_used": 3.9256248474121094,
                "disk_free": 24.07645034790039,
                "virtual_used": 1.2419242858886719,
                "virtual_free": 2.505035400390625,
                "sample": 2
            },
            {
                "cpu_util": 52.4,
                "disk_read": 0.3482065200805664,
                "disk_write": 3.264516830444336,
                "disk_used": 3.9256248474121094,
                "disk_free": 24.07645034790039,
                "virtual_used": 1.2411346435546875,
                "virtual_free": 2.5058250427246094,
                "sample": 3
            },
            {
                "cpu_util": 5.3,
                "disk_read": 0.3482065200805664,
                "disk_write": 3.2672252655029297,
                "disk_used": 3.9256248474121094,
                "disk_free": 24.07645034790039,
                "virtual_used": 1.2408409118652344,
                "virtual_free": 2.5061187744140625,
                "sample": 4
            }
        ],
        "response_time": 1.0766870975494385
    },
    "updateOneStruct": {
        "baseline": {
            "cpu_util": 0.0,
            "disk_read": 0.3482065200805664,
            "disk_write": 3.2672252655029297,
            "disk_used": 3.925628662109375,
            "disk_free": 24.076446533203125,
            "virtual_used": 1.2415580749511719,
            "virtual_free": 2.505401611328125
        },
        "samples": [
            {
                "cpu_util": 90.9,
                "disk_read": 0.3482065200805664,
                "disk_write": 3.2672252655029297,
                "disk_used": 3.928760528564453,
                "disk_free": 24.073314666748047,
                "virtual_used": 1.2461662292480469,
                "virtual_free": 2.50079345703125,
                "sample": 1
            }
        ],
        "response_time": 0.1454939842224121
    }
}