{
    "delete": {
        "baseline": {
            "cpu_util": 0.0,
            "disk_read": 12.483036041259766,
            "disk_write": 5.918203353881836,
            "disk_used": 4.010242462158203,
            "disk_free": 23.991832733154297,
            "virtual_used": 1.0351638793945312,
            "virtual_free": 0.8307037353515625
        },
        "samples": [
            {
                "cpu_util": 4.8,
                "disk_read": 12.483036041259766,
                "disk_write": 5.918207168579102,
                "disk_used": 4.010242462158203,
                "disk_free": 23.991832733154297,
                "virtual_used": 1.0351600646972656,
                "virtual_free": 0.8307075500488281,
                "sample": 1
            }
        ],
        "response_time": 0.0009555816650390625
    },
    "create": {
        "baseline": {
            "cpu_util": 0.0,
            "disk_read": 12.483036041259766,
            "disk_write": 5.918207168579102,
            "disk_used": 4.010242462158203,
            "disk_free": 23.991832733154297,
            "virtual_used": 1.0340652465820312,
            "virtual_free": 0.8318023681640625
        },
        "samples": [
            {
                "cpu_util": 9.5,
                "disk_read": 12.483036041259766,
                "disk_write": 5.918367385864258,
                "disk_used": 4.010250091552734,
                "disk_free": 23.991825103759766,
                "virtual_used": 1.0340423583984375,
                "virtual_free": 0.8318252563476562,
                "sample": 1
            }
        ],
        "response_time": 0.01974034309387207
    },
    "readThenDeleteOldUsersStruct": {
        "baseline": {
            "cpu_util": 0.0,
            "disk_read": 12.483036041259766,
            "disk_write": 5.918413162231445,
            "disk_used": 4.010250091552734,
            "disk_free": 23.991825103759766,
            "virtual_used": 1.0340385437011719,
            "virtual_free": 0.8318290710449219
        },
        "samples": [
            {
                "cpu_util": 4.8,
                "disk_read": 12.483036041259766,
                "disk_write": 5.918413162231445,
                "disk_used": 4.010250091552734,
                "disk_free": 23.991825103759766,
                "virtual_used": 1.0340385437011719,
                "virtual_free": 0.8318290710449219,
                "sample": 1
            }
        ],
        "response_time": 0.0010111331939697266
    }
}