{
    "delete": {
        "baseline": {
            "cpu_util": 52.6,
            "disk_read": 1.4701142311096191,
            "disk_write": 29.223054885864258,
            "disk_used": 5.121917724609375,
            "disk_free": 22.880157470703125,
            "virtual_used": 3.1040916442871094,
            "virtual_free": 0.6428604125976562
        },
        "samples": [
            {
                "cpu_util": 50.0,
                "disk_read": 1.4701142311096191,
                "disk_write": 29.223058700561523,
                "disk_used": 5.121921539306641,
                "disk_free": 22.88015365600586,
                "virtual_used": 3.1040916442871094,
                "virtual_free": 0.6428604125976562,
                "sample": 1
            }
        ],
        "response_time": 0.0008444786071777344
    },
    "create": {
        "baseline": {
            "cpu_util": 100.0,
            "disk_read": 1.4701142311096191,
            "disk_write": 29.223066329956055,
            "disk_used": 5.126228332519531,
            "disk_free": 22.87584686279297,
            "virtual_used": 3.1003761291503906,
            "virtual_free": 0.646575927734375
        },
        "samples": [
            {
                "cpu_util": 100.0,
                "disk_read": 1.4701142311096191,
                "disk_write": 29.22309684753418,
                "disk_used": 5.126430511474609,
                "disk_free": 22.87564468383789,
                "virtual_used": 3.1001853942871094,
                "virtual_free": 0.6467666625976562,
                "sample": 1
            },
            {
                "cpu_util": 100.0,
                "disk_read": 1.4701142311096191,
                "disk_write": 29.223112106323242,
                "disk_used": 5.126430511474609,
                "disk_free": 22.87564468383789,
                "virtual_used": 3.100048065185547,
                "virtual_free": 0.6469039916992188,
                "sample": 2
            },
            {
                "cpu_util": 100.0,
                "disk_read": 1.4701142311096191,
                "disk_write": 29.223134994506836,
                "disk_used": 5.126430511474609,
                "disk_free": 22.87564468383789,
                "virtual_used": 3.100048065185547,
                "virtual_free": 0.6469039916992188,
                "sample": 3
            },
            {
                "cpu_util": 100.0,
                "disk_read": 1.4701142311096191,
                "disk_write": 29.22334861755371,
                "disk_used": 5.126438140869141,
                "disk_free": 22.87563705444336,
                "virtual_used": 3.099445343017578,
                "virtual_free": 0.6475067138671875,
                "sample": 4
            },
            {
                "cpu_util": 100.0,
                "disk_read": 1.4701142311096191,
                "disk_write": 29.22576332092285,
                "disk_used": 5.126438140869141,
                "disk_free": 22.87563705444336,
                "virtual_used": 3.0991744995117188,
                "virtual_free": 0.6477775573730469,
                "sample": 5
            },
            {
                "cpu_util": 65.0,
                "disk_read": 1.4701142311096191,
                "disk_write": 29.227968215942383,
                "disk_used": 5.126441955566406,
                "disk_free": 22.875633239746094,
                "virtual_used": 3.104541778564453,
                "virtual_free": 0.6424102783203125,
                "sample": 6
            }
        ],
        "response_time": 1.3069941997528076
    },
    "readOneStruct": {
        "baseline": {
            "cpu_util": 54.5,
            "disk_read": 1.4701142311096191,
            "disk_write": 29.227975845336914,
            "disk_used": 5.126441955566406,
            "disk_free": 22.875633239746094,
            "virtual_used": 3.104541778564453,
            "virtual_free": 0.6424102783203125
        },
        "samples": [
            {
                "cpu_util": 95.0,
                "disk_read": 1.4701142311096191,
                "disk_write": 29.22797966003418,
                "disk_used": 5.126441955566406,
                "disk_free": 22.875633239746094,
                "virtual_used": 3.104541778564453,
                "virtual_free": 0.6424102783203125,
                "sample": 1
            }
        ],
        "response_time": 0.08790183067321777
    }
}