{
    "delete": {
        "baseline": {
            "cpu_util": 55.0,
            "disk_read": 1.470076084136963,
            "disk_write": 29.185400009155273,
            "disk_used": 5.107154846191406,
            "disk_free": 22.894920349121094,
            "virtual_used": 3.0938568115234375,
            "virtual_free": 0.6530952453613281
        },
        "samples": [
            {
                "cpu_util": 50.0,
                "disk_read": 1.470076084136963,
                "disk_write": 29.18540382385254,
                "disk_used": 5.107154846191406,
                "disk_free": 22.894920349121094,
                "virtual_used": 3.0938568115234375,
                "virtual_free": 0.6530952453613281,
                "sample": 1
            }
        ],
        "response_time": 0.0009307861328125
    },
    "create": {
        "baseline": {
            "cpu_util": 52.6,
            "disk_read": 1.470076084136963,
            "disk_write": 29.1854305267334,
            "disk_used": 5.107154846191406,
            "disk_free": 22.894920349121094,
            "virtual_used": 3.093852996826172,
            "virtual_free": 0.6530990600585938
        },
        "samples": [
            {
                "cpu_util": 100.0,
                "disk_read": 1.470076084136963,
                "disk_write": 29.185441970825195,
                "disk_used": 5.107158660888672,
                "disk_free": 22.894916534423828,
                "virtual_used": 3.093852996826172,
                "virtual_free": 0.6530990600585938,
                "sample": 1
            },
            {
                "cpu_util": 100.0,
                "disk_read": 1.470076084136963,
                "disk_write": 29.185449600219727,
                "disk_used": 5.107158660888672,
                "disk_free": 22.894916534423828,
                "virtual_used": 3.093852996826172,
                "virtual_free": 0.6530990600585938,
                "sample": 2
            },
            {
                "cpu_util": 100.0,
                "disk_read": 1.470076084136963,
                "disk_write": 29.185476303100586,
                "disk_used": 5.107158660888672,
                "disk_free": 22.894916534423828,
                "virtual_used": 3.093852996826172,
                "virtual_free": 0.6530990600585938,
                "sample": 3
            },
            {
                "cpu_util": 100.0,
                "disk_read": 1.470076084136963,
                "disk_write": 29.18598747253418,
                "disk_used": 5.107166290283203,
                "disk_free": 22.894908905029297,
                "virtual_used": 3.0917320251464844,
                "virtual_free": 0.6552200317382812,
                "sample": 4
            },
            {
                "cpu_util": 100.0,
                "disk_read": 1.4700875282287598,
                "disk_write": 29.188344955444336,
                "disk_used": 5.111320495605469,
                "disk_free": 22.89075469970703,
                "virtual_used": 3.0949554443359375,
                "virtual_free": 0.6519966125488281,
                "sample": 5
            },
            {
                "cpu_util": 81.8,
                "disk_read": 1.4700875282287598,
                "disk_write": 29.19032859802246,
                "disk_used": 5.111320495605469,
                "disk_free": 22.89075469970703,
                "virtual_used": 3.0969696044921875,
                "virtual_free": 0.6499824523925781,
                "sample": 6
            }
        ],
        "response_time": 1.297663927078247
    },
    "readOneStruct": {
        "baseline": {
            "cpu_util": 52.6,
            "disk_read": 1.4700875282287598,
            "disk_write": 29.190336227416992,
            "disk_used": 5.111320495605469,
            "disk_free": 22.89075469970703,
            "virtual_used": 3.0971832275390625,
            "virtual_free": 0.6497688293457031
        },
        "samples": [
            {
                "cpu_util": 95.0,
                "disk_read": 1.4700875282287598,
                "disk_write": 29.19035530090332,
                "disk_used": 5.111320495605469,
                "disk_free": 22.89075469970703,
                "virtual_used": 3.097179412841797,
                "virtual_free": 0.6497726440429688,
                "sample": 1
            }
        ],
        "response_time": 0.08708572387695312
    }
}