{
    "delete": {
        "baseline": {
            "cpu_util": 47.6,
            "disk_read": 16.90727472305298,
            "disk_write": 4.044286727905273,
            "disk_used": 3.884960174560547,
            "disk_free": 24.117115020751953,
            "virtual_used": 1.0150184631347656,
            "virtual_free": 0.8508491516113281
        },
        "samples": [
            {
                "cpu_util": 23.8,
                "disk_read": 16.90727472305298,
                "disk_write": 4.044290542602539,
                "disk_used": 3.8864059448242188,
                "disk_free": 24.11566925048828,
                "virtual_used": 1.017364501953125,
                "virtual_free": 0.8485031127929688,
                "sample": 1
            }
        ],
        "response_time": 0.001026153564453125
    },
    "create": {
        "baseline": {
            "cpu_util": 0.0,
            "disk_read": 16.90727472305298,
            "disk_write": 4.044321060180664,
            "disk_used": 3.8864097595214844,
            "disk_free": 24.115665435791016,
            "virtual_used": 1.0096702575683594,
            "virtual_free": 0.8561973571777344
        },
        "samples": [
            {
                "cpu_util": 45.0,
                "disk_read": 16.90727472305298,
                "disk_write": 4.044462203979492,
                "disk_used": 3.8864173889160156,
                "disk_free": 24.115657806396484,
                "virtual_used": 1.006439208984375,
                "virtual_free": 0.8594284057617188,
                "sample": 1
            }
        ],
        "response_time": 0.17650866508483887
    },
    "insertManyStruct": {
        "baseline": {
            "cpu_util": 0.0,
            "disk_read": 16.90727472305298,
            "disk_write": 4.044977188110352,
            "disk_used": 3.8864173889160156,
            "disk_free": 24.115657806396484,
            "virtual_used": 1.0059547424316406,
            "virtual_free": 0.8599128723144531
        },
        "samples": [
            {
                "cpu_util": 58.6,
                "disk_read": 16.90727472305298,
                "disk_write": 4.045011520385742,
                "disk_used": 3.8873329162597656,
                "disk_free": 24.114742279052734,
                "virtual_used": 1.0077629089355469,
                "virtual_free": 0.8581047058105469,
                "sample": 1
            },
            {
                "cpu_util": 55.2,
                "disk_read": 16.90727472305298,
                "disk_write": 4.045011520385742,
                "disk_used": 3.8873329162597656,
                "disk_free": 24.114742279052734,
                "virtual_used": 1.0076408386230469,
                "virtual_free": 0.8582267761230469,
                "sample": 2
            },
            {
                "cpu_util": 50.0,
                "disk_read": 16.90727472305298,
                "disk_write": 4.045011520385742,
                "disk_used": 3.8873329162597656,
                "disk_free": 24.114742279052734,
                "virtual_used": 1.0005340576171875,
                "virtual_free": 0.8653335571289062,
                "sample": 3
            },
            {
                "cpu_util": 52.4,
                "disk_read": 16.90727472305298,
                "disk_write": 4.046430587768555,
                "disk_used": 3.8873329162597656,
                "disk_free": 24.114742279052734,
                "virtual_used": 1.003753662109375,
                "virtual_free": 0.8621139526367188,
                "sample": 4
            },
            {
                "cpu_util": 50.0,
                "disk_read": 16.90727472305298,
                "disk_write": 4.048040390014648,
                "disk_used": 3.8873329162597656,
                "disk_free": 24.114742279052734,
                "virtual_used": 1.001953125,
                "virtual_free": 0.8639144897460938,
                "sample": 5
            },
            {
                "cpu_util": 95.2,
                "disk_read": 16.90727472305298,
                "disk_write": 4.049192428588867,
                "disk_used": 3.891895294189453,
                "disk_free": 24.110179901123047,
                "virtual_used": 1.0114326477050781,
                "virtual_free": 0.8544349670410156,
                "sample": 6
            },
            {
                "cpu_util": 0.0,
                "disk_read": 16.90727472305298,
                "disk_write": 4.049764633178711,
                "disk_used": 3.8925247192382812,
                "disk_free": 24.10955047607422,
                "virtual_used": 1.0103187561035156,
                "virtual_free": 0.8555488586425781,
                "sample": 7
            }
        ],
        "response_time": 1.7925174236297607
    }
}