{
    "delete": {
        "baseline": {
            "cpu_util": 0.0,
            "disk_read": 0.5024294853210449,
            "disk_write": 5.269704818725586,
            "disk_used": 3.8803062438964844,
            "disk_free": 24.121768951416016,
            "virtual_used": 0.9910049438476562,
            "virtual_free": 0.8748626708984375
        },
        "samples": [
            {
                "cpu_util": 0.0,
                "disk_read": 0.5024294853210449,
                "disk_write": 5.269708633422852,
                "disk_used": 3.8803062438964844,
                "disk_free": 24.121768951416016,
                "virtual_used": 0.9910049438476562,
                "virtual_free": 0.8748626708984375,
                "sample": 1
            }
        ],
        "response_time": 0.0009639263153076172
    },
    "create": {
        "baseline": {
            "cpu_util": 0.0,
            "disk_read": 0.5024294853210449,
            "disk_write": 5.269708633422852,
            "disk_used": 3.88031005859375,
            "disk_free": 24.12176513671875,
            "virtual_used": 0.9910049438476562,
            "virtual_free": 0.8748626708984375
        },
        "samples": [
            {
                "cpu_util": 4.8,
                "disk_read": 0.5024294853210449,
                "disk_write": 5.269895553588867,
                "disk_used": 3.8803176879882812,
                "disk_free": 24.12175750732422,
                "virtual_used": 0.9910049438476562,
                "virtual_free": 0.8748626708984375,
                "sample": 1
            }
        ],
        "response_time": 0.023345232009887695
    },
    "replaceOneStruct": {
        "baseline": {
            "cpu_util": 0.0,
            "disk_read": 0.5024294853210449,
            "disk_write": 5.269895553588867,
            "disk_used": 3.8803176879882812,
            "disk_free": 24.12175750732422,
            "virtual_used": 0.9910049438476562,
            "virtual_free": 0.8748626708984375
        },
        "samples": [
            {
                "cpu_util": 0.0,
                "disk_read": 0.5024294853210449,
                "disk_write": 5.269899368286133,
                "disk_used": 3.8803176879882812,
                "disk_free": 24.12175750732422,
                "virtual_used": 0.9910049438476562,
                "virtual_free": 0.8748626708984375,
                "sample": 1
            }
        ],
        "response_time": 0.0019919872283935547
    }
}