{
    "delete": {
        "baseline": {
            "cpu_util": 0.0,
            "disk_read": 0.5024294853210449,
            "disk_write": 5.270177841186523,
            "disk_used": 3.8803367614746094,
            "disk_free": 24.12173843383789,
            "virtual_used": 0.9909515380859375,
            "virtual_free": 0.8749160766601562
        },
        "samples": [
            {
                "cpu_util": 0.0,
                "disk_read": 0.5024294853210449,
                "disk_write": 5.270181655883789,
                "disk_used": 3.8803367614746094,
                "disk_free": 24.12173843383789,
                "virtual_used": 0.9909439086914062,
                "virtual_free": 0.8749237060546875,
                "sample": 1
            }
        ],
        "response_time": 0.0009477138519287109
    },
    "create": {
        "baseline": {
            "cpu_util": 0.0,
            "disk_read": 0.5024294853210449,
            "disk_write": 5.270181655883789,
            "disk_used": 3.8803367614746094,
            "disk_free": 24.12173843383789,
            "virtual_used": 0.9909400939941406,
            "virtual_free": 0.8749275207519531
        },
        "samples": [
            {
                "cpu_util": 9.1,
                "disk_read": 0.5024294853210449,
                "disk_write": 5.270383834838867,
                "disk_used": 3.8803482055664062,
                "disk_free": 24.121726989746094,
                "virtual_used": 0.9909324645996094,
                "virtual_free": 0.8749351501464844,
                "sample": 1
            }
        ],
        "response_time": 0.0194394588470459
    },
    "replaceOneStruct": {
        "baseline": {
            "cpu_util": 0.0,
            "disk_read": 0.5024294853210449,
            "disk_write": 5.270383834838867,
            "disk_used": 3.8803482055664062,
            "disk_free": 24.121726989746094,
            "virtual_used": 0.9909248352050781,
            "virtual_free": 0.8749427795410156
        },
        "samples": [
            {
                "cpu_util": 0.0,
                "disk_read": 0.5024294853210449,
                "disk_write": 5.270387649536133,
                "disk_used": 3.8803482055664062,
                "disk_free": 24.121726989746094,
                "virtual_used": 0.9909248352050781,
                "virtual_free": 0.8749427795410156,
                "sample": 1
            }
        ],
        "response_time": 0.003442049026489258
    }
}