{
    "delete": {
        "baseline": {
            "cpu_util": 0.0,
            "disk_read": 0.3482065200805664,
            "disk_write": 4.110757827758789,
            "disk_used": 3.7962875366210938,
            "disk_free": 24.205787658691406,
            "virtual_used": 1.102386474609375,
            "virtual_free": 2.644573211669922
        },
        "samples": [
            {
                "cpu_util": 0.0,
                "disk_read": 0.3482065200805664,
                "disk_write": 4.110761642456055,
                "disk_used": 3.7962913513183594,
                "disk_free": 24.20578384399414,
                "virtual_used": 1.1023826599121094,
                "virtual_free": 2.6445770263671875,
                "sample": 1
            }
        ],
        "response_time": 0.0021834373474121094
    },
    "create": {
        "baseline": {
            "cpu_util": 0.0,
            "disk_read": 0.3482065200805664,
            "disk_write": 4.110761642456055,
            "disk_used": 3.7962913513183594,
            "disk_free": 24.20578384399414,
            "virtual_used": 1.1023788452148438,
            "virtual_free": 2.644580841064453
        },
        "samples": [
            {
                "cpu_util": 0.0,
                "disk_read": 0.3482065200805664,
                "disk_write": 4.110906600952148,
                "disk_used": 3.7962989807128906,
                "disk_free": 24.20577621459961,
                "virtual_used": 1.1025886535644531,
                "virtual_free": 2.6443710327148438,
                "sample": 1
            }
        ],
        "response_time": 0.020326852798461914
    },
    "insertManyStruct": {
        "baseline": {
            "cpu_util": 0.0,
            "disk_read": 0.3482065200805664,
            "disk_write": 4.110910415649414,
            "disk_used": 3.7962989807128906,
            "disk_free": 24.20577621459961,
            "virtual_used": 1.1025886535644531,
            "virtual_free": 2.6443710327148438
        },
        "samples": [
            {
                "cpu_util": 52.1,
                "disk_read": 0.3482065200805664,
                "disk_write": 4.110940933227539,
                "disk_used": 3.7962989807128906,
                "disk_free": 24.20577621459961,
                "virtual_used": 1.1025848388671875,
                "virtual_free": 2.6443748474121094,
                "sample": 1
            },
            {
                "cpu_util": 52.4,
                "disk_read": 0.3482065200805664,
                "disk_write": 4.110940933227539,
                "disk_used": 3.7962989807128906,
                "disk_free": 24.20577621459961,
                "virtual_used": 1.0993309020996094,
                "virtual_free": 2.6476287841796875,
                "sample": 2
            },
            {
                "cpu_util": 52.4,
                "disk_read": 0.3482065200805664,
                "disk_write": 4.113405227661133,
                "disk_used": 3.796741485595703,
                "disk_free": 24.205333709716797,
                "virtual_used": 1.0982398986816406,
                "virtual_free": 2.6487197875976562,
                "sample": 3
            },
            {
                "cpu_util": 11.1,
                "disk_read": 0.3482065200805664,
                "disk_write": 4.120813369750977,
                "disk_used": 3.797199249267578,
                "disk_free": 24.204875946044922,
                "virtual_used": 1.0986366271972656,
                "virtual_free": 2.6483230590820312,
                "sample": 4
            }
        ],
        "response_time": 0.9068751335144043
    }
}