{
    "delete": {
        "baseline": {
            "cpu_util": 0.0,
            "disk_read": 0.46952056884765625,
            "disk_write": 4.686674118041992,
            "disk_used": 4.0013275146484375,
            "disk_free": 24.000747680664062,
            "virtual_used": 0.9587783813476562,
            "virtual_free": 0.9070892333984375
        },
        "samples": [
            {
                "cpu_util": 0.0,
                "disk_read": 0.46952056884765625,
                "disk_write": 4.686677932739258,
                "disk_used": 4.0013275146484375,
                "disk_free": 24.000747680664062,
                "virtual_used": 0.9587783813476562,
                "virtual_free": 0.9070892333984375,
                "sample": 1
            }
        ],
        "response_time": 0.0009143352508544922
    },
    "create": {
        "baseline": {
            "cpu_util": 0.0,
            "disk_read": 0.46952056884765625,
            "disk_write": 4.686677932739258,
            "disk_used": 4.0013275146484375,
            "disk_free": 24.000747680664062,
            "virtual_used": 0.9587783813476562,
            "virtual_free": 0.9070892333984375
        },
        "samples": [
            {
                "cpu_util": 0.0,
                "disk_read": 0.46952056884765625,
                "disk_write": 4.686834335327148,
                "disk_used": 4.001335144042969,
                "disk_free": 24.00074005126953,
                "virtual_used": 0.9587783813476562,
                "virtual_free": 0.9070892333984375,
                "sample": 1
            }
        ],
        "response_time": 0.01933574676513672
    },
    "readThenDeleteOldUsersStruct": {
        "baseline": {
            "cpu_util": 0.0,
            "disk_read": 0.46952056884765625,
            "disk_write": 4.68696403503418,
            "disk_used": 4.001335144042969,
            "disk_free": 24.00074005126953,
            "virtual_used": 0.9587783813476562,
            "virtual_free": 0.9070892333984375
        },
        "samples": [
            {
                "cpu_util": 0.0,
                "disk_read": 0.46952056884765625,
                "disk_write": 4.68696403503418,
                "disk_used": 4.001335144042969,
                "disk_free": 24.00074005126953,
                "virtual_used": 0.9587783813476562,
                "virtual_free": 0.9070892333984375,
                "sample": 1
            }
        ],
        "response_time": 0.0010843276977539062
    }
}