{
    "delete": {
        "baseline": {
            "cpu_util": 0.0,
            "disk_read": 0.34622669219970703,
            "disk_write": 2.7808780670166016,
            "disk_used": 3.851390838623047,
            "disk_free": 24.150684356689453,
            "virtual_used": 0.9230079650878906,
            "virtual_free": 0.9428596496582031
        },
        "samples": [
            {
                "cpu_util": 0.0,
                "disk_read": 0.34622669219970703,
                "disk_write": 2.780881881713867,
                "disk_used": 3.8513946533203125,
                "disk_free": 24.150680541992188,
                "virtual_used": 0.923004150390625,
                "virtual_free": 0.9428634643554688,
                "sample": 1
            }
        ],
        "response_time": 0.0010342597961425781
    },
    "create": {
        "baseline": {
            "cpu_util": 0.0,
            "disk_read": 0.34622669219970703,
            "disk_write": 2.780881881713867,
            "disk_used": 3.8513946533203125,
            "disk_free": 24.150680541992188,
            "virtual_used": 0.923004150390625,
            "virtual_free": 0.9428634643554688
        },
        "samples": [
            {
                "cpu_util": 5.0,
                "disk_read": 0.34622669219970703,
                "disk_write": 2.7811412811279297,
                "disk_used": 3.8514022827148438,
                "disk_free": 24.150672912597656,
                "virtual_used": 0.92291259765625,
                "virtual_free": 0.9429550170898438,
                "sample": 1
            }
        ],
        "response_time": 0.019376039505004883
    },
    "insertOneUnstruct": {
        "baseline": {
            "cpu_util": 0.0,
            "disk_read": 0.34622669219970703,
            "disk_write": 2.7811412811279297,
            "disk_used": 3.8514022827148438,
            "disk_free": 24.150672912597656,
            "virtual_used": 0.9229087829589844,
            "virtual_free": 0.9429588317871094
        },
        "samples": [
            {
                "cpu_util": 4.8,
                "disk_read": 0.34622669219970703,
                "disk_write": 2.7811450958251953,
                "disk_used": 3.8514022827148438,
                "disk_free": 24.150672912597656,
                "virtual_used": 0.9229087829589844,
                "virtual_free": 0.9429588317871094,
                "sample": 1
            }
        ],
        "response_time": 0.0008311271667480469
    }
}