{
    "delete": {
        "baseline": {
            "cpu_util": 4.8,
            "disk_read": 0.34622669219970703,
            "disk_write": 2.8322696685791016,
            "disk_used": 3.9037322998046875,
            "disk_free": 24.098342895507812,
            "virtual_used": 0.9291801452636719,
            "virtual_free": 0.9366874694824219
        },
        "samples": [
            {
                "cpu_util": 4.8,
                "disk_read": 0.34622669219970703,
                "disk_write": 2.832273483276367,
                "disk_used": 3.9037322998046875,
                "disk_free": 24.098342895507812,
                "virtual_used": 0.9291725158691406,
                "virtual_free": 0.9366950988769531,
                "sample": 1
            }
        ],
        "response_time": 0.0010237693786621094
    },
    "create": {
        "baseline": {
            "cpu_util": 10.0,
            "disk_read": 0.34622669219970703,
            "disk_write": 2.8323192596435547,
            "disk_used": 3.9037322998046875,
            "disk_free": 24.098342895507812,
            "virtual_used": 0.9291725158691406,
            "virtual_free": 0.9366950988769531
        },
        "samples": [
            {
                "cpu_util": 0.0,
                "disk_read": 0.34622669219970703,
                "disk_write": 2.8326053619384766,
                "disk_used": 3.9037399291992188,
                "disk_free": 24.09833526611328,
                "virtual_used": 0.9290924072265625,
                "virtual_free": 0.9367752075195312,
                "sample": 1
            }
        ],
        "response_time": 0.01909494400024414
    },
    "readManyUnstruct": {
        "baseline": {
            "cpu_util": 0.0,
            "disk_read": 0.34622669219970703,
            "disk_write": 2.8326053619384766,
            "disk_used": 3.9037399291992188,
            "disk_free": 24.09833526611328,
            "virtual_used": 0.9290924072265625,
            "virtual_free": 0.9367752075195312
        },
        "samples": [
            {
                "cpu_util": 0.0,
                "disk_read": 0.34622669219970703,
                "disk_write": 2.8326053619384766,
                "disk_used": 3.9037399291992188,
                "disk_free": 24.09833526611328,
                "virtual_used": 0.9290924072265625,
                "virtual_free": 0.9367752075195312,
                "sample": 1
            }
        ],
        "response_time": 7.200241088867188e-05
    }
}