{
    "delete": {
        "baseline": {
            "cpu_util": 0.0,
            "disk_read": 0.34622669219970703,
            "disk_write": 2.8320064544677734,
            "disk_used": 3.903717041015625,
            "disk_free": 24.098358154296875,
            "virtual_used": 0.9291000366210938,
            "virtual_free": 0.936767578125
        },
        "samples": [
            {
                "cpu_util": 0.0,
                "disk_read": 0.34622669219970703,
                "disk_write": 2.832010269165039,
                "disk_used": 3.9037208557128906,
                "disk_free": 24.09835433959961,
                "virtual_used": 0.9291000366210938,
                "virtual_free": 0.936767578125,
                "sample": 1
            }
        ],
        "response_time": 0.0009334087371826172
    },
    "create": {
        "baseline": {
            "cpu_util": 0.0,
            "disk_read": 0.34622669219970703,
            "disk_write": 2.832010269165039,
            "disk_used": 3.9037208557128906,
            "disk_free": 24.09835433959961,
            "virtual_used": 0.9290618896484375,
            "virtual_free": 0.9368057250976562
        },
        "samples": [
            {
                "cpu_util": 13.0,
                "disk_read": 0.34622669219970703,
                "disk_write": 2.8322696685791016,
                "disk_used": 3.903728485107422,
                "disk_free": 24.098346710205078,
                "virtual_used": 0.9291801452636719,
                "virtual_free": 0.9366874694824219,
                "sample": 1
            }
        ],
        "response_time": 0.03316450119018555
    },
    "readManyUnstruct": {
        "baseline": {
            "cpu_util": 0.0,
            "disk_read": 0.34622669219970703,
            "disk_write": 2.8322696685791016,
            "disk_used": 3.903728485107422,
            "disk_free": 24.098346710205078,
            "virtual_used": 0.9291801452636719,
            "virtual_free": 0.9366874694824219
        },
        "samples": [
            {
                "cpu_util": 0.0,
                "disk_read": 0.34622669219970703,
                "disk_write": 2.8322696685791016,
                "disk_used": 3.903728485107422,
                "disk_free": 24.098346710205078,
                "virtual_used": 0.9291801452636719,
                "virtual_free": 0.9366874694824219,
                "sample": 1
            }
        ],
        "response_time": 7.414817810058594e-05
    }
}