{
    "delete": {
        "baseline": {
            "cpu_util": 0.0,
            "disk_read": 0.43982553482055664,
            "disk_write": 3.3121814727783203,
            "disk_used": 3.9937782287597656,
            "disk_free": 24.008296966552734,
            "virtual_used": 1.0846786499023438,
            "virtual_free": 0.78118896484375
        },
        "samples": [
            {
                "cpu_util": 0.0,
                "disk_read": 0.43982553482055664,
                "disk_write": 3.3121814727783203,
                "disk_used": 3.9937820434570312,
                "disk_free": 24.00829315185547,
                "virtual_used": 1.0846786499023438,
                "virtual_free": 0.78118896484375,
                "sample": 1
            }
        ],
        "response_time": 0.0006048679351806641
    },
    "create": {
        "baseline": {
            "cpu_util": 0.0,
            "disk_read": 0.43982553482055664,
            "disk_write": 3.3121814727783203,
            "disk_used": 3.9937820434570312,
            "disk_free": 24.00829315185547,
            "virtual_used": 1.0846786499023438,
            "virtual_free": 0.78118896484375
        },
        "samples": [
            {
                "cpu_util": 9.5,
                "disk_read": 0.43982553482055664,
                "disk_write": 3.3123836517333984,
                "disk_used": 3.9937896728515625,
                "disk_free": 24.008285522460938,
                "virtual_used": 1.0846748352050781,
                "virtual_free": 0.7811927795410156,
                "sample": 1
            }
        ],
        "response_time": 0.020721435546875
    },
    "insertOneUnstruct": {
        "baseline": {
            "cpu_util": 0.0,
            "disk_read": 0.43982553482055664,
            "disk_write": 3.3124217987060547,
            "disk_used": 3.9937896728515625,
            "disk_free": 24.008285522460938,
            "virtual_used": 1.0846633911132812,
            "virtual_free": 0.7812042236328125
        },
        "samples": [
            {
                "cpu_util": 0.0,
                "disk_read": 0.43982553482055664,
                "disk_write": 3.3124256134033203,
                "disk_used": 3.9937896728515625,
                "disk_free": 24.008285522460938,
                "virtual_used": 1.0846633911132812,
                "virtual_free": 0.7812042236328125,
                "sample": 1
            }
        ],
        "response_time": 0.0008707046508789062
    }
}