{
    "delete": {
        "baseline": {
            "cpu_util": 0.0,
            "disk_read": 0.43982553482055664,
            "disk_write": 3.312833786010742,
            "disk_used": 3.9938278198242188,
            "disk_free": 24.00824737548828,
            "virtual_used": 1.0845413208007812,
            "virtual_free": 0.7813262939453125
        },
        "samples": [
            {
                "cpu_util": 0.0,
                "disk_read": 0.43982553482055664,
                "disk_write": 3.312837600708008,
                "disk_used": 3.9938278198242188,
                "disk_free": 24.00824737548828,
                "virtual_used": 1.0845298767089844,
                "virtual_free": 0.7813377380371094,
                "sample": 1
            }
        ],
        "response_time": 0.0010266304016113281
    },
    "create": {
        "baseline": {
            "cpu_util": 0.0,
            "disk_read": 0.43982553482055664,
            "disk_write": 3.312837600708008,
            "disk_used": 3.9938278198242188,
            "disk_free": 24.00824737548828,
            "virtual_used": 1.0845222473144531,
            "virtual_free": 0.7813453674316406
        },
        "samples": [
            {
                "cpu_util": 5.0,
                "disk_read": 0.43982553482055664,
                "disk_write": 3.312997817993164,
                "disk_used": 3.9938430786132812,
                "disk_free": 24.00823211669922,
                "virtual_used": 1.0845069885253906,
                "virtual_free": 0.7813606262207031,
                "sample": 1
            }
        ],
        "response_time": 0.02075958251953125
    },
    "insertOneUnstruct": {
        "baseline": {
            "cpu_util": 0.0,
            "disk_read": 0.43982553482055664,
            "disk_write": 3.3130359649658203,
            "disk_used": 3.9938430786132812,
            "disk_free": 24.00823211669922,
            "virtual_used": 1.0845069885253906,
            "virtual_free": 0.7813606262207031
        },
        "samples": [
            {
                "cpu_util": 0.0,
                "disk_read": 0.43982553482055664,
                "disk_write": 3.313039779663086,
                "disk_used": 3.9938430786132812,
                "disk_free": 24.00823211669922,
                "virtual_used": 1.0844955444335938,
                "virtual_free": 0.7813720703125,
                "sample": 1
            }
        ],
        "response_time": 0.0009105205535888672
    }
}