{
    "delete": {
        "baseline": {
            "cpu_util": 50.0,
            "disk_read": 1.4436326026916504,
            "disk_write": 28.752355575561523,
            "disk_used": 4.925285339355469,
            "disk_free": 23.07678985595703,
            "virtual_used": 3.0335922241210938,
            "virtual_free": 0.7133598327636719
        },
        "samples": [
            {
                "cpu_util": 55.0,
                "disk_read": 1.4436326026916504,
                "disk_write": 28.752389907836914,
                "disk_used": 4.925285339355469,
                "disk_free": 23.07678985595703,
                "virtual_used": 3.0335922241210938,
                "virtual_free": 0.7133598327636719,
                "sample": 1
            }
        ],
        "response_time": 0.0009293556213378906
    },
    "create": {
        "baseline": {
            "cpu_util": 50.0,
            "disk_read": 1.4436326026916504,
            "disk_write": 28.752412796020508,
            "disk_used": 4.925285339355469,
            "disk_free": 23.07678985595703,
            "virtual_used": 3.0335845947265625,
            "virtual_free": 0.7133674621582031
        },
        "samples": [
            {
                "cpu_util": 55.0,
                "disk_read": 1.4436326026916504,
                "disk_write": 28.75257682800293,
                "disk_used": 4.92529296875,
                "disk_free": 23.0767822265625,
                "virtual_used": 3.033550262451172,
                "virtual_free": 0.7134017944335938,
                "sample": 1
            }
        ],
        "response_time": 0.01854562759399414
    },
    "insertOneStruct": {
        "baseline": {
            "cpu_util": 50.0,
            "disk_read": 1.4436326026916504,
            "disk_write": 28.7526798248291,
            "disk_used": 4.925296783447266,
            "disk_free": 23.076778411865234,
            "virtual_used": 3.0335464477539062,
            "virtual_free": 0.7134056091308594
        },
        "samples": [
            {
                "cpu_util": 50.0,
                "disk_read": 1.4436326026916504,
                "disk_write": 28.752683639526367,
                "disk_used": 4.925296783447266,
                "disk_free": 23.076778411865234,
                "virtual_used": 3.0335464477539062,
                "virtual_free": 0.7134056091308594,
                "sample": 1
            }
        ],
        "response_time": 0.0007047653198242188
    }
}