{
    "delete": {
        "baseline": {
            "cpu_util": 4.8,
            "disk_read": 0.5024294853210449,
            "disk_write": 5.269487380981445,
            "disk_used": 3.8802871704101562,
            "disk_free": 24.121788024902344,
            "virtual_used": 0.9910736083984375,
            "virtual_free": 0.8747940063476562
        },
        "samples": [
            {
                "cpu_util": 0.0,
                "disk_read": 0.5024294853210449,
                "disk_write": 5.269491195678711,
                "disk_used": 3.8802871704101562,
                "disk_free": 24.121788024902344,
                "virtual_used": 0.9910697937011719,
                "virtual_free": 0.8747978210449219,
                "sample": 1
            }
        ],
        "response_time": 0.0010709762573242188
    },
    "create": {
        "baseline": {
            "cpu_util": 0.0,
            "disk_read": 0.5024294853210449,
            "disk_write": 5.269491195678711,
            "disk_used": 3.8802871704101562,
            "disk_free": 24.121788024902344,
            "virtual_used": 0.9910697937011719,
            "virtual_free": 0.8747978210449219
        },
        "samples": [
            {
                "cpu_util": 4.8,
                "disk_read": 0.5024294853210449,
                "disk_write": 5.26966667175293,
                "disk_used": 3.880298614501953,
                "disk_free": 24.121776580810547,
                "virtual_used": 0.991058349609375,
                "virtual_free": 0.8748092651367188,
                "sample": 1
            }
        ],
        "response_time": 0.01900649070739746
    },
    "updateManyStruct": {
        "baseline": {
            "cpu_util": 0.0,
            "disk_read": 0.5024294853210449,
            "disk_write": 5.26966667175293,
            "disk_used": 3.880298614501953,
            "disk_free": 24.121776580810547,
            "virtual_used": 0.991058349609375,
            "virtual_free": 0.8748092651367188
        },
        "samples": [
            {
                "cpu_util": 0.0,
                "disk_read": 0.5024294853210449,
                "disk_write": 5.269704818725586,
                "disk_used": 3.880298614501953,
                "disk_free": 24.121776580810547,
                "virtual_used": 0.991058349609375,
                "virtual_free": 0.8748092651367188,
                "sample": 1
            }
        ],
        "response_time": 0.002268552780151367
    }
}