{
    "delete": {
        "baseline": {
            "cpu_util": 0.0,
            "disk_read": 16.938799381256104,
            "disk_write": 4.428987503051758,
            "disk_used": 3.8832969665527344,
            "disk_free": 24.118778228759766,
            "virtual_used": 1.1189346313476562,
            "virtual_free": 0.7469329833984375
        },
        "samples": [
            {
                "cpu_util": 55.0,
                "disk_read": 16.938799381256104,
                "disk_write": 4.42902946472168,
                "disk_used": 3.8876190185546875,
                "disk_free": 24.114456176757812,
                "virtual_used": 1.1176033020019531,
                "virtual_free": 0.7482643127441406,
                "sample": 1
            }
        ],
        "response_time": 0.0008292198181152344
    },
    "create": {
        "baseline": {
            "cpu_util": 0.0,
            "disk_read": 16.938799381256104,
            "disk_write": 4.42902946472168,
            "disk_used": 3.8876190185546875,
            "disk_free": 24.114456176757812,
            "virtual_used": 1.117523193359375,
            "virtual_free": 0.7483444213867188
        },
        "samples": [
            {
                "cpu_util": 52.0,
                "disk_read": 16.938799381256104,
                "disk_write": 4.42902946472168,
                "disk_used": 3.8876190185546875,
                "disk_free": 24.114456176757812,
                "virtual_used": 1.117523193359375,
                "virtual_free": 0.7483444213867188,
                "sample": 1
            },
            {
                "cpu_util": 50.0,
                "disk_read": 16.938799381256104,
                "disk_write": 4.429155349731445,
                "disk_used": 3.8876266479492188,
                "disk_free": 24.11444854736328,
                "virtual_used": 1.1172294616699219,
                "virtual_free": 0.7486381530761719,
                "sample": 2
            },
            {
                "cpu_util": 83.3,
                "disk_read": 16.938799381256104,
                "disk_write": 4.430910110473633,
                "disk_used": 3.891132354736328,
                "disk_free": 24.110942840576172,
                "virtual_used": 1.1144638061523438,
                "virtual_free": 0.75140380859375,
                "sample": 3
            },
            {
                "cpu_util": 35.0,
                "disk_read": 16.938799381256104,
                "disk_write": 4.43364143371582,
                "disk_used": 3.8911361694335938,
                "disk_free": 24.110939025878906,
                "virtual_used": 1.1170425415039062,
                "virtual_free": 0.7488250732421875,
                "sample": 4
            }
        ],
        "response_time": 1.0721287727355957
    },
    "readManyStruct": {
        "baseline": {
            "cpu_util": 0.0,
            "disk_read": 16.938799381256104,
            "disk_write": 4.433938980102539,
            "disk_used": 3.8911361694335938,
            "disk_free": 24.110939025878906,
            "virtual_used": 1.1170234680175781,
            "virtual_free": 0.7488441467285156
        },
        "samples": [
            {
                "cpu_util": 0.0,
                "disk_read": 16.938799381256104,
                "disk_write": 4.433938980102539,
                "disk_used": 3.8911361694335938,
                "disk_free": 24.110939025878906,
                "virtual_used": 1.1170234680175781,
                "virtual_free": 0.7488441467285156,
                "sample": 1
            }
        ],
        "response_time": 6.985664367675781e-05
    }
}