{
    "delete": {
        "baseline": {
            "cpu_util": 0.0,
            "disk_read": 0.8625273704528809,
            "disk_write": 15.944578170776367,
            "disk_used": 4.905567169189453,
            "disk_free": 23.096508026123047,
            "virtual_used": 1.7044410705566406,
            "virtual_free": 2.042510986328125
        },
        "samples": [
            {
                "cpu_util": 4.8,
                "disk_read": 0.8625273704528809,
                "disk_write": 15.944581985473633,
                "disk_used": 4.905570983886719,
                "disk_free": 23.09650421142578,
                "virtual_used": 1.7048110961914062,
                "virtual_free": 2.0421409606933594,
                "sample": 1
            }
        ],
        "response_time": 0.0009291172027587891
    },
    "create": {
        "baseline": {
            "cpu_util": 36.8,
            "disk_read": 0.8625273704528809,
            "disk_write": 15.944581985473633,
            "disk_used": 4.910160064697266,
            "disk_free": 23.091915130615234,
            "virtual_used": 1.7088699340820312,
            "virtual_free": 2.0380821228027344
        },
        "samples": [
            {
                "cpu_util": 22.7,
                "disk_read": 0.8625273704528809,
                "disk_write": 15.94514274597168,
                "disk_used": 4.910167694091797,
                "disk_free": 23.091907501220703,
                "virtual_used": 1.7080268859863281,
                "virtual_free": 2.0389251708984375,
                "sample": 1
            }
        ],
        "response_time": 0.07895207405090332
    },
    "readOneUnstruct": {
        "baseline": {
            "cpu_util": 0.0,
            "disk_read": 0.8625273704528809,
            "disk_write": 15.945714950561523,
            "disk_used": 4.910167694091797,
            "disk_free": 23.091907501220703,
            "virtual_used": 1.7084732055664062,
            "virtual_free": 2.0384788513183594
        },
        "samples": [
            {
                "cpu_util": 5.0,
                "disk_read": 0.8625273704528809,
                "disk_write": 15.945714950561523,
                "disk_used": 4.910167694091797,
                "disk_free": 23.091907501220703,
                "virtual_used": 1.70404052734375,
                "virtual_free": 2.0429115295410156,
                "sample": 1
            }
        ],
        "response_time": 0.008148431777954102
    }
}