{
    "delete": {
        "baseline": {
            "cpu_util": 0.0,
            "disk_read": 0.3482065200805664,
            "disk_write": 4.739603042602539,
            "disk_used": 4.217041015625,
            "disk_free": 23.7850341796875,
            "virtual_used": 2.8058433532714844,
            "virtual_free": 0.9411163330078125
        },
        "samples": [
            {
                "cpu_util": 0.0,
                "disk_read": 0.3482065200805664,
                "disk_write": 4.739606857299805,
                "disk_used": 4.217041015625,
                "disk_free": 23.7850341796875,
                "virtual_used": 2.8058433532714844,
                "virtual_free": 0.9411163330078125,
                "sample": 1
            }
        ],
        "response_time": 0.0009996891021728516
    },
    "create": {
        "baseline": {
            "cpu_util": 0.0,
            "disk_read": 0.3482065200805664,
            "disk_write": 4.739606857299805,
            "disk_used": 4.221794128417969,
            "disk_free": 23.78028106689453,
            "virtual_used": 2.8169822692871094,
            "virtual_free": 0.9299774169921875
        },
        "samples": [
            {
                "cpu_util": 50.0,
                "disk_read": 0.3482065200805664,
                "disk_write": 4.739606857299805,
                "disk_used": 4.221794128417969,
                "disk_free": 23.78028106689453,
                "virtual_used": 2.8169174194335938,
                "virtual_free": 0.9300422668457031,
                "sample": 1
            },
            {
                "cpu_util": 50.8,
                "disk_read": 0.3482065200805664,
                "disk_write": 4.739606857299805,
                "disk_used": 4.221794128417969,
                "disk_free": 23.78028106689453,
                "virtual_used": 2.8169174194335938,
                "virtual_free": 0.9300422668457031,
                "sample": 2
            },
            {
                "cpu_util": 50.0,
                "disk_read": 0.3482065200805664,
                "disk_write": 4.739606857299805,
                "disk_used": 4.221794128417969,
                "disk_free": 23.78028106689453,
                "virtual_used": 2.8169174194335938,
                "virtual_free": 0.9300422668457031,
                "sample": 3
            },
            {
                "cpu_util": 50.0,
                "disk_read": 0.3482065200805664,
                "disk_write": 4.739606857299805,
                "disk_used": 4.221794128417969,
                "disk_free": 23.78028106689453,
                "virtual_used": 2.8169174194335938,
                "virtual_free": 0.9300422668457031,
                "sample": 4
            },
            {
                "cpu_util": 50.0,
                "disk_read": 0.3482065200805664,
                "disk_write": 4.814722061157227,
                "disk_used": 4.2218017578125,
                "disk_free": 23.7802734375,
                "virtual_used": 2.8169097900390625,
                "virtual_free": 0.9300498962402344,
                "sample": 5
            },
            {
                "cpu_util": 52.0,
                "disk_read": 0.3482065200805664,
                "disk_write": 4.814722061157227,
                "disk_used": 4.2218017578125,
                "disk_free": 23.7802734375,
                "virtual_used": 2.824359893798828,
                "virtual_free": 0.9225997924804688,
                "sample": 6
            },
            {
                "cpu_util": 45.0,
                "disk_read": 0.3482065200805664,
                "disk_write": 4.815755844116211,
                "disk_used": 4.221809387207031,
                "disk_free": 23.78026580810547,
                "virtual_used": 2.833465576171875,
                "virtual_free": 0.9134941101074219,
                "sample": 7
            },
            {
                "cpu_util": 52.6,
                "disk_read": 0.3482065200805664,
                "disk_write": 4.818029403686523,
                "disk_used": 4.221809387207031,
                "disk_free": 23.78026580810547,
                "virtual_used": 2.8404693603515625,
                "virtual_free": 0.9064903259277344,
                "sample": 8
            },
            {
                "cpu_util": 52.4,
                "disk_read": 0.3482065200805664,
                "disk_write": 4.819608688354492,
                "disk_used": 4.221809387207031,
                "disk_free": 23.78026580810547,
                "virtual_used": 2.852813720703125,
                "virtual_free": 0.8941459655761719,
                "sample": 9
            },
            {
                "cpu_util": 100.0,
                "disk_read": 0.3482065200805664,
                "disk_write": 4.820585250854492,
                "disk_used": 4.225170135498047,
                "disk_free": 23.776905059814453,
                "virtual_used": 2.8309898376464844,
                "virtual_free": 0.9159698486328125,
                "sample": 10
            },
            {
                "cpu_util": 52.6,
                "disk_read": 0.3482065200805664,
                "disk_write": 4.823453903198242,
                "disk_used": 4.226966857910156,
                "disk_free": 23.775108337402344,
                "virtual_used": 2.8335609436035156,
                "virtual_free": 0.9133987426757812,
                "sample": 11
            },
            {
                "cpu_util": 57.1,
                "disk_read": 0.3482065200805664,
                "disk_write": 4.82435417175293,
                "disk_used": 4.226970672607422,
                "disk_free": 23.775104522705078,
                "virtual_used": 2.843585968017578,
                "virtual_free": 0.9033737182617188,
                "sample": 12
            },
            {
                "cpu_util": 50.0,
                "disk_read": 0.3482065200805664,
                "disk_write": 4.82737922668457,
                "disk_used": 4.226970672607422,
                "disk_free": 23.775104522705078,
                "virtual_used": 2.8446044921875,
                "virtual_free": 0.9023551940917969,
                "sample": 13
            },
            {
                "cpu_util": 50.0,
                "disk_read": 0.3482065200805664,
                "disk_write": 4.829030990600586,
                "disk_used": 4.226970672607422,
                "disk_free": 23.775104522705078,
                "virtual_used": 2.864898681640625,
                "virtual_free": 0.8820610046386719,
                "sample": 14
            },
            {
                "cpu_util": 71.4,
                "disk_read": 0.3482065200805664,
                "disk_write": 4.830728530883789,
                "disk_used": 4.229259490966797,
                "disk_free": 23.772815704345703,
                "virtual_used": 2.8586502075195312,
                "virtual_free": 0.8883094787597656,
                "sample": 15
            },
            {
                "cpu_util": 100.0,
                "disk_read": 0.3482065200805664,
                "disk_write": 4.831949234008789,
                "disk_used": 4.240234375,
                "disk_free": 23.7618408203125,
                "virtual_used": 2.8718299865722656,
                "virtual_free": 0.8751296997070312,
                "sample": 16
            },
            {
                "cpu_util": 78.3,
                "disk_read": 0.34821033477783203,
                "disk_write": 4.854475021362305,
                "disk_used": 4.0467681884765625,
                "disk_free": 23.955307006835938,
                "virtual_used": 2.883991241455078,
                "virtual_free": 0.8629684448242188,
                "sample": 17
            },
            {
                "cpu_util": 59.1,
                "disk_read": 0.34821033477783203,
                "disk_write": 4.855680465698242,
                "disk_used": 4.0467681884765625,