{
    "delete": {
        "baseline": {
            "cpu_util": 0.0,
            "disk_read": 0.3256845474243164,
            "disk_write": 1.2611942291259766,
            "disk_used": 4.164638519287109,
            "disk_free": 23.83743667602539,
            "virtual_used": 1.0196418762207031,
            "virtual_free": 0.8462257385253906
        },
        "samples": [
            {
                "cpu_util": 9.1,
                "disk_read": 0.3256845474243164,
                "disk_write": 1.2611980438232422,
                "disk_used": 4.164638519287109,
                "disk_free": 23.83743667602539,
                "virtual_used": 1.0196418762207031,
                "virtual_free": 0.8462257385253906,
                "sample": 1
            }
        ],
        "response_time": 0.0008227825164794922
    },
    "create": {
        "baseline": {
            "cpu_util": 9.1,
            "disk_read": 0.3256845474243164,
            "disk_write": 1.2611980438232422,
            "disk_used": 4.164638519287109,
            "disk_free": 23.83743667602539,
            "virtual_used": 1.0191383361816406,
            "virtual_free": 0.8467292785644531
        },
        "samples": [
            {
                "cpu_util": 50.8,
                "disk_read": 0.3256845474243164,
                "disk_write": 1.2611980438232422,
                "disk_used": 4.164638519287109,
                "disk_free": 23.83743667602539,
                "virtual_used": 1.0193595886230469,
                "virtual_free": 0.8465080261230469,
                "sample": 1
            },
            {
                "cpu_util": 52.0,
                "disk_read": 0.3256845474243164,
                "disk_write": 1.2611980438232422,
                "disk_used": 4.164638519287109,
                "disk_free": 23.83743667602539,
                "virtual_used": 1.0172462463378906,
                "virtual_free": 0.8486213684082031,
                "sample": 2
            },
            {
                "cpu_util": 50.0,
                "disk_read": 0.3256845474243164,
                "disk_write": 1.264566421508789,
                "disk_used": 4.164646148681641,
                "disk_free": 23.83742904663086,
                "virtual_used": 1.0335845947265625,
                "virtual_free": 0.8322830200195312,
                "sample": 3
            },
            {
                "cpu_util": 70.0,
                "disk_read": 0.3256845474243164,
                "disk_write": 1.2671489715576172,
                "disk_used": 4.170055389404297,
                "disk_free": 23.832019805908203,
                "virtual_used": 1.0362396240234375,
                "virtual_free": 0.8296279907226562,
                "sample": 4
            },
            {
                "cpu_util": 38.1,
                "disk_read": 0.3256845474243164,
                "disk_write": 1.2707843780517578,
                "disk_used": 4.174884796142578,
                "disk_free": 23.827190399169922,
                "virtual_used": 1.0326309204101562,
                "virtual_free": 0.8332366943359375,
                "sample": 5
            }
        ],
        "response_time": 1.2137200832366943
    },
    "readOneUnstruct": {
        "baseline": {
            "cpu_util": 0.0,
            "disk_read": 0.3256845474243164,
            "disk_write": 1.2707843780517578,
            "disk_used": 4.174884796142578,
            "disk_free": 23.827190399169922,
            "virtual_used": 1.0326309204101562,
            "virtual_free": 0.8332366943359375
        },
        "samples": [
            {
                "cpu_util": 33.3,
                "disk_read": 0.3256845474243164,
                "disk_write": 1.2707996368408203,
                "disk_used": 4.174884796142578,
                "disk_free": 23.827190399169922,
                "virtual_used": 1.0281944274902344,
                "virtual_free": 0.8376731872558594,
                "sample": 1
            }
        ],
        "response_time": 0.06559300422668457
    }
}