{
    "delete": {
        "baseline": {
            "cpu_util": 0.0,
            "disk_read": 0.3256845474243164,
            "disk_write": 1.336557388305664,
            "disk_used": 4.205192565917969,
            "disk_free": 23.79688262939453,
            "virtual_used": 1.0989646911621094,
            "virtual_free": 0.7669029235839844
        },
        "samples": [
            {
                "cpu_util": 0.0,
                "disk_read": 0.3256845474243164,
                "disk_write": 1.336599349975586,
                "disk_used": 4.205192565917969,
                "disk_free": 23.79688262939453,
                "virtual_used": 1.0989608764648438,
                "virtual_free": 0.76690673828125,
                "sample": 1
            }
        ],
        "response_time": 0.0008366107940673828
    },
    "create": {
        "baseline": {
            "cpu_util": 4.8,
            "disk_read": 0.3256845474243164,
            "disk_write": 1.336599349975586,
            "disk_used": 4.205192565917969,
            "disk_free": 23.79688262939453,
            "virtual_used": 1.0989494323730469,
            "virtual_free": 0.7669181823730469
        },
        "samples": [
            {
                "cpu_util": 52.2,
                "disk_read": 0.3256845474243164,
                "disk_write": 1.336599349975586,
                "disk_used": 4.205192565917969,
                "disk_free": 23.79688262939453,
                "virtual_used": 1.0989494323730469,
                "virtual_free": 0.7669181823730469,
                "sample": 1
            },
            {
                "cpu_util": 56.5,
                "disk_read": 0.3256845474243164,
                "disk_write": 1.336599349975586,
                "disk_used": 4.205192565917969,
                "disk_free": 23.79688262939453,
                "virtual_used": 1.0945243835449219,
                "virtual_free": 0.7713432312011719,
                "sample": 2
            },
            {
                "cpu_util": 50.0,
                "disk_read": 0.3256845474243164,
                "disk_write": 1.3407649993896484,
                "disk_used": 4.2052001953125,
                "disk_free": 23.796875,
                "virtual_used": 1.1003761291503906,
                "virtual_free": 0.7654914855957031,
                "sample": 3
            },
            {
                "cpu_util": 100.0,
                "disk_read": 0.3256845474243164,
                "disk_write": 1.344961166381836,
                "disk_used": 4.215106964111328,
                "disk_free": 23.786968231201172,
                "virtual_used": 1.1130294799804688,
                "virtual_free": 0.752838134765625,
                "sample": 4
            }
        ],
        "response_time": 1.1002309322357178
    },
    "readOneUnstruct": {
        "baseline": {
            "cpu_util": 0.0,
            "disk_read": 0.3256845474243164,
            "disk_write": 1.3461551666259766,
            "disk_used": 4.2162322998046875,
            "disk_free": 23.785842895507812,
            "virtual_used": 1.1147804260253906,
            "virtual_free": 0.7510871887207031
        },
        "samples": [
            {
                "cpu_util": 55.0,
                "disk_read": 0.3256845474243164,
                "disk_write": 1.3462200164794922,
                "disk_used": 4.216236114501953,
                "disk_free": 23.785839080810547,
                "virtual_used": 1.1299781799316406,
                "virtual_free": 0.7358894348144531,
                "sample": 1
            }
        ],
        "response_time": 0.08602690696716309
    }
}