{
    "delete": {
        "baseline": {
            "cpu_util": 0.0,
            "disk_read": 0.5024027824401855,
            "disk_write": 5.149999618530273,
            "disk_used": 3.9818115234375,
            "disk_free": 24.020263671875,
            "virtual_used": 0.992523193359375,
            "virtual_free": 0.8733444213867188
        },
        "samples": [
            {
                "cpu_util": 0.0,
                "disk_read": 0.5024027824401855,
                "disk_write": 5.150003433227539,
                "disk_used": 3.9818115234375,
                "disk_free": 24.020263671875,
                "virtual_used": 0.992523193359375,
                "virtual_free": 0.8733444213867188,
                "sample": 1
            }
        ],
        "response_time": 0.001043081283569336
    },
    "create": {
        "baseline": {
            "cpu_util": 0.0,
            "disk_read": 0.5024027824401855,
            "disk_write": 5.150003433227539,
            "disk_used": 3.9818115234375,
            "disk_free": 24.020263671875,
            "virtual_used": 0.992523193359375,
            "virtual_free": 0.8733444213867188
        },
        "samples": [
            {
                "cpu_util": 5.0,
                "disk_read": 0.5024027824401855,
                "disk_write": 5.150228500366211,
                "disk_used": 3.9818191528320312,
                "disk_free": 24.02025604248047,
                "virtual_used": 0.992523193359375,
                "virtual_free": 0.8733444213867188,
                "sample": 1
            }
        ],
        "response_time": 0.025792598724365234
    },
    "updateManyStruct": {
        "baseline": {
            "cpu_util": 0.0,
            "disk_read": 0.5024027824401855,
            "disk_write": 5.150228500366211,
            "disk_used": 3.9818191528320312,
            "disk_free": 24.02025604248047,
            "virtual_used": 0.992523193359375,
            "virtual_free": 0.8733444213867188
        },
        "samples": [
            {
                "cpu_util": 15.0,
                "disk_read": 0.5024027824401855,
                "disk_write": 5.150480270385742,
                "disk_used": 3.9818191528320312,
                "disk_free": 24.02025604248047,
                "virtual_used": 0.9922828674316406,
                "virtual_free": 0.8735847473144531,
                "sample": 1
            }
        ],
        "response_time": 0.014816522598266602
    }
}