{
    "delete": {
        "baseline": {
            "cpu_util": 0.0,
            "disk_read": 1.1866469383239746,
            "disk_write": 17.8833065032959,
            "disk_used": 4.899120330810547,
            "disk_free": 23.102954864501953,
            "virtual_used": 2.3804969787597656,
            "virtual_free": 1.366455078125
        },
        "samples": [
            {
                "cpu_util": 0.0,
                "disk_read": 1.1866469383239746,
                "disk_write": 17.883310317993164,
                "disk_used": 4.8991241455078125,
                "disk_free": 23.102951049804688,
                "virtual_used": 2.3804931640625,
                "virtual_free": 1.3664588928222656,
                "sample": 1
            }
        ],
        "response_time": 0.0008959770202636719
    },
    "create": {
        "baseline": {
            "cpu_util": 0.0,
            "disk_read": 1.1866469383239746,
            "disk_write": 17.883310317993164,
            "disk_used": 4.8991241455078125,
            "disk_free": 23.102951049804688,
            "virtual_used": 2.3729629516601562,
            "virtual_free": 1.3739891052246094
        },
        "samples": [
            {
                "cpu_util": 51.4,
                "disk_read": 1.1866469383239746,
                "disk_write": 17.883337020874023,
                "disk_used": 4.899127960205078,
                "disk_free": 23.102947235107422,
                "virtual_used": 2.363719940185547,
                "virtual_free": 1.3832321166992188,
                "sample": 1
            },
            {
                "cpu_util": 50.0,
                "disk_read": 1.1866469383239746,
                "disk_write": 17.883337020874023,
                "disk_used": 4.899127960205078,
                "disk_free": 23.102947235107422,
                "virtual_used": 2.3711700439453125,
                "virtual_free": 1.3757820129394531,
                "sample": 2
            },
            {
                "cpu_util": 50.0,
                "disk_read": 1.1866469383239746,
                "disk_write": 17.883337020874023,
                "disk_used": 4.899127960205078,
                "disk_free": 23.102947235107422,
                "virtual_used": 2.3942413330078125,
                "virtual_free": 1.3527107238769531,
                "sample": 3
            },
            {
                "cpu_util": 47.8,
                "disk_read": 1.1866469383239746,
                "disk_write": 17.883337020874023,
                "disk_used": 4.899127960205078,
                "disk_free": 23.102947235107422,
                "virtual_used": 2.3942413330078125,
                "virtual_free": 1.3527107238769531,
                "sample": 4
            },
            {
                "cpu_util": 47.8,
                "disk_read": 1.1866469383239746,
                "disk_write": 17.883337020874023,
                "disk_used": 4.899127960205078,
                "disk_free": 23.102947235107422,
                "virtual_used": 2.3942413330078125,
                "virtual_free": 1.3527107238769531,
                "sample": 5
            },
            {
                "cpu_util": 50.0,
                "disk_read": 1.1866469383239746,
                "disk_write": 17.883337020874023,
                "disk_used": 4.899127960205078,
                "disk_free": 23.102947235107422,
                "virtual_used": 2.4129867553710938,
                "virtual_free": 1.3339653015136719,
                "sample": 6
            },
            {
                "cpu_util": 50.0,
                "disk_read": 1.1866469383239746,
                "disk_write": 17.883337020874023,
                "disk_used": 4.899127960205078,
                "disk_free": 23.102947235107422,
                "virtual_used": 2.4322128295898438,
                "virtual_free": 1.3147392272949219,
                "sample": 7
            },
            {
                "cpu_util": 50.0,
                "disk_read": 1.1866469383239746,
                "disk_write": 17.883337020874023,
                "disk_used": 4.899127960205078,
                "disk_free": 23.102947235107422,
                "virtual_used": 2.4550437927246094,
                "virtual_free": 1.2919082641601562,
                "sample": 8
            },
            {
                "cpu_util": 50.0,
                "disk_read": 1.1866469383239746,
                "disk_write": 17.883337020874023,
                "disk_used": 4.899127960205078,
                "disk_free": 23.102947235107422,
                "virtual_used": 2.485565185546875,
                "virtual_free": 1.2613868713378906,
                "sample": 9
            },
            {
                "cpu_util": 50.0,
                "disk_read": 1.1866469383239746,
                "disk_write": 17.883337020874023,
                "disk_used": 4.899127960205078,
                "disk_free": 23.102947235107422,
                "virtual_used": 2.516326904296875,
                "virtual_free": 1.2306251525878906,
                "sample": 10
            },
            {
                "cpu_util": 45.8,
                "disk_read": 1.1866469383239746,
                "disk_write": 17.883337020874023,
                "disk_used": 4.899127960205078,
                "disk_free": 23.102947235107422,
                "virtual_used": 2.554779052734375,
                "virtual_free": 1.1921730041503906,
                "sample": 11
            },
            {
                "cpu_util": 48.0,
                "disk_read": 1.1866469383239746,
                "disk_write": 17.883337020874023,
                "disk_used": 4.899127960205078,
                "disk_free": 23.102947235107422,
                "virtual_used": 2.632965087890625,
                "virtual_free": 1.1139869689941406,
                "sample": 12
            },
            {
                "cpu_util": 52.4,
                "disk_read": 1.1866469383239746,
                "disk_write": 17.8864803314209,
                "disk_used": 4.899135589599609,
                "disk_free": 23.10293960571289,
                "virtual_used": 2.625530242919922,
                "virtual_free": 1.1214218139648438,
                "sample": 13
            },
            {
                "cpu_util": 52.4,
                "disk_read": 1.1866469383239746,
                "disk_write": 17.89290428161621,
                "disk_used": 4.899135589599609,
                "disk_free": 23.10293960571289,
                "virtual_used": 2.652252197265625,
                "virtual_free": 1.0946998596191406,
                "sample": 14
            },
            {
                "cpu_util": 52.6,
                "disk_read": 1.1866469383239746,
                "disk_write": 17.897703170776367,
                "disk_used": 4.899135589599609,
                "disk_free": 23.10293960571289,
                "virtual_used": 2.6123886108398438,
                "virtual_free": 1.1345634460449219,
                "sample": 15
            },
            {
                "cpu_util": 72.7,
                "disk_read": 1.1866469383239746,
                "disk_write": 17.902326583862305,
                "disk_used": 4.903324127197266,
                "disk_free": 23.098751068115234,
                "virtual_used": 2.6229515075683594,
                "virtual_free": 1.1240005493164062,
                "sample": 16
            },
            {
                "cpu_util": 100.0,
                "disk_read": 1.1866469383239746,
                "disk_write": 17.902326583862305,
                "disk_used": 4.914943695068359,
                "disk_free": 23.08713150024414,
                "virtual_used": 2.610698699951172,
                "virtual_free": 1.1362533569335938,
                "sample": 17
            },
            {
                "cpu_util": 47.4,
                "disk_read": 1.1866469383239746,
                "disk_write": 17.90717887878418,