{
    "delete": {
        "baseline": {
            "cpu_util": 0.0,
            "disk_read": 0.34246397018432617,
            "disk_write": 3.083139419555664,
            "disk_used": 3.9257431030273438,
            "disk_free": 24.076332092285156,
            "virtual_used": 1.1028480529785156,
            "virtual_free": 2.6441078186035156
        },
        "samples": [
            {
                "cpu_util": 0.0,
                "disk_read": 0.34246397018432617,
                "disk_write": 3.0831432342529297,
                "disk_used": 3.9257431030273438,
                "disk_free": 24.076332092285156,
                "virtual_used": 1.1028480529785156,
                "virtual_free": 2.6441078186035156,
                "sample": 1
            }
        ],
        "response_time": 0.0009076595306396484
    },
    "create": {
        "baseline": {
            "cpu_util": 0.0,
            "disk_read": 0.34246397018432617,
            "disk_write": 3.0831432342529297,
            "disk_used": 3.9257431030273438,
            "disk_free": 24.076332092285156,
            "virtual_used": 1.1028480529785156,
            "virtual_free": 2.6441078186035156
        },
        "samples": [
            {
                "cpu_util": 4.8,
                "disk_read": 0.34246397018432617,
                "disk_write": 3.083333969116211,
                "disk_used": 3.925750732421875,
                "disk_free": 24.076324462890625,
                "virtual_used": 1.1028022766113281,
                "virtual_free": 2.644153594970703,
                "sample": 1
            }
        ],
        "response_time": 0.012655973434448242
    },
    "insertOneThenUpdateTimestampUnstruct": {
        "baseline": {
            "cpu_util": 0.0,
            "disk_read": 0.34246397018432617,
            "disk_write": 3.083333969116211,
            "disk_used": 3.925750732421875,
            "disk_free": 24.076324462890625,
            "virtual_used": 1.1028022766113281,
            "virtual_free": 2.644153594970703
        },
        "samples": [
            {
                "cpu_util": 5.0,
                "disk_read": 0.34246397018432617,
                "disk_write": 3.0833377838134766,
                "disk_used": 3.925750732421875,
                "disk_free": 24.076324462890625,
                "virtual_used": 1.1028022766113281,
                "virtual_free": 2.644153594970703,
                "sample": 1
            }
        ],
        "response_time": 0.0017948150634765625
    }
}