{
    "delete": {
        "baseline": {
            "cpu_util": 0.0,
            "disk_read": 0.5854277610778809,
            "disk_write": 3.778585433959961,
            "disk_used": 5.746265411376953,
            "disk_free": 22.255809783935547,
            "virtual_used": 0.914825439453125,
            "virtual_free": 0.9510383605957031
        },
        "samples": [
            {
                "cpu_util": 0.0,
                "disk_read": 0.5854277610778809,
                "disk_write": 3.7785892486572266,
                "disk_used": 5.746269226074219,
                "disk_free": 22.25580596923828,
                "virtual_used": 0.914825439453125,
                "virtual_free": 0.9510383605957031,
                "sample": 1
            }
        ],
        "response_time": 0.0010993480682373047
    },
    "create": {
        "baseline": {
            "cpu_util": 0.0,
            "disk_read": 0.5854277610778809,
            "disk_write": 3.7785892486572266,
            "disk_used": 5.746269226074219,
            "disk_free": 22.25580596923828,
            "virtual_used": 0.914825439453125,
            "virtual_free": 0.9510383605957031
        },
        "samples": [
            {
                "cpu_util": 5.0,
                "disk_read": 0.5854277610778809,
                "disk_write": 3.778738021850586,
                "disk_used": 5.74627685546875,
                "disk_free": 22.25579833984375,
                "virtual_used": 0.9148025512695312,
                "virtual_free": 0.9510612487792969,
                "sample": 1
            }
        ],
        "response_time": 0.025685548782348633
    },
    "aggregateUnstruct": {
        "baseline": {
            "cpu_util": 0.0,
            "disk_read": 0.5854277610778809,
            "disk_write": 3.778848648071289,
            "disk_used": 5.74627685546875,
            "disk_free": 22.25579833984375,
            "virtual_used": 0.9149246215820312,
            "virtual_free": 0.9509391784667969
        },
        "samples": [
            {
                "cpu_util": 4.8,
                "disk_read": 0.5854277610778809,
                "disk_write": 3.778848648071289,
                "disk_used": 5.74627685546875,
                "disk_free": 22.25579833984375,
                "virtual_used": 0.9149246215820312,
                "virtual_free": 0.9509391784667969,
                "sample": 1
            }
        ],
        "response_time": 0.0023713111877441406
    }
}