{
    "delete": {
        "baseline": {
            "cpu_util": 0.0,
            "disk_read": 0.6195502281188965,
            "disk_write": 4.399343490600586,
            "disk_used": 3.874340057373047,
            "disk_free": 24.127735137939453,
            "virtual_used": 1.1937522888183594,
            "virtual_free": 2.5532073974609375
        },
        "samples": [
            {
                "cpu_util": 0.0,
                "disk_read": 0.6195502281188965,
                "disk_write": 4.399347305297852,
                "disk_used": 3.874340057373047,
                "disk_free": 24.127735137939453,
                "virtual_used": 1.1937484741210938,
                "virtual_free": 2.553211212158203,
                "sample": 1
            }
        ],
        "response_time": 0.0011317729949951172
    },
    "create": {
        "baseline": {
            "cpu_util": 0.0,
            "disk_read": 0.6195502281188965,
            "disk_write": 4.399347305297852,
            "disk_used": 3.874340057373047,
            "disk_free": 24.127735137939453,
            "virtual_used": 1.1937484741210938,
            "virtual_free": 2.553211212158203
        },
        "samples": [
            {
                "cpu_util": 9.5,
                "disk_read": 0.6195502281188965,
                "disk_write": 4.399492263793945,
                "disk_used": 3.8743515014648438,
                "disk_free": 24.127723693847656,
                "virtual_used": 1.1937294006347656,
                "virtual_free": 2.5532302856445312,
                "sample": 1
            }
        ],
        "response_time": 0.02165675163269043
    },
    "updateManyStruct": {
        "baseline": {
            "cpu_util": 0.0,
            "disk_read": 0.6195502281188965,
            "disk_write": 4.399492263793945,
            "disk_used": 3.8743515014648438,
            "disk_free": 24.127723693847656,
            "virtual_used": 1.1937294006347656,
            "virtual_free": 2.5532302856445312
        },
        "samples": [
            {
                "cpu_util": 0.0,
                "disk_read": 0.6195502281188965,
                "disk_write": 4.399518966674805,
                "disk_used": 3.8743515014648438,
                "disk_free": 24.127723693847656,
                "virtual_used": 1.1937255859375,
                "virtual_free": 2.553234100341797,
                "sample": 1
            }
        ],
        "response_time": 0.0010983943939208984
    }
}