{
    "delete": {
        "baseline": {
            "cpu_util": 0.0,
            "disk_read": 0.3510246276855469,
            "disk_write": 2.9429073333740234,
            "disk_used": 3.8444786071777344,
            "disk_free": 24.157596588134766,
            "virtual_used": 1.0016670227050781,
            "virtual_free": 0.8642005920410156
        },
        "samples": [
            {
                "cpu_util": 0.0,
                "disk_read": 0.3510246276855469,
                "disk_write": 2.9429569244384766,
                "disk_used": 3.8444786071777344,
                "disk_free": 24.157596588134766,
                "virtual_used": 1.0016555786132812,
                "virtual_free": 0.8642120361328125,
                "sample": 1
            }
        ],
        "response_time": 0.0009999275207519531
    },
    "create": {
        "baseline": {
            "cpu_util": 0.0,
            "disk_read": 0.3510246276855469,
            "disk_write": 2.9429569244384766,
            "disk_used": 3.8444786071777344,
            "disk_free": 24.157596588134766,
            "virtual_used": 1.0016555786132812,
            "virtual_free": 0.8642120361328125
        },
        "samples": [
            {
                "cpu_util": 5.3,
                "disk_read": 0.3510246276855469,
                "disk_write": 2.943277359008789,
                "disk_used": 3.8444862365722656,
                "disk_free": 24.157588958740234,
                "virtual_used": 1.0015640258789062,
                "virtual_free": 0.8643035888671875,
                "sample": 1
            }
        ],
        "response_time": 0.026061534881591797
    },
    "insertManyThenDeleteManyUnstruct": {
        "baseline": {
            "cpu_util": 0.0,
            "disk_read": 0.3510246276855469,
            "disk_write": 2.943277359008789,
            "disk_used": 3.8444862365722656,
            "disk_free": 24.157588958740234,
            "virtual_used": 1.0015640258789062,
            "virtual_free": 0.8643035888671875
        },
        "samples": [
            {
                "cpu_util": 52.0,
                "disk_read": 0.3510246276855469,
                "disk_write": 2.943277359008789,
                "disk_used": 3.8444862365722656,
                "disk_free": 24.157588958740234,
                "virtual_used": 1.0015640258789062,
                "virtual_free": 0.8643035888671875,
                "sample": 1
            },
            {
                "cpu_util": 61.9,
                "disk_read": 0.3510246276855469,
                "disk_write": 2.943277359008789,
                "disk_used": 3.8444862365722656,
                "disk_free": 24.157588958740234,
                "virtual_used": 0.9990425109863281,
                "virtual_free": 0.8668251037597656,
                "sample": 2
            },
            {
                "cpu_util": 47.6,
                "disk_read": 0.3510246276855469,
                "disk_write": 2.947805404663086,
                "disk_used": 3.844745635986328,
                "disk_free": 24.157329559326172,
                "virtual_used": 1.0025100708007812,
                "virtual_free": 0.8633575439453125,
                "sample": 3
            },
            {
                "cpu_util": 55.0,
                "disk_read": 0.3510246276855469,
                "disk_write": 2.949789047241211,
                "disk_used": 3.844928741455078,
                "disk_free": 24.157146453857422,
                "virtual_used": 1.0134048461914062,
                "virtual_free": 0.8524627685546875,
                "sample": 4
            },
            {
                "cpu_util": 95.0,
                "disk_read": 0.3510246276855469,
                "disk_write": 2.952737808227539,
                "disk_used": 3.853282928466797,
                "disk_free": 24.148792266845703,
                "virtual_used": 1.0080032348632812,
                "virtual_free": 0.8578643798828125,
                "sample": 5
            },
            {
                "cpu_util": 50.0,
                "disk_read": 0.3510246276855469,
                "disk_write": 2.953298568725586,
                "disk_used": 3.8532867431640625,
                "disk_free": 24.148788452148438,
                "virtual_used": 1.0077972412109375,
                "virtual_free": 0.8580703735351562,
                "sample": 6
            },
            {
                "cpu_util": 78.9,
                "disk_read": 0.3510246276855469,
                "disk_write": 2.953958511352539,
                "disk_used": 3.8532867431640625,
                "disk_free": 24.148788452148438,
                "virtual_used": 1.0084915161132812,
                "virtual_free": 0.8573760986328125,
                "sample": 7
            },
            {
                "cpu_util": 50.0,
                "disk_read": 0.3510246276855469,
                "disk_write": 2.954683303833008,
                "disk_used": 3.8532867431640625,
                "disk_free": 24.148788452148438,
                "virtual_used": 1.0083084106445312,
                "virtual_free": 0.8575592041015625,
                "sample": 8
            }
        ],
        "response_time": 1.7421507835388184
    }
}