{
    "delete": {
        "baseline": {
            "cpu_util": 0.0,
            "disk_read": 0.3510246276855469,
            "disk_write": 2.9916629791259766,
            "disk_used": 3.9771499633789062,
            "disk_free": 24.024925231933594,
            "virtual_used": 1.0207901000976562,
            "virtual_free": 0.8450775146484375
        },
        "samples": [
            {
                "cpu_util": 4.8,
                "disk_read": 0.3510246276855469,
                "disk_write": 2.991666793823242,
                "disk_used": 3.9771499633789062,
                "disk_free": 24.024925231933594,
                "virtual_used": 1.0207901000976562,
                "virtual_free": 0.8450775146484375,
                "sample": 1
            }
        ],
        "response_time": 0.0008771419525146484
    },
    "create": {
        "baseline": {
            "cpu_util": 19.0,
            "disk_read": 0.3510246276855469,
            "disk_write": 2.991666793823242,
            "disk_used": 3.9771499633789062,
            "disk_free": 24.024925231933594,
            "virtual_used": 1.0207901000976562,
            "virtual_free": 0.8450775146484375
        },
        "samples": [
            {
                "cpu_util": 4.8,
                "disk_read": 0.3510246276855469,
                "disk_write": 2.992086410522461,
                "disk_used": 3.9771575927734375,
                "disk_free": 24.024917602539062,
                "virtual_used": 1.0208778381347656,
                "virtual_free": 0.8449897766113281,
                "sample": 1
            }
        ],
        "response_time": 0.02540731430053711
    },
    "insertManyThenDeleteManyUnstruct": {
        "baseline": {
            "cpu_util": 0.0,
            "disk_read": 0.3510246276855469,
            "disk_write": 2.992086410522461,
            "disk_used": 3.9771575927734375,
            "disk_free": 24.024917602539062,
            "virtual_used": 1.0208778381347656,
            "virtual_free": 0.8449897766113281
        },
        "samples": [
            {
                "cpu_util": 52.0,
                "disk_read": 0.3510246276855469,
                "disk_write": 2.992094039916992,
                "disk_used": 3.9771575927734375,
                "disk_free": 24.024917602539062,
                "virtual_used": 1.0131492614746094,
                "virtual_free": 0.8527183532714844,
                "sample": 1
            },
            {
                "cpu_util": 50.0,
                "disk_read": 0.3510246276855469,
                "disk_write": 2.9928150177001953,
                "disk_used": 3.9771575927734375,
                "disk_free": 24.024917602539062,
                "virtual_used": 1.0039863586425781,
                "virtual_free": 0.8618812561035156,
                "sample": 2
            },
            {
                "cpu_util": 90.5,
                "disk_read": 0.3510246276855469,
                "disk_write": 2.996603012084961,
                "disk_used": 3.981781005859375,
                "disk_free": 24.020294189453125,
                "virtual_used": 1.0071830749511719,
                "virtual_free": 0.8586845397949219,
                "sample": 3
            },
            {
                "cpu_util": 55.0,
                "disk_read": 0.3510246276855469,
                "disk_write": 3.000936508178711,
                "disk_used": 3.98199462890625,
                "disk_free": 24.02008056640625,
                "virtual_used": 1.0061378479003906,
                "virtual_free": 0.8597297668457031,
                "sample": 4
            },
            {
                "cpu_util": 52.4,
                "disk_read": 0.3510246276855469,
                "disk_write": 3.0017871856689453,
                "disk_used": 3.9822425842285156,
                "disk_free": 24.019832611083984,
                "virtual_used": 1.0051231384277344,
                "virtual_free": 0.8607444763183594,
                "sample": 5
            },
            {
                "cpu_util": 59.1,
                "disk_read": 0.3510246276855469,
                "disk_write": 3.002462387084961,
                "disk_used": 3.9822425842285156,
                "disk_free": 24.019832611083984,
                "virtual_used": 1.004547119140625,
                "virtual_free": 0.8613204956054688,
                "sample": 6
            },
            {
                "cpu_util": 55.0,
                "disk_read": 0.3510246276855469,
                "disk_write": 3.002744674682617,
                "disk_used": 3.9822425842285156,
                "disk_free": 24.019832611083984,
                "virtual_used": 1.0040931701660156,
                "virtual_free": 0.8617744445800781,
                "sample": 7
            },
            {
                "cpu_util": 72.7,
                "disk_read": 0.3510246276855469,
                "disk_write": 3.0033397674560547,
                "disk_used": 3.9830284118652344,
                "disk_free": 24.019046783447266,
                "virtual_used": 1.0035820007324219,
                "virtual_free": 0.8622856140136719,
                "sample": 8
            },
            {
                "cpu_util": 21.1,
                "disk_read": 0.3510246276855469,
                "disk_write": 3.003744125366211,
                "disk_used": 3.9835739135742188,
                "disk_free": 24.01850128173828,
                "virtual_used": 1.0024909973144531,
                "virtual_free": 0.8633766174316406,
                "sample": 9
            }
        ],
        "response_time": 1.9705054759979248
    }
}