{
    "delete": {
        "baseline": {
            "cpu_util": 0.0,
            "disk_read": 12.457633972167969,
            "disk_write": 4.688970565795898,
            "disk_used": 4.035881042480469,
            "disk_free": 23.96619415283203,
            "virtual_used": 0.9649391174316406,
            "virtual_free": 0.9009284973144531
        },
        "samples": [
            {
                "cpu_util": 5.0,
                "disk_read": 12.457633972167969,
                "disk_write": 4.688974380493164,
                "disk_used": 4.035881042480469,
                "disk_free": 23.96619415283203,
                "virtual_used": 0.9649391174316406,
                "virtual_free": 0.9009284973144531,
                "sample": 1
            }
        ],
        "response_time": 0.0010066032409667969
    },
    "create": {
        "baseline": {
            "cpu_util": 0.0,
            "disk_read": 12.457633972167969,
            "disk_write": 4.688974380493164,
            "disk_used": 4.035881042480469,
            "disk_free": 23.96619415283203,
            "virtual_used": 0.9649391174316406,
            "virtual_free": 0.9009284973144531
        },
        "samples": [
            {
                "cpu_util": 28.6,
                "disk_read": 12.457633972167969,
                "disk_write": 4.689607620239258,
                "disk_used": 4.035888671875,
                "disk_free": 23.9661865234375,
                "virtual_used": 0.9618301391601562,
                "virtual_free": 0.9040374755859375,
                "sample": 1
            }
        ],
        "response_time": 0.08208203315734863
    },
    "updateOneStruct": {
        "baseline": {
            "cpu_util": 0.0,
            "disk_read": 12.457633972167969,
            "disk_write": 4.689611434936523,
            "disk_used": 4.036888122558594,
            "disk_free": 23.965187072753906,
            "virtual_used": 0.9615554809570312,
            "virtual_free": 0.9043121337890625
        },
        "samples": [
            {
                "cpu_util": 9.5,
                "disk_read": 12.457633972167969,
                "disk_write": 4.689615249633789,
                "disk_used": 4.036888122558594,
                "disk_free": 23.965187072753906,
                "virtual_used": 0.9615554809570312,
                "virtual_free": 0.9043121337890625,
                "sample": 1
            }
        ],
        "response_time": 0.011246919631958008
    }
}