{
    "delete": {
        "baseline": {
            "cpu_util": 0.0,
            "disk_read": 0.5024027824401855,
            "disk_write": 5.187078475952148,
            "disk_used": 3.9941558837890625,
            "disk_free": 24.007919311523438,
            "virtual_used": 1.0033607482910156,
            "virtual_free": 0.8625068664550781
        },
        "samples": [
            {
                "cpu_util": 0.0,
                "disk_read": 0.5024027824401855,
                "disk_write": 5.187082290649414,
                "disk_used": 3.9941558837890625,
                "disk_free": 24.007919311523438,
                "virtual_used": 1.0033607482910156,
                "virtual_free": 0.8625068664550781,
                "sample": 1
            }
        ],
        "response_time": 0.0026235580444335938
    },
    "create": {
        "baseline": {
            "cpu_util": 0.0,
            "disk_read": 0.5024027824401855,
            "disk_write": 5.187082290649414,
            "disk_used": 3.9941558837890625,
            "disk_free": 24.007919311523438,
            "virtual_used": 1.0033607482910156,
            "virtual_free": 0.8625068664550781
        },
        "samples": [
            {
                "cpu_util": 14.3,
                "disk_read": 0.5024027824401855,
                "disk_write": 5.187299728393555,
                "disk_used": 3.9941635131835938,
                "disk_free": 24.007911682128906,
                "virtual_used": 1.0034866333007812,
                "virtual_free": 0.8623809814453125,
                "sample": 1
            }
        ],
        "response_time": 0.02447342872619629
    },
    "insertManyThenDeleteManyStruct": {
        "baseline": {
            "cpu_util": 0.0,
            "disk_read": 0.5024027824401855,
            "disk_write": 5.187299728393555,
            "disk_used": 3.9941749572753906,
            "disk_free": 24.00790023803711,
            "virtual_used": 1.0034866333007812,
            "virtual_free": 0.8623809814453125
        },
        "samples": [
            {
                "cpu_util": 48.0,
                "disk_read": 0.5024027824401855,
                "disk_write": 5.187299728393555,
                "disk_used": 3.9941749572753906,
                "disk_free": 24.00790023803711,
                "virtual_used": 1.0034866333007812,
                "virtual_free": 0.8623809814453125,
                "sample": 1
            },
            {
                "cpu_util": 57.1,
                "disk_read": 0.5024027824401855,
                "disk_write": 5.192361831665039,
                "disk_used": 3.9941749572753906,
                "disk_free": 24.00790023803711,
                "virtual_used": 0.998992919921875,
                "virtual_free": 0.8668746948242188,
                "sample": 2
            },
            {
                "cpu_util": 50.0,
                "disk_read": 0.5024027824401855,
                "disk_write": 5.200944900512695,
                "disk_used": 3.994617462158203,
                "disk_free": 24.007457733154297,
                "virtual_used": 0.9995231628417969,
                "virtual_free": 0.8663444519042969,
                "sample": 3
            },
            {
                "cpu_util": 65.0,
                "disk_read": 0.5024027824401855,
                "disk_write": 5.202234268188477,
                "disk_used": 3.995941162109375,
                "disk_free": 24.006134033203125,
                "virtual_used": 1.0013771057128906,
                "virtual_free": 0.8644905090332031,
                "sample": 4
            },
            {
                "cpu_util": 47.4,
                "disk_read": 0.5024027824401855,
                "disk_write": 5.202714920043945,
                "disk_used": 3.9989356994628906,
                "disk_free": 24.00313949584961,
                "virtual_used": 1.0013771057128906,
                "virtual_free": 0.8644905090332031,
                "sample": 5
            },
            {
                "cpu_util": 52.4,
                "disk_read": 0.5024027824401855,
                "disk_write": 5.203458786010742,
                "disk_used": 3.9989356994628906,
                "disk_free": 24.00313949584961,
                "virtual_used": 1.0123443603515625,
                "virtual_free": 0.8535232543945312,
                "sample": 6
            }
        ],
        "response_time": 1.31050443649292
    }
}