{
    "delete": {
        "baseline": {
            "cpu_util": 0.0,
            "disk_read": 0.5854277610778809,
            "disk_write": 3.772562026977539,
            "disk_used": 5.74560546875,
            "disk_free": 22.2564697265625,
            "virtual_used": 0.9369430541992188,
            "virtual_free": 0.9289207458496094
        },
        "samples": [
            {
                "cpu_util": 0.0,
                "disk_read": 0.5854277610778809,
                "disk_write": 3.7725658416748047,
                "disk_used": 5.74560546875,
                "disk_free": 22.2564697265625,
                "virtual_used": 0.9369316101074219,
                "virtual_free": 0.9289321899414062,
                "sample": 1
            }
        ],
        "response_time": 0.0008745193481445312
    },
    "create": {
        "baseline": {
            "cpu_util": 0.0,
            "disk_read": 0.5854277610778809,
            "disk_write": 3.7725658416748047,
            "disk_used": 5.74560546875,
            "disk_free": 22.2564697265625,
            "virtual_used": 0.9297599792480469,
            "virtual_free": 0.9361038208007812
        },
        "samples": [
            {
                "cpu_util": 9.1,
                "disk_read": 0.5854277610778809,
                "disk_write": 3.7728443145751953,
                "disk_used": 5.745613098144531,
                "disk_free": 22.25646209716797,
                "virtual_used": 0.9303207397460938,
                "virtual_free": 0.9355430603027344,
                "sample": 1
            }
        ],
        "response_time": 0.024338960647583008
    },
    "insertOneThenUpdateTimestampUnstruct": {
        "baseline": {
            "cpu_util": 0.0,
            "disk_read": 0.5854277610778809,
            "disk_write": 3.7728443145751953,
            "disk_used": 5.745613098144531,
            "disk_free": 22.25646209716797,
            "virtual_used": 0.9303131103515625,
            "virtual_free": 0.9355506896972656
        },
        "samples": [
            {
                "cpu_util": 0.0,
                "disk_read": 0.5854277610778809,
                "disk_write": 3.772848129272461,
                "disk_used": 5.745613098144531,
                "disk_free": 22.25646209716797,
                "virtual_used": 0.9303131103515625,
                "virtual_free": 0.9355506896972656,
                "sample": 1
            }
        ],
        "response_time": 0.0020182132720947266
    }
}