{
    "delete": {
        "baseline": {
            "cpu_util": 5.0,
            "disk_read": 16.939234256744385,
            "disk_write": 5.061792373657227,
            "disk_used": 4.026878356933594,
            "disk_free": 23.975196838378906,
            "virtual_used": 1.0336990356445312,
            "virtual_free": 0.8321685791015625
        },
        "samples": [
            {
                "cpu_util": 0.0,
                "disk_read": 16.939234256744385,
                "disk_write": 5.061796188354492,
                "disk_used": 4.026882171630859,
                "disk_free": 23.97519302368164,
                "virtual_used": 1.03369140625,
                "virtual_free": 0.8321762084960938,
                "sample": 1
            }
        ],
        "response_time": 0.0010738372802734375
    },
    "create": {
        "baseline": {
            "cpu_util": 0.0,
            "disk_read": 16.939234256744385,
            "disk_write": 5.061796188354492,
            "disk_used": 4.026882171630859,
            "disk_free": 23.97519302368164,
            "virtual_used": 1.03369140625,
            "virtual_free": 0.8321762084960938
        },
        "samples": [
            {
                "cpu_util": 10.0,
                "disk_read": 16.939234256744385,
                "disk_write": 5.062013626098633,
                "disk_used": 4.026889801025391,
                "disk_free": 23.97518539428711,
                "virtual_used": 1.03369140625,
                "virtual_free": 0.8321762084960938,
                "sample": 1
            }
        ],
        "response_time": 0.02704453468322754
    },
    "readManyStruct": {
        "baseline": {
            "cpu_util": 0.0,
            "disk_read": 16.939234256744385,
            "disk_write": 5.062013626098633,
            "disk_used": 4.026889801025391,
            "disk_free": 23.97518539428711,
            "virtual_used": 1.03369140625,
            "virtual_free": 0.8321762084960938
        },
        "samples": [
            {
                "cpu_util": 0.0,
                "disk_read": 16.939234256744385,
                "disk_write": 5.062013626098633,
                "disk_used": 4.026889801025391,
                "disk_free": 23.97518539428711,
                "virtual_used": 1.03369140625,
                "virtual_free": 0.8321762084960938,
                "sample": 1
            }
        ],
        "response_time": 7.843971252441406e-05
    }
}