{
    "delete": {
        "baseline": {
            "cpu_util": 0.0,
            "disk_read": 0.3494758605957031,
            "disk_write": 3.891725540161133,
            "disk_used": 3.9125137329101562,
            "disk_free": 24.089561462402344,
            "virtual_used": 1.144866943359375,
            "virtual_free": 2.602100372314453
        },
        "samples": [
            {
                "cpu_util": 4.8,
                "disk_read": 0.3494758605957031,
                "disk_write": 3.8917293548583984,
                "disk_used": 3.912517547607422,
                "disk_free": 24.089557647705078,
                "virtual_used": 1.1448631286621094,
                "virtual_free": 2.6021041870117188,
                "sample": 1
            }
        ],
        "response_time": 0.0010404586791992188
    },
    "create": {
        "baseline": {
            "cpu_util": 0.0,
            "disk_read": 0.3494758605957031,
            "disk_write": 3.8917293548583984,
            "disk_used": 3.912517547607422,
            "disk_free": 24.089557647705078,
            "virtual_used": 1.1448631286621094,
            "virtual_free": 2.6021041870117188
        },
        "samples": [
            {
                "cpu_util": 0.0,
                "disk_read": 0.3494758605957031,
                "disk_write": 3.891969680786133,
                "disk_used": 3.912525177001953,
                "disk_free": 24.089550018310547,
                "virtual_used": 1.1448631286621094,
                "virtual_free": 2.6021041870117188,
                "sample": 1
            }
        ],
        "response_time": 0.026897192001342773
    },
    "replaceOneStruct": {
        "baseline": {
            "cpu_util": 0.0,
            "disk_read": 0.3494758605957031,
            "disk_write": 3.891969680786133,
            "disk_used": 3.912525177001953,
            "disk_free": 24.089550018310547,
            "virtual_used": 1.1448631286621094,
            "virtual_free": 2.6021041870117188
        },
        "samples": [
            {
                "cpu_util": 4.5,
                "disk_read": 0.3494758605957031,
                "disk_write": 3.8919734954833984,
                "disk_used": 3.912525177001953,
                "disk_free": 24.089550018310547,
                "virtual_used": 1.1448631286621094,
                "virtual_free": 2.6021041870117188,
                "sample": 1
            }
        ],
        "response_time": 0.002633810043334961
    }
}