{
    "delete": {
        "baseline": {
            "cpu_util": 0.0,
            "disk_read": 16.939234256744385,
            "disk_write": 5.059911727905273,
            "disk_used": 4.026767730712891,
            "disk_free": 23.97530746459961,
            "virtual_used": 1.0457687377929688,
            "virtual_free": 0.820098876953125
        },
        "samples": [
            {
                "cpu_util": 0.0,
                "disk_read": 16.939234256744385,
                "disk_write": 5.059915542602539,
                "disk_used": 4.026767730712891,
                "disk_free": 23.97530746459961,
                "virtual_used": 1.0384483337402344,
                "virtual_free": 0.8274192810058594,
                "sample": 1
            }
        ],
        "response_time": 0.0010318756103515625
    },
    "create": {
        "baseline": {
            "cpu_util": 0.0,
            "disk_read": 16.939234256744385,
            "disk_write": 5.059915542602539,
            "disk_used": 4.026767730712891,
            "disk_free": 23.97530746459961,
            "virtual_used": 1.0384483337402344,
            "virtual_free": 0.8274192810058594
        },
        "samples": [
            {
                "cpu_util": 0.0,
                "disk_read": 16.939234256744385,
                "disk_write": 5.060140609741211,
                "disk_used": 4.026775360107422,
                "disk_free": 23.975299835205078,
                "virtual_used": 1.0385856628417969,
                "virtual_free": 0.8272819519042969,
                "sample": 1
            }
        ],
        "response_time": 0.022305965423583984
    },
    "readOneStruct": {
        "baseline": {
            "cpu_util": 0.0,
            "disk_read": 16.939234256744385,
            "disk_write": 5.060140609741211,
            "disk_used": 4.026775360107422,
            "disk_free": 23.975299835205078,
            "virtual_used": 1.0385246276855469,
            "virtual_free": 0.8273429870605469
        },
        "samples": [
            {
                "cpu_util": 5.0,
                "disk_read": 16.939234256744385,
                "disk_write": 5.060140609741211,
                "disk_used": 4.026775360107422,
                "disk_free": 23.975299835205078,
                "virtual_used": 1.0385246276855469,
                "virtual_free": 0.8273429870605469,
                "sample": 1
            }
        ],
        "response_time": 0.005075216293334961
    }
}