{
    "delete": {
        "baseline": {
            "cpu_util": 0.0,
            "disk_read": 16.939234256744385,
            "disk_write": 5.060361862182617,
            "disk_used": 4.02679443359375,
            "disk_free": 23.97528076171875,
            "virtual_used": 1.0386466979980469,
            "virtual_free": 0.8272209167480469
        },
        "samples": [
            {
                "cpu_util": 4.8,
                "disk_read": 16.939234256744385,
                "disk_write": 5.060365676879883,
                "disk_used": 4.02679443359375,
                "disk_free": 23.97528076171875,
                "virtual_used": 1.0386428833007812,
                "virtual_free": 0.8272247314453125,
                "sample": 1
            }
        ],
        "response_time": 0.0011665821075439453
    },
    "create": {
        "baseline": {
            "cpu_util": 0.0,
            "disk_read": 16.939234256744385,
            "disk_write": 5.060365676879883,
            "disk_used": 4.02679443359375,
            "disk_free": 23.97528076171875,
            "virtual_used": 1.0386428833007812,
            "virtual_free": 0.8272247314453125
        },
        "samples": [
            {
                "cpu_util": 14.3,
                "disk_read": 16.939234256744385,
                "disk_write": 5.060510635375977,
                "disk_used": 4.026802062988281,
                "disk_free": 23.97527313232422,
                "virtual_used": 1.0386123657226562,
                "virtual_free": 0.8272552490234375,
                "sample": 1
            }
        ],
        "response_time": 0.035750627517700195
    },
    "readOneStruct": {
        "baseline": {
            "cpu_util": 0.0,
            "disk_read": 16.939234256744385,
            "disk_write": 5.060583114624023,
            "disk_used": 4.026802062988281,
            "disk_free": 23.97527313232422,
            "virtual_used": 1.0386123657226562,
            "virtual_free": 0.8272552490234375
        },
        "samples": [
            {
                "cpu_util": 0.0,
                "disk_read": 16.939234256744385,
                "disk_write": 5.060583114624023,
                "disk_used": 4.026802062988281,
                "disk_free": 23.97527313232422,
                "virtual_used": 1.0386123657226562,
                "virtual_free": 0.8272552490234375,
                "sample": 1
            }
        ],
        "response_time": 0.0022368431091308594
    }
}