{
    "delete": {
        "baseline": {
            "cpu_util": 68.2,
            "disk_read": 1.4431443214416504,
            "disk_write": 28.652456283569336,
            "disk_used": 4.935596466064453,
            "disk_free": 23.066478729248047,
            "virtual_used": 3.02581787109375,
            "virtual_free": 0.7211341857910156
        },
        "samples": [
            {
                "cpu_util": 100.0,
                "disk_read": 1.4431519508361816,
                "disk_write": 28.652482986450195,
                "disk_used": 4.939888000488281,
                "disk_free": 23.06218719482422,
                "virtual_used": 3.0214309692382812,
                "virtual_free": 0.7255210876464844,
                "sample": 1
            }
        ],
        "response_time": 0.0021779537200927734
    },
    "create": {
        "baseline": {
            "cpu_util": 50.0,
            "disk_read": 1.443300724029541,
            "disk_write": 28.652490615844727,
            "disk_used": 4.939888000488281,
            "disk_free": 23.06218719482422,
            "virtual_used": 3.0211868286132812,
            "virtual_free": 0.7257652282714844
        },
        "samples": [
            {
                "cpu_util": 57.1,
                "disk_read": 1.443300724029541,
                "disk_write": 28.652666091918945,
                "disk_used": 4.9398956298828125,
                "disk_free": 23.062179565429688,
                "virtual_used": 3.0213775634765625,
                "virtual_free": 0.7255744934082031,
                "sample": 1
            }
        ],
        "response_time": 0.021906137466430664
    },
    "insertManyStruct": {
        "baseline": {
            "cpu_util": 50.0,
            "disk_read": 1.443300724029541,
            "disk_write": 28.652673721313477,
            "disk_used": 4.9398956298828125,
            "disk_free": 23.062179565429688,
            "virtual_used": 3.021373748779297,
            "virtual_free": 0.7255783081054688
        },
        "samples": [
            {
                "cpu_util": 100.0,
                "disk_read": 1.443300724029541,
                "disk_write": 28.652677536010742,
                "disk_used": 4.9398956298828125,
                "disk_free": 23.062179565429688,
                "virtual_used": 3.021373748779297,
                "virtual_free": 0.7255783081054688,
                "sample": 1
            },
            {
                "cpu_util": 100.0,
                "disk_read": 1.443300724029541,
                "disk_write": 28.65269660949707,
                "disk_used": 4.9398956298828125,
                "disk_free": 23.062179565429688,
                "virtual_used": 3.021373748779297,
                "virtual_free": 0.7255783081054688,
                "sample": 2
            },
            {
                "cpu_util": 100.0,
                "disk_read": 1.443300724029541,
                "disk_write": 28.652708053588867,
                "disk_used": 4.9398956298828125,
                "disk_free": 23.062179565429688,
                "virtual_used": 3.021373748779297,
                "virtual_free": 0.7255783081054688,
                "sample": 3
            },
            {
                "cpu_util": 100.0,
                "disk_read": 1.443300724029541,
                "disk_write": 28.653066635131836,
                "disk_used": 4.9398956298828125,
                "disk_free": 23.062179565429688,
                "virtual_used": 3.0233116149902344,
                "virtual_free": 0.7236404418945312,
                "sample": 4
            },
            {
                "cpu_util": 100.0,
                "disk_read": 1.443300724029541,
                "disk_write": 28.655370712280273,
                "disk_used": 4.9398956298828125,
                "disk_free": 23.062179565429688,
                "virtual_used": 3.030029296875,
                "virtual_free": 0.7169227600097656,
                "sample": 5
            },
            {
                "cpu_util": 55.0,
                "disk_read": 1.443300724029541,
                "disk_write": 28.65738868713379,
                "disk_used": 4.9398956298828125,
                "disk_free": 23.062179565429688,
                "virtual_used": 3.028911590576172,
                "virtual_free": 0.7180404663085938,
                "sample": 6
            }
        ],
        "response_time": 1.0495128631591797
    }
}