{
    "delete": {
        "baseline": {
            "cpu_util": 0.0,
            "disk_read": 0.3281245231628418,
            "disk_write": 0.7446231842041016,
            "disk_used": 3.7853546142578125,
            "disk_free": 24.216720581054688,
            "virtual_used": 0.9832115173339844,
            "virtual_free": 2.763744354248047
        },
        "samples": [
            {
                "cpu_util": 0.0,
                "disk_read": 0.3281245231628418,
                "disk_write": 0.7446269989013672,
                "disk_used": 3.7853546142578125,
                "disk_free": 24.216720581054688,
                "virtual_used": 0.9832077026367188,
                "virtual_free": 2.7637481689453125,
                "sample": 1
            }
        ],
        "response_time": 0.0009260177612304688
    },
    "create": {
        "baseline": {
            "cpu_util": 25.0,
            "disk_read": 0.3281245231628418,
            "disk_write": 0.7446269989013672,
            "disk_used": 3.789306640625,
            "disk_free": 24.2127685546875,
            "virtual_used": 0.9912033081054688,
            "virtual_free": 2.7557525634765625
        },
        "samples": [
            {
                "cpu_util": 33.3,
                "disk_read": 0.3281245231628418,
                "disk_write": 0.7449398040771484,
                "disk_used": 3.7893142700195312,
                "disk_free": 24.21276092529297,
                "virtual_used": 0.9912452697753906,
                "virtual_free": 2.7557106018066406,
                "sample": 1
            }
        ],
        "response_time": 0.07461953163146973
    },
    "updateOneUnstruct": {
        "baseline": {
            "cpu_util": 0.0,
            "disk_read": 0.3281245231628418,
            "disk_write": 0.7457790374755859,
            "disk_used": 3.789318084716797,
            "disk_free": 24.212757110595703,
            "virtual_used": 0.9916114807128906,
            "virtual_free": 2.7553443908691406
        },
        "samples": [
            {
                "cpu_util": 9.5,
                "disk_read": 0.3281245231628418,
                "disk_write": 0.7457828521728516,
                "disk_used": 3.789318084716797,
                "disk_free": 24.212757110595703,
                "virtual_used": 0.9916114807128906,
                "virtual_free": 2.7553443908691406,
                "sample": 1
            }
        ],
        "response_time": 0.011081695556640625
    }
}