{
    "delete": {
        "baseline": {
            "cpu_util": 0.0,
            "disk_read": 0.43979501724243164,
            "disk_write": 3.310495376586914,
            "disk_used": 3.9928245544433594,
            "disk_free": 24.00925064086914,
            "virtual_used": 1.0855865478515625,
            "virtual_free": 0.7802810668945312
        },
        "samples": [
            {
                "cpu_util": 0.0,
                "disk_read": 0.43979501724243164,
                "disk_write": 3.3104991912841797,
                "disk_used": 3.9928245544433594,
                "disk_free": 24.00925064086914,
                "virtual_used": 1.0855865478515625,
                "virtual_free": 0.7802810668945312,
                "sample": 1
            }
        ],
        "response_time": 0.0011072158813476562
    },
    "create": {
        "baseline": {
            "cpu_util": 0.0,
            "disk_read": 0.43979501724243164,
            "disk_write": 3.310617446899414,
            "disk_used": 3.9928245544433594,
            "disk_free": 24.00925064086914,
            "virtual_used": 1.0855865478515625,
            "virtual_free": 0.7802810668945312
        },
        "samples": [
            {
                "cpu_util": 13.6,
                "disk_read": 0.43979501724243164,
                "disk_write": 3.3108997344970703,
                "disk_used": 3.9928321838378906,
                "disk_free": 24.00924301147461,
                "virtual_used": 1.0854911804199219,
                "virtual_free": 0.7803764343261719,
                "sample": 1
            }
        ],
        "response_time": 0.02991771697998047
    },
    "aggregateUnstruct": {
        "baseline": {
            "cpu_util": 0.0,
            "disk_read": 0.43979501724243164,
            "disk_write": 3.3108997344970703,
            "disk_used": 3.9928321838378906,
            "disk_free": 24.00924301147461,
            "virtual_used": 1.0854568481445312,
            "virtual_free": 0.7804107666015625
        },
        "samples": [
            {
                "cpu_util": 0.0,
                "disk_read": 0.43979501724243164,
                "disk_write": 3.3108997344970703,
                "disk_used": 3.9928359985351562,
                "disk_free": 24.009239196777344,
                "virtual_used": 1.0854568481445312,
                "virtual_free": 0.7804107666015625,
                "sample": 1
            }
        ],
        "response_time": 0.0024738311767578125
    }
}