{
    "delete": {
        "baseline": {
            "cpu_util": 0.0,
            "disk_read": 53.624611377716064,
            "disk_write": 5.949464797973633,
            "disk_used": 5.8952178955078125,
            "disk_free": 22.106857299804688,
            "virtual_used": 0.9693183898925781,
            "virtual_free": 0.89654541015625
        },
        "samples": [
            {
                "cpu_util": 9.5,
                "disk_read": 53.624611377716064,
                "disk_write": 5.949468612670898,
                "disk_used": 5.895221710205078,
                "disk_free": 22.106853485107422,
                "virtual_used": 0.9693145751953125,
                "virtual_free": 0.8965492248535156,
                "sample": 1
            }
        ],
        "response_time": 0.0008480548858642578
    },
    "create": {
        "baseline": {
            "cpu_util": 9.5,
            "disk_read": 53.624611377716064,
            "disk_write": 5.949468612670898,
            "disk_used": 5.895221710205078,
            "disk_free": 22.106853485107422,
            "virtual_used": 0.9692726135253906,
            "virtual_free": 0.8965911865234375
        },
        "samples": [
            {
                "cpu_util": 38.1,
                "disk_read": 53.624611377716064,
                "disk_write": 5.949621200561523,
                "disk_used": 5.895744323730469,
                "disk_free": 22.10633087158203,
                "virtual_used": 0.96875,
                "virtual_free": 0.8971138000488281,
                "sample": 1
            }
        ],
        "response_time": 0.09041333198547363
    },
    "readManyStruct": {
        "baseline": {
            "cpu_util": 5.0,
            "disk_read": 53.624611377716064,
            "disk_write": 5.950109481811523,
            "disk_used": 5.895744323730469,
            "disk_free": 22.10633087158203,
            "virtual_used": 0.9686241149902344,
            "virtual_free": 0.8972396850585938
        },
        "samples": [
            {
                "cpu_util": 0.0,
                "disk_read": 53.624611377716064,
                "disk_write": 5.950109481811523,
                "disk_used": 5.895744323730469,
                "disk_free": 22.10633087158203,
                "virtual_used": 0.9686241149902344,
                "virtual_free": 0.8972396850585938,
                "sample": 1
            }
        ],
        "response_time": 7.510185241699219e-05
    }
}