{
    "delete": {
        "baseline": {
            "cpu_util": 0.0,
            "disk_read": 0.3494758605957031,
            "disk_write": 4.124242782592773,
            "disk_used": 3.7955322265625,
            "disk_free": 24.20654296875,
            "virtual_used": 1.1498298645019531,
            "virtual_free": 2.597137451171875
        },
        "samples": [
            {
                "cpu_util": 0.0,
                "disk_read": 0.3494758605957031,
                "disk_write": 4.124246597290039,
                "disk_used": 3.7955322265625,
                "disk_free": 24.20654296875,
                "virtual_used": 1.1498298645019531,
                "virtual_free": 2.597137451171875,
                "sample": 1
            }
        ],
        "response_time": 0.0009238719940185547
    },
    "create": {
        "baseline": {
            "cpu_util": 0.0,
            "disk_read": 0.3494758605957031,
            "disk_write": 4.124246597290039,
            "disk_used": 3.7955322265625,
            "disk_free": 24.20654296875,
            "virtual_used": 1.1498260498046875,
            "virtual_free": 2.5971412658691406
        },
        "samples": [
            {
                "cpu_util": 0.0,
                "disk_read": 0.3494758605957031,
                "disk_write": 4.124395370483398,
                "disk_used": 3.7955398559570312,
                "disk_free": 24.20653533935547,
                "virtual_used": 1.1500473022460938,
                "virtual_free": 2.5969200134277344,
                "sample": 1
            }
        ],
        "response_time": 0.02202606201171875
    },
    "readManyStruct": {
        "baseline": {
            "cpu_util": 4.8,
            "disk_read": 0.3494758605957031,
            "disk_write": 4.124395370483398,
            "disk_used": 3.7955398559570312,
            "disk_free": 24.20653533935547,
            "virtual_used": 1.1500473022460938,
            "virtual_free": 2.5969200134277344
        },
        "samples": [
            {
                "cpu_util": 0.0,
                "disk_read": 0.3494758605957031,
                "disk_write": 4.124395370483398,
                "disk_used": 3.7955398559570312,
                "disk_free": 24.20653533935547,
                "virtual_used": 1.1500473022460938,
                "virtual_free": 2.5969200134277344,
                "sample": 1
            }
        ],
        "response_time": 9.083747863769531e-05
    }
}