{
    "delete": {
        "baseline": {
            "cpu_util": 0.0,
            "disk_read": 0.3494758605957031,
            "disk_write": 4.123884201049805,
            "disk_used": 3.7955055236816406,
            "disk_free": 24.20656967163086,
            "virtual_used": 1.1498680114746094,
            "virtual_free": 2.5970993041992188
        },
        "samples": [
            {
                "cpu_util": 0.0,
                "disk_read": 0.3494758605957031,
                "disk_write": 4.123926162719727,
                "disk_used": 3.7955055236816406,
                "disk_free": 24.20656967163086,
                "virtual_used": 1.1498603820800781,
                "virtual_free": 2.59710693359375,
                "sample": 1
            }
        ],
        "response_time": 0.0011398792266845703
    },
    "create": {
        "baseline": {
            "cpu_util": 0.0,
            "disk_read": 0.3494758605957031,
            "disk_write": 4.123926162719727,
            "disk_used": 3.7955055236816406,
            "disk_free": 24.20656967163086,
            "virtual_used": 1.1498603820800781,
            "virtual_free": 2.59710693359375
        },
        "samples": [
            {
                "cpu_util": 13.6,
                "disk_read": 0.3494758605957031,
                "disk_write": 4.124082565307617,
                "disk_used": 3.795513153076172,
                "disk_free": 24.206562042236328,
                "virtual_used": 1.1498565673828125,
                "virtual_free": 2.5971107482910156,
                "sample": 1
            }
        ],
        "response_time": 0.01463460922241211
    },
    "readManyStruct": {
        "baseline": {
            "cpu_util": 0.0,
            "disk_read": 0.3494758605957031,
            "disk_write": 4.124082565307617,
            "disk_used": 3.795513153076172,
            "disk_free": 24.206562042236328,
            "virtual_used": 1.1498489379882812,
            "virtual_free": 2.597118377685547
        },
        "samples": [
            {
                "cpu_util": 0.0,
                "disk_read": 0.3494758605957031,
                "disk_write": 4.124082565307617,
                "disk_used": 3.795513153076172,
                "disk_free": 24.206562042236328,
                "virtual_used": 1.1498489379882812,
                "virtual_free": 2.597118377685547,
                "sample": 1
            }
        ],
        "response_time": 8.034706115722656e-05
    }
}