{
    "delete": {
        "baseline": {
            "cpu_util": 4.8,
            "disk_read": 0.34246397018432617,
            "disk_write": 2.6561832427978516,
            "disk_used": 3.8984413146972656,
            "disk_free": 24.103633880615234,
            "virtual_used": 1.1143341064453125,
            "virtual_free": 2.6326217651367188
        },
        "samples": [
            {
                "cpu_util": 4.8,
                "disk_read": 0.34246397018432617,
                "disk_write": 2.656187057495117,
                "disk_used": 3.8984413146972656,
                "disk_free": 24.103633880615234,
                "virtual_used": 1.1046142578125,
                "virtual_free": 2.6423416137695312,
                "sample": 1
            }
        ],
        "response_time": 0.0009043216705322266
    },
    "create": {
        "baseline": {
            "cpu_util": 0.0,
            "disk_read": 0.34246397018432617,
            "disk_write": 2.656187057495117,
            "disk_used": 3.8984413146972656,
            "disk_free": 24.103633880615234,
            "virtual_used": 1.1046142578125,
            "virtual_free": 2.6423416137695312
        },
        "samples": [
            {
                "cpu_util": 5.0,
                "disk_read": 0.34246397018432617,
                "disk_write": 2.6564464569091797,
                "disk_used": 3.8984527587890625,
                "disk_free": 24.103622436523438,
                "virtual_used": 1.1047172546386719,
                "virtual_free": 2.6422386169433594,
                "sample": 1
            }
        ],
        "response_time": 0.024045228958129883
    },
    "insertOneUnstruct": {
        "baseline": {
            "cpu_util": 0.0,
            "disk_read": 0.34246397018432617,
            "disk_write": 2.6564464569091797,
            "disk_used": 3.8984527587890625,
            "disk_free": 24.103622436523438,
            "virtual_used": 1.1047172546386719,
            "virtual_free": 2.6422386169433594
        },
        "samples": [
            {
                "cpu_util": 0.0,
                "disk_read": 0.34246397018432617,
                "disk_write": 2.6564502716064453,
                "disk_used": 3.8984527587890625,
                "disk_free": 24.103622436523438,
                "virtual_used": 1.1047096252441406,
                "virtual_free": 2.6422462463378906,
                "sample": 1
            }
        ],
        "response_time": 0.0007154941558837891
    }
}