{
    "delete": {
        "baseline": {
            "cpu_util": 4.8,
            "disk_read": 0.3510246276855469,
            "disk_write": 2.9222660064697266,
            "disk_used": 4.041835784912109,
            "disk_free": 23.96023941040039,
            "virtual_used": 1.006866455078125,
            "virtual_free": 0.8590011596679688
        },
        "samples": [
            {
                "cpu_util": 4.8,
                "disk_read": 0.3510246276855469,
                "disk_write": 2.922269821166992,
                "disk_used": 4.041835784912109,
                "disk_free": 23.96023941040039,
                "virtual_used": 1.0068130493164062,
                "virtual_free": 0.8590545654296875,
                "sample": 1
            }
        ],
        "response_time": 0.0008461475372314453
    },
    "create": {
        "baseline": {
            "cpu_util": 0.0,
            "disk_read": 0.3510246276855469,
            "disk_write": 2.922269821166992,
            "disk_used": 4.041835784912109,
            "disk_free": 23.96023941040039,
            "virtual_used": 1.0068130493164062,
            "virtual_free": 0.8590545654296875
        },
        "samples": [
            {
                "cpu_util": 19.0,
                "disk_read": 0.3510246276855469,
                "disk_write": 2.9225406646728516,
                "disk_used": 4.041843414306641,
                "disk_free": 23.96023178100586,
                "virtual_used": 1.0067024230957031,
                "virtual_free": 0.8591651916503906,
                "sample": 1
            }
        ],
        "response_time": 0.04630565643310547
    },
    "readManyUnstruct": {
        "baseline": {
            "cpu_util": 0.0,
            "disk_read": 0.3510246276855469,
            "disk_write": 2.9225406646728516,
            "disk_used": 4.041843414306641,
            "disk_free": 23.96023178100586,
            "virtual_used": 1.0066986083984375,
            "virtual_free": 0.8591690063476562
        },
        "samples": [
            {
                "cpu_util": 0.0,
                "disk_read": 0.3510246276855469,
                "disk_write": 2.9225406646728516,
                "disk_used": 4.041843414306641,
                "disk_free": 23.96023178100586,
                "virtual_used": 1.0066986083984375,
                "virtual_free": 0.8591690063476562,
                "sample": 1
            }
        ],
        "response_time": 0.00011420249938964844
    }
}