{
    "delete": {
        "baseline": {
            "cpu_util": 0.0,
            "disk_read": 0.8595709800720215,
            "disk_write": 15.667032241821289,
            "disk_used": 4.8482666015625,
            "disk_free": 23.15380859375,
            "virtual_used": 1.7168159484863281,
            "virtual_free": 2.0301361083984375
        },
        "samples": [
            {
                "cpu_util": 0.0,
                "disk_read": 0.8595709800720215,
                "disk_write": 15.667036056518555,
                "disk_used": 4.8482666015625,
                "disk_free": 23.15380859375,
                "virtual_used": 1.7168159484863281,
                "virtual_free": 2.0301361083984375,
                "sample": 1
            }
        ],
        "response_time": 0.0008301734924316406
    },
    "create": {
        "baseline": {
            "cpu_util": 0.0,
            "disk_read": 0.8595709800720215,
            "disk_write": 15.667036056518555,
            "disk_used": 4.8482666015625,
            "disk_free": 23.15380859375,
            "virtual_used": 1.7168159484863281,
            "virtual_free": 2.0301361083984375
        },
        "samples": [
            {
                "cpu_util": 0.0,
                "disk_read": 0.8595709800720215,
                "disk_write": 15.667219161987305,
                "disk_used": 4.848274230957031,
                "disk_free": 23.15380096435547,
                "virtual_used": 1.7168006896972656,
                "virtual_free": 2.0301513671875,
                "sample": 1
            }
        ],
        "response_time": 0.018529415130615234
    },
    "aggregateUnstruct": {
        "baseline": {
            "cpu_util": 0.0,
            "disk_read": 0.8595709800720215,
            "disk_write": 15.667219161987305,
            "disk_used": 4.848274230957031,
            "disk_free": 23.15380096435547,
            "virtual_used": 1.7168006896972656,
            "virtual_free": 2.0301513671875
        },
        "samples": [
            {
                "cpu_util": 0.0,
                "disk_read": 0.8595709800720215,
                "disk_write": 15.667219161987305,
                "disk_used": 4.848274230957031,
                "disk_free": 23.15380096435547,
                "virtual_used": 1.7168006896972656,
                "virtual_free": 2.0301513671875,
                "sample": 1
            }
        ],
        "response_time": 0.001245737075805664
    }
}