{
    "delete": {
        "baseline": {
            "cpu_util": 0.0,
            "disk_read": 12.483036041259766,
            "disk_write": 5.805818557739258,
            "disk_used": 4.009593963623047,
            "disk_free": 23.992481231689453,
            "virtual_used": 1.0085296630859375,
            "virtual_free": 0.8573379516601562
        },
        "samples": [
            {
                "cpu_util": 0.0,
                "disk_read": 12.483036041259766,
                "disk_write": 5.805822372436523,
                "disk_used": 4.0095977783203125,
                "disk_free": 23.992477416992188,
                "virtual_used": 1.0085220336914062,
                "virtual_free": 0.8573455810546875,
                "sample": 1
            }
        ],
        "response_time": 0.001077413558959961
    },
    "create": {
        "baseline": {
            "cpu_util": 4.8,
            "disk_read": 12.483036041259766,
            "disk_write": 5.805822372436523,
            "disk_used": 4.0095977783203125,
            "disk_free": 23.992477416992188,
            "virtual_used": 1.0085220336914062,
            "virtual_free": 0.8573455810546875
        },
        "samples": [
            {
                "cpu_util": 10.0,
                "disk_read": 12.483036041259766,
                "disk_write": 5.805997848510742,
                "disk_used": 4.009605407714844,
                "disk_free": 23.992469787597656,
                "virtual_used": 1.00848388671875,
                "virtual_free": 0.8573837280273438,
                "sample": 1
            }
        ],
        "response_time": 0.0290834903717041
    },
    "insertOneStruct": {
        "baseline": {
            "cpu_util": 0.0,
            "disk_read": 12.483036041259766,
            "disk_write": 5.805997848510742,
            "disk_used": 4.009605407714844,
            "disk_free": 23.992469787597656,
            "virtual_used": 1.0084686279296875,
            "virtual_free": 0.8573989868164062
        },
        "samples": [
            {
                "cpu_util": 0.0,
                "disk_read": 12.483036041259766,
                "disk_write": 5.806001663208008,
                "disk_used": 4.009605407714844,
                "disk_free": 23.992469787597656,
                "virtual_used": 1.0084686279296875,
                "virtual_free": 0.8573989868164062,
                "sample": 1
            }
        ],
        "response_time": 0.0008718967437744141
    }
}