{
    "delete": {
        "baseline": {
            "cpu_util": 0.0,
            "disk_read": 0.5854277610778809,
            "disk_write": 3.5502147674560547,
            "disk_used": 5.752155303955078,
            "disk_free": 22.249919891357422,
            "virtual_used": 0.9249267578125,
            "virtual_free": 0.9409370422363281
        },
        "samples": [
            {
                "cpu_util": 0.0,
                "disk_read": 0.5854277610778809,
                "disk_write": 3.5502147674560547,
                "disk_used": 5.752155303955078,
                "disk_free": 22.249919891357422,
                "virtual_used": 0.8922119140625,
                "virtual_free": 0.9736518859863281,
                "sample": 1
            }
        ],
        "response_time": 0.0014557838439941406
    },
    "create": {
        "baseline": {
            "cpu_util": 4.8,
            "disk_read": 0.5854277610778809,
            "disk_write": 3.5502147674560547,
            "disk_used": 5.752155303955078,
            "disk_free": 22.249919891357422,
            "virtual_used": 0.8923225402832031,
            "virtual_free": 0.973541259765625
        },
        "samples": [
            {
                "cpu_util": 9.5,
                "disk_read": 0.5854277610778809,
                "disk_write": 3.5504932403564453,
                "disk_used": 5.752162933349609,
                "disk_free": 22.24991226196289,
                "virtual_used": 0.8924598693847656,
                "virtual_free": 0.9734039306640625,
                "sample": 1
            }
        ],
        "response_time": 0.02309131622314453
    },
    "insertOneUnstruct": {
        "baseline": {
            "cpu_util": 0.0,
            "disk_read": 0.5854277610778809,
            "disk_write": 3.5504932403564453,
            "disk_used": 5.752162933349609,
            "disk_free": 22.24991226196289,
            "virtual_used": 0.8924598693847656,
            "virtual_free": 0.9734039306640625
        },
        "samples": [
            {
                "cpu_util": 0.0,
                "disk_read": 0.5854277610778809,
                "disk_write": 3.550497055053711,
                "disk_used": 5.752162933349609,
                "disk_free": 22.24991226196289,
                "virtual_used": 0.8924598693847656,
                "virtual_free": 0.9734039306640625,
                "sample": 1
            }
        ],
        "response_time": 0.0013244152069091797
    }
}