{
    "delete": {
        "baseline": {
            "cpu_util": 5.0,
            "disk_read": 0.7332415580749512,
            "disk_write": 14.611154556274414,
            "disk_used": 3.976177215576172,
            "disk_free": 24.025897979736328,
            "virtual_used": 1.518951416015625,
            "virtual_free": 2.2280044555664062
        },
        "samples": [
            {
                "cpu_util": 0.0,
                "disk_read": 0.7332415580749512,
                "disk_write": 14.61115837097168,
                "disk_used": 3.976177215576172,
                "disk_free": 24.025897979736328,
                "virtual_used": 1.5189476013183594,
                "virtual_free": 2.228008270263672,
                "sample": 1
            }
        ],
        "response_time": 0.000993967056274414
    },
    "create": {
        "baseline": {
            "cpu_util": 0.0,
            "disk_read": 0.7332415580749512,
            "disk_write": 14.61115837097168,
            "disk_used": 3.976177215576172,
            "disk_free": 24.025897979736328,
            "virtual_used": 1.5189361572265625,
            "virtual_free": 2.2280197143554688
        },
        "samples": [
            {
                "cpu_util": 45.0,
                "disk_read": 0.7332415580749512,
                "disk_write": 14.611467361450195,
                "disk_used": 3.9761886596679688,
                "disk_free": 24.02588653564453,
                "virtual_used": 1.5170783996582031,
                "virtual_free": 2.229877471923828,
                "sample": 1
            }
        ],
        "response_time": 0.1138467788696289
    },
    "updateManyStruct": {
        "baseline": {
            "cpu_util": 0.0,
            "disk_read": 0.7332415580749512,
            "disk_write": 14.61180305480957,
            "disk_used": 3.9761886596679688,
            "disk_free": 24.02588653564453,
            "virtual_used": 1.5173072814941406,
            "virtual_free": 2.2296485900878906
        },
        "samples": [
            {
                "cpu_util": 52.4,
                "disk_read": 0.7332415580749512,
                "disk_write": 14.612741470336914,
                "disk_used": 3.9761886596679688,
                "disk_free": 24.02588653564453,
                "virtual_used": 1.5177001953125,
                "virtual_free": 2.2292556762695312,
                "sample": 1
            }
        ],
        "response_time": 0.18226313591003418
    }
}