{
    "delete": {
        "baseline": {
            "cpu_util": 0.0,
            "disk_read": 0.6195502281188965,
            "disk_write": 4.256982803344727,
            "disk_used": 3.8536453247070312,
            "disk_free": 24.14842987060547,
            "virtual_used": 1.2504386901855469,
            "virtual_free": 2.49652099609375
        },
        "samples": [
            {
                "cpu_util": 0.0,
                "disk_read": 0.6195502281188965,
                "disk_write": 4.256986618041992,
                "disk_used": 3.8536453247070312,
                "disk_free": 24.14842987060547,
                "virtual_used": 1.2504348754882812,
                "virtual_free": 2.4965248107910156,
                "sample": 1
            }
        ],
        "response_time": 0.0013728141784667969
    },
    "create": {
        "baseline": {
            "cpu_util": 0.0,
            "disk_read": 0.6195502281188965,
            "disk_write": 4.256986618041992,
            "disk_used": 3.8536453247070312,
            "disk_free": 24.14842987060547,
            "virtual_used": 1.2504348754882812,
            "virtual_free": 2.4965248107910156
        },
        "samples": [
            {
                "cpu_util": 9.5,
                "disk_read": 0.6195502281188965,
                "disk_write": 4.257200241088867,
                "disk_used": 3.8536529541015625,
                "disk_free": 24.148422241210938,
                "virtual_used": 1.2504348754882812,
                "virtual_free": 2.4965248107910156,
                "sample": 1
            }
        ],
        "response_time": 0.02494335174560547
    },
    "readThenDeleteOldUsersStruct": {
        "baseline": {
            "cpu_util": 4.8,
            "disk_read": 0.6195502281188965,
            "disk_write": 4.257200241088867,
            "disk_used": 3.8536529541015625,
            "disk_free": 24.148422241210938,
            "virtual_used": 1.2504348754882812,
            "virtual_free": 2.4965248107910156
        },
        "samples": [
            {
                "cpu_util": 15.8,
                "disk_read": 0.6195502281188965,
                "disk_write": 4.257219314575195,
                "disk_used": 3.8536529541015625,
                "disk_free": 24.148422241210938,
                "virtual_used": 1.2504348754882812,
                "virtual_free": 2.4965248107910156,
                "sample": 1
            }
        ],
        "response_time": 0.030930280685424805
    }
}