{
    "delete": {
        "baseline": {
            "cpu_util": 0.0,
            "disk_read": 0.6195502281188965,
            "disk_write": 3.2565555572509766,
            "disk_used": 4.000679016113281,
            "disk_free": 24.00139617919922,
            "virtual_used": 1.1276779174804688,
            "virtual_free": 2.619281768798828
        },
        "samples": [
            {
                "cpu_util": 0.0,
                "disk_read": 0.6195502281188965,
                "disk_write": 3.256559371948242,
                "disk_used": 4.000679016113281,
                "disk_free": 24.00139617919922,
                "virtual_used": 1.1276779174804688,
                "virtual_free": 2.619281768798828,
                "sample": 1
            }
        ],
        "response_time": 0.0013170242309570312
    },
    "create": {
        "baseline": {
            "cpu_util": 0.0,
            "disk_read": 0.6195502281188965,
            "disk_write": 3.256559371948242,
            "disk_used": 4.000679016113281,
            "disk_free": 24.00139617919922,
            "virtual_used": 1.1276473999023438,
            "virtual_free": 2.619312286376953
        },
        "samples": [
            {
                "cpu_util": 52.2,
                "disk_read": 0.6195502281188965,
                "disk_write": 3.2567081451416016,
                "disk_used": 4.000690460205078,
                "disk_free": 24.001384735107422,
                "virtual_used": 1.1323204040527344,
                "virtual_free": 2.6146392822265625,
                "sample": 1
            }
        ],
        "response_time": 0.12792301177978516
    },
    "insertOneThenUpdateBirthdayStruct": {
        "baseline": {
            "cpu_util": 0.0,
            "disk_read": 0.6195502281188965,
            "disk_write": 3.2571887969970703,
            "disk_used": 4.001461029052734,
            "disk_free": 24.000614166259766,
            "virtual_used": 1.1312828063964844,
            "virtual_free": 2.6156768798828125
        },
        "samples": [
            {
                "cpu_util": 5.0,
                "disk_read": 0.6195502281188965,
                "disk_write": 3.257192611694336,
                "disk_used": 4.001461029052734,
                "disk_free": 24.000614166259766,
                "virtual_used": 1.1238594055175781,
                "virtual_free": 2.6231002807617188,
                "sample": 1
            }
        ],
        "response_time": 0.009194374084472656
    }
}