{
    "delete": {
        "baseline": {
            "cpu_util": 0.0,
            "disk_read": 0.3387942314147949,
            "disk_write": 1.893758773803711,
            "disk_used": 3.8150863647460938,
            "disk_free": 24.186988830566406,
            "virtual_used": 0.7608299255371094,
            "virtual_free": 1.1050376892089844
        },
        "samples": [
            {
                "cpu_util": 0.0,
                "disk_read": 0.3387942314147949,
                "disk_write": 1.8937625885009766,
                "disk_used": 3.8150863647460938,
                "disk_free": 24.186988830566406,
                "virtual_used": 0.7608299255371094,
                "virtual_free": 1.1050376892089844,
                "sample": 1
            }
        ],
        "response_time": 0.0009372234344482422
    },
    "create": {
        "baseline": {
            "cpu_util": 0.0,
            "disk_read": 0.3387942314147949,
            "disk_write": 1.8937625885009766,
            "disk_used": 3.8150863647460938,
            "disk_free": 24.186988830566406,
            "virtual_used": 0.7608299255371094,
            "virtual_free": 1.1050376892089844
        },
        "samples": [
            {
                "cpu_util": 31.8,
                "disk_read": 0.3387942314147949,
                "disk_write": 1.8942852020263672,
                "disk_used": 3.815093994140625,
                "disk_free": 24.186981201171875,
                "virtual_used": 0.7590522766113281,
                "virtual_free": 1.1068153381347656,
                "sample": 1
            }
        ],
        "response_time": 0.09307742118835449
    },
    "insertOneUnstruct": {
        "baseline": {
            "cpu_util": 0.0,
            "disk_read": 0.3387942314147949,
            "disk_write": 1.894906997680664,
            "disk_used": 3.815093994140625,
            "disk_free": 24.186981201171875,
            "virtual_used": 0.7591476440429688,
            "virtual_free": 1.106719970703125
        },
        "samples": [
            {
                "cpu_util": 0.0,
                "disk_read": 0.3387942314147949,
                "disk_write": 1.8949108123779297,
                "disk_used": 3.815093994140625,
                "disk_free": 24.186981201171875,
                "virtual_used": 0.7591476440429688,
                "virtual_free": 1.106719970703125,
                "sample": 1
            }
        ],
        "response_time": 0.0007364749908447266
    }
}