{
    "delete": {
        "baseline": {
            "cpu_util": 0.0,
            "disk_read": 0.3387942314147949,
            "disk_write": 1.8903636932373047,
            "disk_used": 3.813079833984375,
            "disk_free": 24.188995361328125,
            "virtual_used": 0.7816238403320312,
            "virtual_free": 1.0842437744140625
        },
        "samples": [
            {
                "cpu_util": 0.0,
                "disk_read": 0.3387942314147949,
                "disk_write": 1.8903675079345703,
                "disk_used": 3.813079833984375,
                "disk_free": 24.188995361328125,
                "virtual_used": 0.7816238403320312,
                "virtual_free": 1.0842437744140625,
                "sample": 1
            }
        ],
        "response_time": 0.0026803016662597656
    },
    "create": {
        "baseline": {
            "cpu_util": 0.0,
            "disk_read": 0.3387942314147949,
            "disk_write": 1.8903675079345703,
            "disk_used": 3.813079833984375,
            "disk_free": 24.188995361328125,
            "virtual_used": 0.7816238403320312,
            "virtual_free": 1.0842437744140625
        },
        "samples": [
            {
                "cpu_util": 50.0,
                "disk_read": 0.3387942314147949,
                "disk_write": 1.8905391693115234,
                "disk_used": 3.813091278076172,
                "disk_free": 24.188983917236328,
                "virtual_used": 0.7843246459960938,
                "virtual_free": 1.08154296875,
                "sample": 1
            }
        ],
        "response_time": 0.2699406147003174
    },
    "insertOneUnstruct": {
        "baseline": {
            "cpu_util": 0.0,
            "disk_read": 0.3387942314147949,
            "disk_write": 1.891500473022461,
            "disk_used": 3.813091278076172,
            "disk_free": 24.188983917236328,
            "virtual_used": 0.7846603393554688,
            "virtual_free": 1.081207275390625
        },
        "samples": [
            {
                "cpu_util": 4.8,
                "disk_read": 0.3387942314147949,
                "disk_write": 1.8915042877197266,
                "disk_used": 3.813091278076172,
                "disk_free": 24.188983917236328,
                "virtual_used": 0.7846603393554688,
                "virtual_free": 1.081207275390625,
                "sample": 1
            }
        ],
        "response_time": 0.0008220672607421875
    }
}