{
    "delete": {
        "baseline": {
            "cpu_util": 0.0,
            "disk_read": 0.5024333000183105,
            "disk_write": 5.474653244018555,
            "disk_used": 3.855304718017578,
            "disk_free": 24.146770477294922,
            "virtual_used": 1.0030288696289062,
            "virtual_free": 0.8628387451171875
        },
        "samples": [
            {
                "cpu_util": 0.0,
                "disk_read": 0.5024333000183105,
                "disk_write": 5.47465705871582,
                "disk_used": 3.855304718017578,
                "disk_free": 24.146770477294922,
                "virtual_used": 1.0030288696289062,
                "virtual_free": 0.8628387451171875,
                "sample": 1
            }
        ],
        "response_time": 0.0010311603546142578
    },
    "create": {
        "baseline": {
            "cpu_util": 0.0,
            "disk_read": 0.5024333000183105,
            "disk_write": 5.47465705871582,
            "disk_used": 3.855304718017578,
            "disk_free": 24.146770477294922,
            "virtual_used": 1.0030288696289062,
            "virtual_free": 0.8628387451171875
        },
        "samples": [
            {
                "cpu_util": 9.1,
                "disk_read": 0.5024333000183105,
                "disk_write": 5.474809646606445,
                "disk_used": 3.8553123474121094,
                "disk_free": 24.14676284790039,
                "virtual_used": 1.0030136108398438,
                "virtual_free": 0.86285400390625,
                "sample": 1
            }
        ],
        "response_time": 0.018945693969726562
    },
    "aggregateStruct": {
        "baseline": {
            "cpu_util": 0.0,
            "disk_read": 0.5024333000183105,
            "disk_write": 5.474809646606445,
            "disk_used": 3.8553123474121094,
            "disk_free": 24.14676284790039,
            "virtual_used": 1.0030136108398438,
            "virtual_free": 0.86285400390625
        },
        "samples": [
            {
                "cpu_util": 0.0,
                "disk_read": 0.5024333000183105,
                "disk_write": 5.474809646606445,
                "disk_used": 3.8553123474121094,
                "disk_free": 24.14676284790039,
                "virtual_used": 1.0030136108398438,
                "virtual_free": 0.86285400390625,
                "sample": 1
            }
        ],
        "response_time": 0.0015418529510498047
    }
}