{
    "delete": {
        "baseline": {
            "cpu_util": 5.0,
            "disk_read": 0.43979501724243164,
            "disk_write": 3.3072338104248047,
            "disk_used": 3.992664337158203,
            "disk_free": 24.009410858154297,
            "virtual_used": 1.0860824584960938,
            "virtual_free": 0.77978515625
        },
        "samples": [
            {
                "cpu_util": 0.0,
                "disk_read": 0.43979501724243164,
                "disk_write": 3.3072376251220703,
                "disk_used": 3.9926681518554688,
                "disk_free": 24.00940704345703,
                "virtual_used": 1.0860824584960938,
                "virtual_free": 0.77978515625,
                "sample": 1
            }
        ],
        "response_time": 0.0011241436004638672
    },
    "create": {
        "baseline": {
            "cpu_util": 0.0,
            "disk_read": 0.43979501724243164,
            "disk_write": 3.3072376251220703,
            "disk_used": 3.9926681518554688,
            "disk_free": 24.00940704345703,
            "virtual_used": 1.0860824584960938,
            "virtual_free": 0.77978515625
        },
        "samples": [
            {
                "cpu_util": 10.0,
                "disk_read": 0.43979501724243164,
                "disk_write": 3.307493209838867,
                "disk_used": 3.99267578125,
                "disk_free": 24.0093994140625,
                "virtual_used": 1.08624267578125,
                "virtual_free": 0.7796249389648438,
                "sample": 1
            }
        ],
        "response_time": 0.028017044067382812
    },
    "insertOneThenUpdateTimestampUnstruct": {
        "baseline": {
            "cpu_util": 0.0,
            "disk_read": 0.43979501724243164,
            "disk_write": 3.307493209838867,
            "disk_used": 3.99267578125,
            "disk_free": 24.0093994140625,
            "virtual_used": 1.08624267578125,
            "virtual_free": 0.7796249389648438
        },
        "samples": [
            {
                "cpu_util": 0.0,
                "disk_read": 0.43979501724243164,
                "disk_write": 3.307497024536133,
                "disk_used": 3.99267578125,
                "disk_free": 24.0093994140625,
                "virtual_used": 1.08624267578125,
                "virtual_free": 0.7796249389648438,
                "sample": 1
            }
        ],
        "response_time": 0.0026099681854248047
    }
}