{
    "delete": {
        "baseline": {
            "cpu_util": 0.0,
            "disk_read": 16.938799381256104,
            "disk_write": 4.618864059448242,
            "disk_used": 4.144752502441406,
            "disk_free": 23.857322692871094,
            "virtual_used": 1.1513099670410156,
            "virtual_free": 0.7145576477050781
        },
        "samples": [
            {
                "cpu_util": 38.1,
                "disk_read": 16.938799381256104,
                "disk_write": 4.618867874145508,
                "disk_used": 4.144779205322266,
                "disk_free": 23.857295989990234,
                "virtual_used": 1.1512718200683594,
                "virtual_free": 0.7145957946777344,
                "sample": 1
            }
        ],
        "response_time": 0.000865936279296875
    },
    "create": {
        "baseline": {
            "cpu_util": 0.0,
            "disk_read": 16.938799381256104,
            "disk_write": 4.618867874145508,
            "disk_used": 4.144783020019531,
            "disk_free": 23.85729217529297,
            "virtual_used": 1.1512680053710938,
            "virtual_free": 0.714599609375
        },
        "samples": [
            {
                "cpu_util": 50.0,
                "disk_read": 16.938799381256104,
                "disk_write": 4.618867874145508,
                "disk_used": 4.144783020019531,
                "disk_free": 23.85729217529297,
                "virtual_used": 1.1435775756835938,
                "virtual_free": 0.7222900390625,
                "sample": 1
            },
            {
                "cpu_util": 56.5,
                "disk_read": 16.938799381256104,
                "disk_write": 4.61903190612793,
                "disk_used": 4.1447906494140625,
                "disk_free": 23.857284545898438,
                "virtual_used": 1.1439094543457031,
                "virtual_free": 0.7219581604003906,
                "sample": 2
            },
            {
                "cpu_util": 60.0,
                "disk_read": 16.938799381256104,
                "disk_write": 4.622453689575195,
                "disk_used": 4.146007537841797,
                "disk_free": 23.856067657470703,
                "virtual_used": 1.1472053527832031,
                "virtual_free": 0.7186622619628906,
                "sample": 3
            }
        ],
        "response_time": 0.7139930725097656
    },
    "replaceOneStruct": {
        "baseline": {
            "cpu_util": 0.0,
            "disk_read": 16.938799381256104,
            "disk_write": 4.62370491027832,
            "disk_used": 4.149814605712891,
            "disk_free": 23.85226058959961,
            "virtual_used": 1.1449851989746094,
            "virtual_free": 0.7208824157714844
        },
        "samples": [
            {
                "cpu_util": 52.4,
                "disk_read": 16.938799381256104,
                "disk_write": 4.62370491027832,
                "disk_used": 4.149814605712891,
                "disk_free": 23.85226058959961,
                "virtual_used": 1.1449851989746094,
                "virtual_free": 0.7208824157714844,
                "sample": 1
            }
        ],
        "response_time": 0.11251568794250488
    }
}