{
    "delete": {
        "baseline": {
            "cpu_util": 0.0,
            "disk_read": 16.938799381256104,
            "disk_write": 4.683271408081055,
            "disk_used": 4.1548614501953125,
            "disk_free": 23.847213745117188,
            "virtual_used": 1.1553077697753906,
            "virtual_free": 0.7105598449707031
        },
        "samples": [
            {
                "cpu_util": 5.0,
                "disk_read": 16.938799381256104,
                "disk_write": 4.68327522277832,
                "disk_used": 4.154865264892578,
                "disk_free": 23.847209930419922,
                "virtual_used": 1.1555404663085938,
                "virtual_free": 0.7103271484375,
                "sample": 1
            }
        ],
        "response_time": 0.0010383129119873047
    },
    "create": {
        "baseline": {
            "cpu_util": 0.0,
            "disk_read": 16.938799381256104,
            "disk_write": 4.68327522277832,
            "disk_used": 4.154865264892578,
            "disk_free": 23.847209930419922,
            "virtual_used": 1.1555404663085938,
            "virtual_free": 0.7103271484375
        },
        "samples": [
            {
                "cpu_util": 50.0,
                "disk_read": 16.938799381256104,
                "disk_write": 4.68327522277832,
                "disk_used": 4.154865264892578,
                "disk_free": 23.847209930419922,
                "virtual_used": 1.1555404663085938,
                "virtual_free": 0.7103271484375,
                "sample": 1
            },
            {
                "cpu_util": 47.6,
                "disk_read": 16.938799381256104,
                "disk_write": 4.683507919311523,
                "disk_used": 4.154872894287109,
                "disk_free": 23.84720230102539,
                "virtual_used": 1.1525192260742188,
                "virtual_free": 0.713348388671875,
                "sample": 2
            },
            {
                "cpu_util": 55.0,
                "disk_read": 16.938799381256104,
                "disk_write": 4.68608283996582,
                "disk_used": 4.154872894287109,
                "disk_free": 23.84720230102539,
                "virtual_used": 1.1507911682128906,
                "virtual_free": 0.7150764465332031,
                "sample": 3
            }
        ],
        "response_time": 0.9732999801635742
    },
    "replaceOneStruct": {
        "baseline": {
            "cpu_util": 0.0,
            "disk_read": 16.938799381256104,
            "disk_write": 4.688169479370117,
            "disk_used": 4.154872894287109,
            "disk_free": 23.84720230102539,
            "virtual_used": 1.14984130859375,
            "virtual_free": 0.7160263061523438
        },
        "samples": [
            {
                "cpu_util": 35.0,
                "disk_read": 16.938799381256104,
                "disk_write": 4.688169479370117,
                "disk_used": 4.154872894287109,
                "disk_free": 23.84720230102539,
                "virtual_used": 1.14984130859375,
                "virtual_free": 0.7160263061523438,
                "sample": 1
            }
        ],
        "response_time": 0.06673860549926758
    }
}