{
    "delete": {
        "baseline": {
            "cpu_util": 50.0,
            "disk_read": 1.443605899810791,
            "disk_write": 28.751840591430664,
            "disk_used": 4.925251007080078,
            "disk_free": 23.076824188232422,
            "virtual_used": 3.03369140625,
            "virtual_free": 0.7132606506347656
        },
        "samples": [
            {
                "cpu_util": 52.4,
                "disk_read": 1.443605899810791,
                "disk_write": 28.75184440612793,
                "disk_used": 4.925251007080078,
                "disk_free": 23.076824188232422,
                "virtual_used": 3.03369140625,
                "virtual_free": 0.7132606506347656,
                "sample": 1
            }
        ],
        "response_time": 0.0007889270782470703
    },
    "create": {
        "baseline": {
            "cpu_util": 47.4,
            "disk_read": 1.443605899810791,
            "disk_write": 28.751893997192383,
            "disk_used": 4.925251007080078,
            "disk_free": 23.076824188232422,
            "virtual_used": 3.033679962158203,
            "virtual_free": 0.7132720947265625
        },
        "samples": [
            {
                "cpu_util": 60.0,
                "disk_read": 1.443605899810791,
                "disk_write": 28.75203514099121,
                "disk_used": 4.925262451171875,
                "disk_free": 23.076812744140625,
                "virtual_used": 3.033679962158203,
                "virtual_free": 0.7132720947265625,
                "sample": 1
            }
        ],
        "response_time": 0.019918441772460938
    },
    "aggregateStruct": {
        "baseline": {
            "cpu_util": 50.0,
            "disk_read": 1.443605899810791,
            "disk_write": 28.752065658569336,
            "disk_used": 4.925262451171875,
            "disk_free": 23.076812744140625,
            "virtual_used": 3.0336761474609375,
            "virtual_free": 0.7132759094238281
        },
        "samples": [
            {
                "cpu_util": 55.0,
                "disk_read": 1.443605899810791,
                "disk_write": 28.7520694732666,
                "disk_used": 4.925262451171875,
                "disk_free": 23.076812744140625,
                "virtual_used": 3.0336761474609375,
                "virtual_free": 0.7132759094238281,
                "sample": 1
            }
        ],
        "response_time": 0.0013074874877929688
    }
}