{
    "delete": {
        "baseline": {
            "cpu_util": 0.0,
            "disk_read": 0.46949005126953125,
            "disk_write": 4.397638320922852,
            "disk_used": 3.8757476806640625,
            "disk_free": 24.126327514648438,
            "virtual_used": 0.9503631591796875,
            "virtual_free": 0.9155044555664062
        },
        "samples": [
            {
                "cpu_util": 0.0,
                "disk_read": 0.46949005126953125,
                "disk_write": 4.397642135620117,
                "disk_used": 3.8757476806640625,
                "disk_free": 24.126327514648438,
                "virtual_used": 0.9503631591796875,
                "virtual_free": 0.9155044555664062,
                "sample": 1
            }
        ],
        "response_time": 0.0009076595306396484
    },
    "create": {
        "baseline": {
            "cpu_util": 0.0,
            "disk_read": 0.46949005126953125,
            "disk_write": 4.397645950317383,
            "disk_used": 3.8757476806640625,
            "disk_free": 24.126327514648438,
            "virtual_used": 0.9503631591796875,
            "virtual_free": 0.9155044555664062
        },
        "samples": [
            {
                "cpu_util": 9.5,
                "disk_read": 0.46949005126953125,
                "disk_write": 4.397878646850586,
                "disk_used": 3.8757553100585938,
                "disk_free": 24.126319885253906,
                "virtual_used": 0.9503631591796875,
                "virtual_free": 0.9155044555664062,
                "sample": 1
            }
        ],
        "response_time": 0.028718948364257812
    },
    "updateManyStruct": {
        "baseline": {
            "cpu_util": 0.0,
            "disk_read": 0.46949005126953125,
            "disk_write": 4.397878646850586,
            "disk_used": 3.8757553100585938,
            "disk_free": 24.126319885253906,
            "virtual_used": 0.9502944946289062,
            "virtual_free": 0.9155731201171875
        },
        "samples": [
            {
                "cpu_util": 5.0,
                "disk_read": 0.46949005126953125,
                "disk_write": 4.398126602172852,
                "disk_used": 3.8757553100585938,
                "disk_free": 24.126319885253906,
                "virtual_used": 0.9500579833984375,
                "virtual_free": 0.9158096313476562,
                "sample": 1
            }
        ],
        "response_time": 0.019873380661010742
    }
}