{
    "delete": {
        "baseline": {
            "cpu_util": 0.0,
            "disk_read": 0.46949005126953125,
            "disk_write": 4.399560928344727,
            "disk_used": 3.8758201599121094,
            "disk_free": 24.12625503540039,
            "virtual_used": 0.9491043090820312,
            "virtual_free": 0.9167633056640625
        },
        "samples": [
            {
                "cpu_util": 0.0,
                "disk_read": 0.46949005126953125,
                "disk_write": 4.399564743041992,
                "disk_used": 3.8758201599121094,
                "disk_free": 24.12625503540039,
                "virtual_used": 0.9491004943847656,
                "virtual_free": 0.9167671203613281,
                "sample": 1
            }
        ],
        "response_time": 0.0008797645568847656
    },
    "create": {
        "baseline": {
            "cpu_util": 0.0,
            "disk_read": 0.46949005126953125,
            "disk_write": 4.399564743041992,
            "disk_used": 3.8758201599121094,
            "disk_free": 24.12625503540039,
            "virtual_used": 0.9491004943847656,
            "virtual_free": 0.9167671203613281
        },
        "samples": [
            {
                "cpu_util": 0.0,
                "disk_read": 0.46949005126953125,
                "disk_write": 4.399782180786133,
                "disk_used": 3.8758316040039062,
                "disk_free": 24.126243591308594,
                "virtual_used": 0.9490280151367188,
                "virtual_free": 0.916839599609375,
                "sample": 1
            }
        ],
        "response_time": 0.026404142379760742
    },
    "updateManyStruct": {
        "baseline": {
            "cpu_util": 0.0,
            "disk_read": 0.46949005126953125,
            "disk_write": 4.399782180786133,
            "disk_used": 3.8758316040039062,
            "disk_free": 24.126243591308594,
            "virtual_used": 0.9490280151367188,
            "virtual_free": 0.916839599609375
        },
        "samples": [
            {
                "cpu_util": 19.0,
                "disk_read": 0.46949005126953125,
                "disk_write": 4.400033950805664,
                "disk_used": 3.8758316040039062,
                "disk_free": 24.126243591308594,
                "virtual_used": 0.9488334655761719,
                "virtual_free": 0.9170341491699219,
                "sample": 1
            }
        ],
        "response_time": 0.03480982780456543
    }
}