{
    "delete": {
        "baseline": {
            "cpu_util": 0.0,
            "disk_read": 0.43979501724243164,
            "disk_write": 3.2135066986083984,
            "disk_used": 4.042774200439453,
            "disk_free": 23.959300994873047,
            "virtual_used": 1.0797386169433594,
            "virtual_free": 0.7861289978027344
        },
        "samples": [
            {
                "cpu_util": 0.0,
                "disk_read": 0.43979501724243164,
                "disk_write": 3.213510513305664,
                "disk_used": 4.042774200439453,
                "disk_free": 23.959300994873047,
                "virtual_used": 1.0799789428710938,
                "virtual_free": 0.785888671875,
                "sample": 1
            }
        ],
        "response_time": 0.0008783340454101562
    },
    "create": {
        "baseline": {
            "cpu_util": 0.0,
            "disk_read": 0.43979501724243164,
            "disk_write": 3.213510513305664,
            "disk_used": 4.042774200439453,
            "disk_free": 23.959300994873047,
            "virtual_used": 1.0799789428710938,
            "virtual_free": 0.785888671875
        },
        "samples": [
            {
                "cpu_util": 0.0,
                "disk_read": 0.43979501724243164,
                "disk_write": 3.213785171508789,
                "disk_used": 4.042781829833984,
                "disk_free": 23.959293365478516,
                "virtual_used": 1.0800933837890625,
                "virtual_free": 0.7857742309570312,
                "sample": 1
            }
        ],
        "response_time": 0.018509626388549805
    },
    "readManyUnstruct": {
        "baseline": {
            "cpu_util": 0.0,
            "disk_read": 0.43979501724243164,
            "disk_write": 3.213785171508789,
            "disk_used": 4.042781829833984,
            "disk_free": 23.959293365478516,
            "virtual_used": 1.0800933837890625,
            "virtual_free": 0.7857742309570312
        },
        "samples": [
            {
                "cpu_util": 0.0,
                "disk_read": 0.43979501724243164,
                "disk_write": 3.213785171508789,
                "disk_used": 4.042781829833984,
                "disk_free": 23.959293365478516,
                "virtual_used": 1.0800933837890625,
                "virtual_free": 0.7857742309570312,
                "sample": 1
            }
        ],
        "response_time": 7.462501525878906e-05
    }
}