{
    "delete": {
        "baseline": {
            "cpu_util": 0.0,
            "disk_read": 0.8596014976501465,
            "disk_write": 15.71812629699707,
            "disk_used": 4.893390655517578,
            "disk_free": 23.108684539794922,
            "virtual_used": 1.7260704040527344,
            "virtual_free": 2.0208816528320312
        },
        "samples": [
            {
                "cpu_util": 0.0,
                "disk_read": 0.8596014976501465,
                "disk_write": 15.718130111694336,
                "disk_used": 4.893390655517578,
                "disk_free": 23.108684539794922,
                "virtual_used": 1.7260704040527344,
                "virtual_free": 2.0208816528320312,
                "sample": 1
            }
        ],
        "response_time": 0.0009145736694335938
    },
    "create": {
        "baseline": {
            "cpu_util": 0.0,
            "disk_read": 0.8596014976501465,
            "disk_write": 15.718130111694336,
            "disk_used": 4.893390655517578,
            "disk_free": 23.108684539794922,
            "virtual_used": 1.7260704040527344,
            "virtual_free": 2.0208816528320312
        },
        "samples": [
            {
                "cpu_util": 5.0,
                "disk_read": 0.8596014976501465,
                "disk_write": 15.718324661254883,
                "disk_used": 4.893398284912109,
                "disk_free": 23.10867691040039,
                "virtual_used": 1.7260627746582031,
                "virtual_free": 2.0208892822265625,
                "sample": 1
            }
        ],
        "response_time": 0.012163639068603516
    },
    "readManyUnstruct": {
        "baseline": {
            "cpu_util": 0.0,
            "disk_read": 0.8596014976501465,
            "disk_write": 15.718324661254883,
            "disk_used": 4.893398284912109,
            "disk_free": 23.10867691040039,
            "virtual_used": 1.726043701171875,
            "virtual_free": 2.0209083557128906
        },
        "samples": [
            {
                "cpu_util": 0.0,
                "disk_read": 0.8596014976501465,
                "disk_write": 15.718324661254883,
                "disk_used": 4.893398284912109,
                "disk_free": 23.10867691040039,
                "virtual_used": 1.726043701171875,
                "virtual_free": 2.0209083557128906,
                "sample": 1
            }
        ],
        "response_time": 7.605552673339844e-05
    }
}