{
    "delete": {
        "baseline": {
            "cpu_util": 0.0,
            "disk_read": 0.6195502281188965,
            "disk_write": 3.1317691802978516,
            "disk_used": 3.843334197998047,
            "disk_free": 24.158740997314453,
            "virtual_used": 1.0351486206054688,
            "virtual_free": 2.711811065673828
        },
        "samples": [
            {
                "cpu_util": 0.0,
                "disk_read": 0.6195502281188965,
                "disk_write": 3.131772994995117,
                "disk_used": 3.8433380126953125,
                "disk_free": 24.158737182617188,
                "virtual_used": 1.0353279113769531,
                "virtual_free": 2.7116317749023438,
                "sample": 1
            }
        ],
        "response_time": 0.0008902549743652344
    },
    "create": {
        "baseline": {
            "cpu_util": 0.0,
            "disk_read": 0.6195502281188965,
            "disk_write": 3.131772994995117,
            "disk_used": 3.8433380126953125,
            "disk_free": 24.158737182617188,
            "virtual_used": 1.0353279113769531,
            "virtual_free": 2.7116317749023438
        },
        "samples": [
            {
                "cpu_util": 47.6,
                "disk_read": 0.6195502281188965,
                "disk_write": 3.131925582885742,
                "disk_used": 3.8433456420898438,
                "disk_free": 24.158729553222656,
                "virtual_used": 1.0064125061035156,
                "virtual_free": 2.7405471801757812,
                "sample": 1
            }
        ],
        "response_time": 0.16014480590820312
    },
    "insertOneStruct": {
        "baseline": {
            "cpu_util": 0.0,
            "disk_read": 0.6195502281188965,
            "disk_write": 3.132417678833008,
            "disk_used": 3.8433456420898438,
            "disk_free": 24.158729553222656,
            "virtual_used": 1.0072555541992188,
            "virtual_free": 2.739704132080078
        },
        "samples": [
            {
                "cpu_util": 0.0,
                "disk_read": 0.6195502281188965,
                "disk_write": 3.1324214935302734,
                "disk_used": 3.8433456420898438,
                "disk_free": 24.158729553222656,
                "virtual_used": 1.0072441101074219,
                "virtual_free": 2.739715576171875,
                "sample": 1
            }
        ],
        "response_time": 0.0007624626159667969
    }
}