{
    "delete": {
        "baseline": {
            "cpu_util": 0.0,
            "disk_read": 0.757544994354248,
            "disk_write": 15.663888931274414,
            "disk_used": 3.8614273071289062,
            "disk_free": 24.140647888183594,
            "virtual_used": 1.5913543701171875,
            "virtual_free": 2.1556015014648438
        },
        "samples": [
            {
                "cpu_util": 0.0,
                "disk_read": 0.757544994354248,
                "disk_write": 15.66389274597168,
                "disk_used": 3.8614273071289062,
                "disk_free": 24.140647888183594,
                "virtual_used": 1.5913543701171875,
                "virtual_free": 2.1556015014648438,
                "sample": 1
            }
        ],
        "response_time": 0.0008115768432617188
    },
    "create": {
        "baseline": {
            "cpu_util": 0.0,
            "disk_read": 0.757544994354248,
            "disk_write": 15.66389274597168,
            "disk_used": 3.8614273071289062,
            "disk_free": 24.140647888183594,
            "virtual_used": 1.5913543701171875,
            "virtual_free": 2.1556015014648438
        },
        "samples": [
            {
                "cpu_util": 13.6,
                "disk_read": 0.757544994354248,
                "disk_write": 15.664072036743164,
                "disk_used": 3.861438751220703,
                "disk_free": 24.140636444091797,
                "virtual_used": 1.5913505554199219,
                "virtual_free": 2.1556053161621094,
                "sample": 1
            }
        ],
        "response_time": 0.019249439239501953
    },
    "insertOneStruct": {
        "baseline": {
            "cpu_util": 0.0,
            "disk_read": 0.757544994354248,
            "disk_write": 15.664072036743164,
            "disk_used": 3.861438751220703,
            "disk_free": 24.140636444091797,
            "virtual_used": 1.5913314819335938,
            "virtual_free": 2.1556243896484375
        },
        "samples": [
            {
                "cpu_util": 0.0,
                "disk_read": 0.757544994354248,
                "disk_write": 15.66407585144043,
                "disk_used": 3.861438751220703,
                "disk_free": 24.140636444091797,
                "virtual_used": 1.5913314819335938,
                "virtual_free": 2.1556243896484375,
                "sample": 1
            }
        ],
        "response_time": 0.000881195068359375
    }
}