{
    "delete": {
        "baseline": {
            "cpu_util": 0.0,
            "disk_read": 16.939260959625244,
            "disk_write": 5.205339431762695,
            "disk_used": 3.9238128662109375,
            "disk_free": 24.078262329101562,
            "virtual_used": 1.0424079895019531,
            "virtual_free": 0.8234596252441406
        },
        "samples": [
            {
                "cpu_util": 0.0,
                "disk_read": 16.939260959625244,
                "disk_write": 5.205343246459961,
                "disk_used": 3.9238128662109375,
                "disk_free": 24.078262329101562,
                "virtual_used": 1.0424041748046875,
                "virtual_free": 0.8234634399414062,
                "sample": 1
            }
        ],
        "response_time": 0.0008695125579833984
    },
    "create": {
        "baseline": {
            "cpu_util": 0.0,
            "disk_read": 16.939260959625244,
            "disk_write": 5.205343246459961,
            "disk_used": 3.9238128662109375,
            "disk_free": 24.078262329101562,
            "virtual_used": 1.0424041748046875,
            "virtual_free": 0.8234634399414062
        },
        "samples": [
            {
                "cpu_util": 5.0,
                "disk_read": 16.939260959625244,
                "disk_write": 5.205503463745117,
                "disk_used": 3.9238204956054688,
                "disk_free": 24.07825469970703,
                "virtual_used": 1.0426216125488281,
                "virtual_free": 0.8232460021972656,
                "sample": 1
            }
        ],
        "response_time": 0.01899123191833496
    },
    "readManyStruct": {
        "baseline": {
            "cpu_util": 0.0,
            "disk_read": 16.939260959625244,
            "disk_write": 5.205526351928711,
            "disk_used": 3.9238204956054688,
            "disk_free": 24.07825469970703,
            "virtual_used": 1.0425605773925781,
            "virtual_free": 0.8233070373535156
        },
        "samples": [
            {
                "cpu_util": 0.0,
                "disk_read": 16.939260959625244,
                "disk_write": 5.205526351928711,
                "disk_used": 3.9238204956054688,
                "disk_free": 24.07825469970703,
                "virtual_used": 1.0425605773925781,
                "virtual_free": 0.8233070373535156,
                "sample": 1
            }
        ],
        "response_time": 6.556510925292969e-05
    }
}