{
    "delete": {
        "baseline": {
            "cpu_util": 0.0,
            "disk_read": 0.5024027824401855,
            "disk_write": 5.238615036010742,
            "disk_used": 3.85418701171875,
            "disk_free": 24.14788818359375,
            "virtual_used": 1.0135040283203125,
            "virtual_free": 0.8523635864257812
        },
        "samples": [
            {
                "cpu_util": 4.8,
                "disk_read": 0.5024027824401855,
                "disk_write": 5.238618850708008,
                "disk_used": 3.85418701171875,
                "disk_free": 24.14788818359375,
                "virtual_used": 1.0135002136230469,
                "virtual_free": 0.8523674011230469,
                "sample": 1
            }
        ],
        "response_time": 0.0008697509765625
    },
    "create": {
        "baseline": {
            "cpu_util": 0.0,
            "disk_read": 0.5024027824401855,
            "disk_write": 5.238618850708008,
            "disk_used": 3.85418701171875,
            "disk_free": 24.14788818359375,
            "virtual_used": 1.0135002136230469,
            "virtual_free": 0.8523674011230469
        },
        "samples": [
            {
                "cpu_util": 9.5,
                "disk_read": 0.5024027824401855,
                "disk_write": 5.238779067993164,
                "disk_used": 3.8541946411132812,
                "disk_free": 24.14788055419922,
                "virtual_used": 1.0134925842285156,
                "virtual_free": 0.8523750305175781,
                "sample": 1
            }
        ],
        "response_time": 0.02567005157470703
    },
    "aggregateStruct": {
        "baseline": {
            "cpu_util": 0.0,
            "disk_read": 0.5024027824401855,
            "disk_write": 5.238851547241211,
            "disk_used": 3.8541946411132812,
            "disk_free": 24.14788055419922,
            "virtual_used": 1.0134925842285156,
            "virtual_free": 0.8523750305175781
        },
        "samples": [
            {
                "cpu_util": 0.0,
                "disk_read": 0.5024027824401855,
                "disk_write": 5.238851547241211,
                "disk_used": 3.8541946411132812,
                "disk_free": 24.14788055419922,
                "virtual_used": 1.0134391784667969,
                "virtual_free": 0.8524284362792969,
                "sample": 1
            }
        ],
        "response_time": 0.0021567344665527344
    }
}