{
    "delete": {
        "baseline": {
            "cpu_util": 0.0,
            "disk_read": 0.34583377838134766,
            "disk_write": 2.7085323333740234,
            "disk_used": 3.9578933715820312,
            "disk_free": 24.04418182373047,
            "virtual_used": 1.0095558166503906,
            "virtual_free": 0.8563117980957031
        },
        "samples": [
            {
                "cpu_util": 4.8,
                "disk_read": 0.34583377838134766,
                "disk_write": 2.708536148071289,
                "disk_used": 3.9578933715820312,
                "disk_free": 24.04418182373047,
                "virtual_used": 1.0095558166503906,
                "virtual_free": 0.8563117980957031,
                "sample": 1
            }
        ],
        "response_time": 0.0008854866027832031
    },
    "create": {
        "baseline": {
            "cpu_util": 0.0,
            "disk_read": 0.34583377838134766,
            "disk_write": 2.708536148071289,
            "disk_used": 3.9578933715820312,
            "disk_free": 24.04418182373047,
            "virtual_used": 1.0095558166503906,
            "virtual_free": 0.8563117980957031
        },
        "samples": [
            {
                "cpu_util": 51.8,
                "disk_read": 0.34583377838134766,
                "disk_write": 2.708536148071289,
                "disk_used": 3.9578933715820312,
                "disk_free": 24.04418182373047,
                "virtual_used": 1.0095558166503906,
                "virtual_free": 0.8563117980957031,
                "sample": 1
            },
            {
                "cpu_util": 54.5,
                "disk_read": 0.34583377838134766,
                "disk_write": 2.709585189819336,
                "disk_used": 3.9579010009765625,
                "disk_free": 24.044174194335938,
                "virtual_used": 1.0075416564941406,
                "virtual_free": 0.8583259582519531,
                "sample": 2
            },
            {
                "cpu_util": 55.0,
                "disk_read": 0.34583377838134766,
                "disk_write": 2.7122249603271484,
                "disk_used": 3.9579010009765625,
                "disk_free": 24.044174194335938,
                "virtual_used": 1.008544921875,
                "virtual_free": 0.8573226928710938,
                "sample": 3
            },
            {
                "cpu_util": 100.0,
                "disk_read": 0.34583377838134766,
                "disk_write": 2.7179126739501953,
                "disk_used": 3.9677085876464844,
                "disk_free": 24.034366607666016,
                "virtual_used": 1.0106735229492188,
                "virtual_free": 0.855194091796875,
                "sample": 4
            }
        ],
        "response_time": 1.1796982288360596
    },
    "aggregateUnstruct": {
        "baseline": {
            "cpu_util": 9.1,
            "disk_read": 0.34583377838134766,
            "disk_write": 2.7192821502685547,
            "disk_used": 3.9679527282714844,
            "disk_free": 24.034122467041016,
            "virtual_used": 1.0068893432617188,
            "virtual_free": 0.858978271484375
        },
        "samples": [
            {
                "cpu_util": 42.9,
                "disk_read": 0.34583377838134766,
                "disk_write": 2.7192821502685547,
                "disk_used": 3.9679527282714844,
                "disk_free": 24.034122467041016,
                "virtual_used": 1.0071296691894531,
                "virtual_free": 0.8587379455566406,
                "sample": 1
            }
        ],
        "response_time": 0.0789637565612793
    }
}