{
    "delete": {
        "baseline": {
            "cpu_util": 0.0,
            "disk_read": 0.32335805892944336,
            "disk_write": 1.3589954376220703,
            "disk_used": 4.298549652099609,
            "disk_free": 23.70352554321289,
            "virtual_used": 1.6981925964355469,
            "virtual_free": 2.04876708984375
        },
        "samples": [
            {
                "cpu_util": 0.0,
                "disk_read": 0.32335805892944336,
                "disk_write": 1.358999252319336,
                "disk_used": 4.298549652099609,
                "disk_free": 23.70352554321289,
                "virtual_used": 1.6981925964355469,
                "virtual_free": 2.04876708984375,
                "sample": 1
            }
        ],
        "response_time": 0.0009205341339111328
    },
    "create": {
        "baseline": {
            "cpu_util": 66.7,
            "disk_read": 0.32335805892944336,
            "disk_write": 1.358999252319336,
            "disk_used": 4.3045806884765625,
            "disk_free": 23.697494506835938,
            "virtual_used": 1.7107276916503906,
            "virtual_free": 2.0362319946289062
        },
        "samples": [
            {
                "cpu_util": 56.7,
                "disk_read": 0.32335805892944336,
                "disk_write": 1.358999252319336,
                "disk_used": 4.3060302734375,
                "disk_free": 23.696044921875,
                "virtual_used": 1.7206153869628906,
                "virtual_free": 2.0263442993164062,
                "sample": 1
            },
            {
                "cpu_util": 53.8,
                "disk_read": 0.32335805892944336,
                "disk_write": 1.399557113647461,
                "disk_used": 4.3060302734375,
                "disk_free": 23.696044921875,
                "virtual_used": 1.7374763488769531,
                "virtual_free": 2.0094833374023438,
                "sample": 2
            },
            {
                "cpu_util": 52.6,
                "disk_read": 0.32335805892944336,
                "disk_write": 1.4005069732666016,
                "disk_used": 4.306041717529297,
                "disk_free": 23.696033477783203,
                "virtual_used": 1.7139244079589844,
                "virtual_free": 2.0330352783203125,
                "sample": 3
            },
            {
                "cpu_util": 81.0,
                "disk_read": 0.32335805892944336,
                "disk_write": 1.4061832427978516,
                "disk_used": 4.309230804443359,
                "disk_free": 23.69284439086914,
                "virtual_used": 1.729217529296875,
                "virtual_free": 2.017742156982422,
                "sample": 4
            },
            {
                "cpu_util": 23.8,
                "disk_read": 0.32335805892944336,
                "disk_write": 1.4091663360595703,
                "disk_used": 4.309230804443359,
                "disk_free": 23.69284439086914,
                "virtual_used": 1.7269859313964844,
                "virtual_free": 2.0199737548828125,
                "sample": 5
            }
        ],
        "response_time": 1.2524707317352295
    },
    "updateOneUnstruct": {
        "baseline": {
            "cpu_util": 0.0,
            "disk_read": 0.32335805892944336,
            "disk_write": 1.4091663360595703,
            "disk_used": 4.309230804443359,
            "disk_free": 23.69284439086914,
            "virtual_used": 1.7269706726074219,
            "virtual_free": 2.019989013671875
        },
        "samples": [
            {
                "cpu_util": 50.0,
                "disk_read": 0.32335805892944336,
                "disk_write": 1.4091663360595703,
                "disk_used": 4.309230804443359,
                "disk_free": 23.69284439086914,
                "virtual_used": 1.7279319763183594,
                "virtual_free": 2.0190277099609375,
                "sample": 1
            }
        ],
        "response_time": 0.09803652763366699
    }
}