{
    "delete": {
        "baseline": {
            "cpu_util": 0.0,
            "disk_read": 0.5854277610778809,
            "disk_write": 3.649808883666992,
            "disk_used": 5.804599761962891,
            "disk_free": 22.19747543334961,
            "virtual_used": 0.9294929504394531,
            "virtual_free": 0.936370849609375
        },
        "samples": [
            {
                "cpu_util": 0.0,
                "disk_read": 0.5854277610778809,
                "disk_write": 3.649812698364258,
                "disk_used": 5.804599761962891,
                "disk_free": 22.19747543334961,
                "virtual_used": 0.9294891357421875,
                "virtual_free": 0.9363746643066406,
                "sample": 1
            }
        ],
        "response_time": 0.0010781288146972656
    },
    "create": {
        "baseline": {
            "cpu_util": 0.0,
            "disk_read": 0.5854277610778809,
            "disk_write": 3.649812698364258,
            "disk_used": 5.804599761962891,
            "disk_free": 22.19747543334961,
            "virtual_used": 0.9294891357421875,
            "virtual_free": 0.9363746643066406
        },
        "samples": [
            {
                "cpu_util": 5.0,
                "disk_read": 0.5854277610778809,
                "disk_write": 3.6501026153564453,
                "disk_used": 5.804607391357422,
                "disk_free": 22.197467803955078,
                "virtual_used": 0.929595947265625,
                "virtual_free": 0.9362678527832031,
                "sample": 1
            }
        ],
        "response_time": 0.021570444107055664
    },
    "readOneUnstruct": {
        "baseline": {
            "cpu_util": 0.0,
            "disk_read": 0.5854277610778809,
            "disk_write": 3.6501026153564453,
            "disk_used": 5.804607391357422,
            "disk_free": 22.197467803955078,
            "virtual_used": 0.929595947265625,
            "virtual_free": 0.9362678527832031
        },
        "samples": [
            {
                "cpu_util": 0.0,
                "disk_read": 0.5854277610778809,
                "disk_write": 3.6501026153564453,
                "disk_used": 5.804607391357422,
                "disk_free": 22.197467803955078,
                "virtual_used": 0.929595947265625,
                "virtual_free": 0.9362678527832031,
                "sample": 1
            }
        ],
        "response_time": 0.002496957778930664
    }
}