{
    "delete": {
        "baseline": {
            "cpu_util": 0.0,
            "disk_read": 0.5614790916442871,
            "disk_write": 1.5644817352294922,
            "disk_used": 5.625370025634766,
            "disk_free": 22.376705169677734,
            "virtual_used": 0.7954978942871094,
            "virtual_free": 1.0703659057617188
        },
        "samples": [
            {
                "cpu_util": 0.0,
                "disk_read": 0.5614790916442871,
                "disk_write": 1.5644855499267578,
                "disk_used": 5.625370025634766,
                "disk_free": 22.376705169677734,
                "virtual_used": 0.7954902648925781,
                "virtual_free": 1.07037353515625,
                "sample": 1
            }
        ],
        "response_time": 0.0009310245513916016
    },
    "create": {
        "baseline": {
            "cpu_util": 0.0,
            "disk_read": 0.5614790916442871,
            "disk_write": 1.5644855499267578,
            "disk_used": 5.625370025634766,
            "disk_free": 22.376705169677734,
            "virtual_used": 0.7954483032226562,
            "virtual_free": 1.0704154968261719
        },
        "samples": [
            {
                "cpu_util": 28.6,
                "disk_read": 0.5614790916442871,
                "disk_write": 1.5655765533447266,
                "disk_used": 5.625377655029297,
                "disk_free": 22.376697540283203,
                "virtual_used": 0.7861480712890625,
                "virtual_free": 1.0797157287597656,
                "sample": 1
            }
        ],
        "response_time": 0.07854580879211426
    },
    "insertManyUnstruct": {
        "baseline": {
            "cpu_util": 5.0,
            "disk_read": 0.5614790916442871,
            "disk_write": 1.5655765533447266,
            "disk_used": 5.625400543212891,
            "disk_free": 22.37667465209961,
            "virtual_used": 0.7861480712890625,
            "virtual_free": 1.0797157287597656
        },
        "samples": [
            {
                "cpu_util": 58.7,
                "disk_read": 0.5614790916442871,
                "disk_write": 1.5655765533447266,
                "disk_used": 5.6276397705078125,
                "disk_free": 22.374435424804688,
                "virtual_used": 0.7880630493164062,
                "virtual_free": 1.0778007507324219,
                "sample": 1
            },
            {
                "cpu_util": 57.9,
                "disk_read": 0.5614790916442871,
                "disk_write": 1.5655765533447266,
                "disk_used": 5.6276397705078125,
                "disk_free": 22.374435424804688,
                "virtual_used": 0.7903709411621094,
                "virtual_free": 1.0754928588867188,
                "sample": 2
            },
            {
                "cpu_util": 47.4,
                "disk_read": 0.5614790916442871,
                "disk_write": 1.5714778900146484,
                "disk_used": 5.6276397705078125,
                "disk_free": 22.374435424804688,
                "virtual_used": 0.8095588684082031,
                "virtual_free": 1.056304931640625,
                "sample": 3
            },
            {
                "cpu_util": 40.0,
                "disk_read": 0.5614790916442871,
                "disk_write": 1.575021743774414,
                "disk_used": 5.636516571044922,
                "disk_free": 22.365558624267578,
                "virtual_used": 0.8234786987304688,
                "virtual_free": 1.0423851013183594,
                "sample": 4
            }
        ],
        "response_time": 0.8922140598297119
    }
}