{
    "delete": {
        "baseline": {
            "cpu_util": 0.0,
            "disk_read": 0.3482065200805664,
            "disk_write": 4.048078536987305,
            "disk_used": 3.765644073486328,
            "disk_free": 24.236431121826172,
            "virtual_used": 1.1122322082519531,
            "virtual_free": 2.6347274780273438
        },
        "samples": [
            {
                "cpu_util": 0.0,
                "disk_read": 0.3482065200805664,
                "disk_write": 4.04808235168457,
                "disk_used": 3.765644073486328,
                "disk_free": 24.236431121826172,
                "virtual_used": 1.1122169494628906,
                "virtual_free": 2.6347427368164062,
                "sample": 1
            }
        ],
        "response_time": 0.0008745193481445312
    },
    "create": {
        "baseline": {
            "cpu_util": 0.0,
            "disk_read": 0.3482065200805664,
            "disk_write": 4.04808235168457,
            "disk_used": 3.765644073486328,
            "disk_free": 24.236431121826172,
            "virtual_used": 1.1122169494628906,
            "virtual_free": 2.6347427368164062
        },
        "samples": [
            {
                "cpu_util": 5.3,
                "disk_read": 0.3482065200805664,
                "disk_write": 4.04826545715332,
                "disk_used": 3.7656517028808594,
                "disk_free": 24.23642349243164,
                "virtual_used": 1.112213134765625,
                "virtual_free": 2.634746551513672,
                "sample": 1
            }
        ],
        "response_time": 0.012727499008178711
    },
    "updateManyStruct": {
        "baseline": {
            "cpu_util": 4.8,
            "disk_read": 0.3482065200805664,
            "disk_write": 4.04826545715332,
            "disk_used": 3.7656517028808594,
            "disk_free": 24.23642349243164,
            "virtual_used": 1.112213134765625,
            "virtual_free": 2.634746551513672
        },
        "samples": [
            {
                "cpu_util": 0.0,
                "disk_read": 0.3482065200805664,
                "disk_write": 4.048303604125977,
                "disk_used": 3.7656517028808594,
                "disk_free": 24.23642349243164,
                "virtual_used": 1.1121902465820312,
                "virtual_free": 2.6347694396972656,
                "sample": 1
            }
        ],
        "response_time": 0.002182483673095703
    }
}