{
    "delete": {
        "baseline": {
            "cpu_util": 0.0,
            "disk_read": 0.3482065200805664,
            "disk_write": 4.048303604125977,
            "disk_used": 3.765655517578125,
            "disk_free": 24.236419677734375,
            "virtual_used": 1.1121902465820312,
            "virtual_free": 2.6347694396972656
        },
        "samples": [
            {
                "cpu_util": 0.0,
                "disk_read": 0.3482065200805664,
                "disk_write": 4.048307418823242,
                "disk_used": 3.765655517578125,
                "disk_free": 24.236419677734375,
                "virtual_used": 1.1121902465820312,
                "virtual_free": 2.6347694396972656,
                "sample": 1
            }
        ],
        "response_time": 0.0012273788452148438
    },
    "create": {
        "baseline": {
            "cpu_util": 0.0,
            "disk_read": 0.3482065200805664,
            "disk_write": 4.048330307006836,
            "disk_used": 3.765655517578125,
            "disk_free": 24.236419677734375,
            "virtual_used": 1.1121635437011719,
            "virtual_free": 2.634796142578125
        },
        "samples": [
            {
                "cpu_util": 5.0,
                "disk_read": 0.3482065200805664,
                "disk_write": 4.048517227172852,
                "disk_used": 3.7656631469726562,
                "disk_free": 24.236412048339844,
                "virtual_used": 1.1121597290039062,
                "virtual_free": 2.6347999572753906,
                "sample": 1
            }
        ],
        "response_time": 0.015367984771728516
    },
    "updateManyStruct": {
        "baseline": {
            "cpu_util": 0.0,
            "disk_read": 0.3482065200805664,
            "disk_write": 4.048517227172852,
            "disk_used": 3.7656631469726562,
            "disk_free": 24.236412048339844,
            "virtual_used": 1.1121597290039062,
            "virtual_free": 2.6347999572753906
        },
        "samples": [
            {
                "cpu_util": 0.0,
                "disk_read": 0.3482065200805664,
                "disk_write": 4.048559188842773,
                "disk_used": 3.7656631469726562,
                "disk_free": 24.236412048339844,
                "virtual_used": 1.1121597290039062,
                "virtual_free": 2.6347999572753906,
                "sample": 1
            }
        ],
        "response_time": 0.0026862621307373047
    }
}