{
    "delete": {
        "baseline": {
            "cpu_util": 0.0,
            "disk_read": 16.913687229156494,
            "disk_write": 4.065134048461914,
            "disk_used": 3.9048728942871094,
            "disk_free": 24.09720230102539,
            "virtual_used": 0.9796638488769531,
            "virtual_free": 0.8862037658691406
        },
        "samples": [
            {
                "cpu_util": 0.0,
                "disk_read": 16.913687229156494,
                "disk_write": 4.06513786315918,
                "disk_used": 3.904876708984375,
                "disk_free": 24.097198486328125,
                "virtual_used": 0.9796638488769531,
                "virtual_free": 0.8862037658691406,
                "sample": 1
            }
        ],
        "response_time": 0.0009527206420898438
    },
    "create": {
        "baseline": {
            "cpu_util": 0.0,
            "disk_read": 16.913687229156494,
            "disk_write": 4.06513786315918,
            "disk_used": 3.904876708984375,
            "disk_free": 24.097198486328125,
            "virtual_used": 0.9796638488769531,
            "virtual_free": 0.8862037658691406
        },
        "samples": [
            {
                "cpu_util": 37.5,
                "disk_read": 16.913687229156494,
                "disk_write": 4.065683364868164,
                "disk_used": 3.9048843383789062,
                "disk_free": 24.097190856933594,
                "virtual_used": 0.9783973693847656,
                "virtual_free": 0.8874702453613281,
                "sample": 1
            }
        ],
        "response_time": 0.10055828094482422
    },
    "updateManyStruct": {
        "baseline": {
            "cpu_util": 0.0,
            "disk_read": 16.913687229156494,
            "disk_write": 4.065790176391602,
            "disk_used": 3.9048843383789062,
            "disk_free": 24.097190856933594,
            "virtual_used": 0.9787979125976562,
            "virtual_free": 0.8870697021484375
        },
        "samples": [
            {
                "cpu_util": 50.0,
                "disk_read": 16.913687229156494,
                "disk_write": 4.066823959350586,
                "disk_used": 3.9048843383789062,
                "disk_free": 24.097190856933594,
                "virtual_used": 0.9784774780273438,
                "virtual_free": 0.88739013671875,
                "sample": 1
            },
            {
                "cpu_util": 33.3,
                "disk_read": 16.913687229156494,
                "disk_write": 4.068235397338867,
                "disk_used": 3.906291961669922,
                "disk_free": 24.095783233642578,
                "virtual_used": 0.9802398681640625,
                "virtual_free": 0.8856277465820312,
                "sample": 2
            }
        ],
        "response_time": 0.20677876472473145
    }
}