{
    "delete": {
        "baseline": {
            "cpu_util": 0.0,
            "disk_read": 0.8595709800720215,
            "disk_write": 15.523843765258789,
            "disk_used": 4.898601531982422,
            "disk_free": 23.103473663330078,
            "virtual_used": 1.7304420471191406,
            "virtual_free": 2.016510009765625
        },
        "samples": [
            {
                "cpu_util": 4.8,
                "disk_read": 0.8595709800720215,
                "disk_write": 15.523847579956055,
                "disk_used": 4.898601531982422,
                "disk_free": 23.103473663330078,
                "virtual_used": 1.7304420471191406,
                "virtual_free": 2.016510009765625,
                "sample": 1
            }
        ],
        "response_time": 0.0009396076202392578
    },
    "create": {
        "baseline": {
            "cpu_util": 0.0,
            "disk_read": 0.8595709800720215,
            "disk_write": 15.523847579956055,
            "disk_used": 4.898601531982422,
            "disk_free": 23.103473663330078,
            "virtual_used": 1.7304420471191406,
            "virtual_free": 2.016510009765625
        },
        "samples": [
            {
                "cpu_util": 0.0,
                "disk_read": 0.8595709800720215,
                "disk_write": 15.524007797241211,
                "disk_used": 4.898612976074219,
                "disk_free": 23.10346221923828,
                "virtual_used": 1.730438232421875,
                "virtual_free": 2.0165138244628906,
                "sample": 1
            }
        ],
        "response_time": 0.019558429718017578
    },
    "readManyUnstruct": {
        "baseline": {
            "cpu_util": 0.0,
            "disk_read": 0.8595709800720215,
            "disk_write": 15.524007797241211,
            "disk_used": 4.898612976074219,
            "disk_free": 23.10346221923828,
            "virtual_used": 1.7304306030273438,
            "virtual_free": 2.016521453857422
        },
        "samples": [
            {
                "cpu_util": 0.0,
                "disk_read": 0.8595709800720215,
                "disk_write": 15.524007797241211,
                "disk_used": 4.898612976074219,
                "disk_free": 23.10346221923828,
                "virtual_used": 1.7304306030273438,
                "virtual_free": 2.016521453857422,
                "sample": 1
            }
        ],
        "response_time": 6.866455078125e-05
    }
}