{
    "delete": {
        "baseline": {
            "cpu_util": 0.0,
            "disk_read": 0.3494758605957031,
            "disk_write": 3.8656368255615234,
            "disk_used": 3.907825469970703,
            "disk_free": 24.094249725341797,
            "virtual_used": 1.1644058227539062,
            "virtual_free": 2.582561492919922
        },
        "samples": [
            {
                "cpu_util": 0.0,
                "disk_read": 0.3494758605957031,
                "disk_write": 3.865640640258789,
                "disk_used": 3.9078292846679688,
                "disk_free": 24.09424591064453,
                "virtual_used": 1.164398193359375,
                "virtual_free": 2.582569122314453,
                "sample": 1
            }
        ],
        "response_time": 0.0012984275817871094
    },
    "create": {
        "baseline": {
            "cpu_util": 0.0,
            "disk_read": 0.3494758605957031,
            "disk_write": 3.865640640258789,
            "disk_used": 3.9078292846679688,
            "disk_free": 24.09424591064453,
            "virtual_used": 1.164398193359375,
            "virtual_free": 2.582569122314453
        },
        "samples": [
            {
                "cpu_util": 5.0,
                "disk_read": 0.3494758605957031,
                "disk_write": 3.865854263305664,
                "disk_used": 3.9078369140625,
                "disk_free": 24.09423828125,
                "virtual_used": 1.1643409729003906,
                "virtual_free": 2.5826263427734375,
                "sample": 1
            }
        ],
        "response_time": 0.0262906551361084
    },
    "readOneStruct": {
        "baseline": {
            "cpu_util": 0.0,
            "disk_read": 0.3494758605957031,
            "disk_write": 3.865854263305664,
            "disk_used": 3.9078369140625,
            "disk_free": 24.09423828125,
            "virtual_used": 1.1643409729003906,
            "virtual_free": 2.5826263427734375
        },
        "samples": [
            {
                "cpu_util": 0.0,
                "disk_read": 0.3494758605957031,
                "disk_write": 3.865854263305664,
                "disk_used": 3.9078369140625,
                "disk_free": 24.09423828125,
                "virtual_used": 1.1643409729003906,
                "virtual_free": 2.5826263427734375,
                "sample": 1
            }
        ],
        "response_time": 0.0027844905853271484
    }
}