{
    "delete": {
        "baseline": {
            "cpu_util": 0.0,
            "disk_read": 0.3494758605957031,
            "disk_write": 3.8663768768310547,
            "disk_used": 3.9078712463378906,
            "disk_free": 24.09420394897461,
            "virtual_used": 1.1642112731933594,
            "virtual_free": 2.5827560424804688
        },
        "samples": [
            {
                "cpu_util": 4.8,
                "disk_read": 0.3494758605957031,
                "disk_write": 3.8663806915283203,
                "disk_used": 3.9078712463378906,
                "disk_free": 24.09420394897461,
                "virtual_used": 1.1642074584960938,
                "virtual_free": 2.5827598571777344,
                "sample": 1
            }
        ],
        "response_time": 0.0010564327239990234
    },
    "create": {
        "baseline": {
            "cpu_util": 0.0,
            "disk_read": 0.3494758605957031,
            "disk_write": 3.8663806915283203,
            "disk_used": 3.9078712463378906,
            "disk_free": 24.09420394897461,
            "virtual_used": 1.1642074584960938,
            "virtual_free": 2.5827598571777344
        },
        "samples": [
            {
                "cpu_util": 0.0,
                "disk_read": 0.3494758605957031,
                "disk_write": 3.866598129272461,
                "disk_used": 3.907878875732422,
                "disk_free": 24.094196319580078,
                "virtual_used": 1.1644134521484375,
                "virtual_free": 2.5825538635253906,
                "sample": 1
            }
        ],
        "response_time": 0.02699136734008789
    },
    "readOneStruct": {
        "baseline": {
            "cpu_util": 0.0,
            "disk_read": 0.3494758605957031,
            "disk_write": 3.8666019439697266,
            "disk_used": 3.907878875732422,
            "disk_free": 24.094196319580078,
            "virtual_used": 1.1644134521484375,
            "virtual_free": 2.5825538635253906
        },
        "samples": [
            {
                "cpu_util": 0.0,
                "disk_read": 0.3494758605957031,
                "disk_write": 3.8666019439697266,
                "disk_used": 3.907878875732422,
                "disk_free": 24.094196319580078,
                "virtual_used": 1.1644134521484375,
                "virtual_free": 2.5825538635253906,
                "sample": 1
            }
        ],
        "response_time": 0.0025665760040283203
    }
}