{
    "delete": {
        "baseline": {
            "cpu_util": 0.0,
            "disk_read": 0.6195502281188965,
            "disk_write": 4.264585494995117,
            "disk_used": 3.8560867309570312,
            "disk_free": 24.14598846435547,
            "virtual_used": 1.2166290283203125,
            "virtual_free": 2.5303306579589844
        },
        "samples": [
            {
                "cpu_util": 0.0,
                "disk_read": 0.6195502281188965,
                "disk_write": 4.264589309692383,
                "disk_used": 3.8560867309570312,
                "disk_free": 24.14598846435547,
                "virtual_used": 1.2166290283203125,
                "virtual_free": 2.5303306579589844,
                "sample": 1
            }
        ],
        "response_time": 0.0009443759918212891
    },
    "create": {
        "baseline": {
            "cpu_util": 0.0,
            "disk_read": 0.6195502281188965,
            "disk_write": 4.264589309692383,
            "disk_used": 3.8560867309570312,
            "disk_free": 24.14598846435547,
            "virtual_used": 1.2171096801757812,
            "virtual_free": 2.5298500061035156
        },
        "samples": [
            {
                "cpu_util": 0.0,
                "disk_read": 0.6195502281188965,
                "disk_write": 4.264760971069336,
                "disk_used": 3.8560943603515625,
                "disk_free": 24.145980834960938,
                "virtual_used": 1.2170906066894531,
                "virtual_free": 2.5298690795898438,
                "sample": 1
            }
        ],
        "response_time": 0.02613973617553711
    },
    "insertManyStruct": {
        "baseline": {
            "cpu_util": 9.5,
            "disk_read": 0.6195502281188965,
            "disk_write": 4.264760971069336,
            "disk_used": 3.8561172485351562,
            "disk_free": 24.145957946777344,
            "virtual_used": 1.2170906066894531,
            "virtual_free": 2.5298690795898438
        },
        "samples": [
            {
                "cpu_util": 50.0,
                "disk_read": 0.6195502281188965,
                "disk_write": 4.264760971069336,
                "disk_used": 3.8561172485351562,
                "disk_free": 24.145957946777344,
                "virtual_used": 1.2170906066894531,
                "virtual_free": 2.5298690795898438,
                "sample": 1
            },
            {
                "cpu_util": 50.0,
                "disk_read": 0.6195502281188965,
                "disk_write": 4.264760971069336,
                "disk_used": 3.8561172485351562,
                "disk_free": 24.145957946777344,
                "virtual_used": 1.2175178527832031,
                "virtual_free": 2.5294418334960938,
                "sample": 2
            },
            {
                "cpu_util": 52.4,
                "disk_read": 0.6195502281188965,
                "disk_write": 4.265512466430664,
                "disk_used": 3.8561172485351562,
                "disk_free": 24.145957946777344,
                "virtual_used": 1.2148056030273438,
                "virtual_free": 2.532154083251953,
                "sample": 3
            },
            {
                "cpu_util": 52.6,
                "disk_read": 0.6195502281188965,
                "disk_write": 4.267560958862305,
                "disk_used": 3.8565597534179688,
                "disk_free": 24.14551544189453,
                "virtual_used": 1.2165069580078125,
                "virtual_free": 2.5304527282714844,
                "sample": 4
            }
        ],
        "response_time": 1.1342415809631348
    }
}