{
    "delete": {
        "baseline": {
            "cpu_util": 0.0,
            "disk_read": 0.34246397018432617,
            "disk_write": 2.777162551879883,
            "disk_used": 3.7994041442871094,
            "disk_free": 24.20267105102539,
            "virtual_used": 1.0610427856445312,
            "virtual_free": 2.6859130859375
        },
        "samples": [
            {
                "cpu_util": 0.0,
                "disk_read": 0.34246397018432617,
                "disk_write": 2.7772159576416016,
                "disk_used": 3.799407958984375,
                "disk_free": 24.202667236328125,
                "virtual_used": 1.0610122680664062,
                "virtual_free": 2.685943603515625,
                "sample": 1
            }
        ],
        "response_time": 0.00095367431640625
    },
    "create": {
        "baseline": {
            "cpu_util": 0.0,
            "disk_read": 0.34246397018432617,
            "disk_write": 2.7772159576416016,
            "disk_used": 3.799407958984375,
            "disk_free": 24.202667236328125,
            "virtual_used": 1.0610122680664062,
            "virtual_free": 2.685943603515625
        },
        "samples": [
            {
                "cpu_util": 9.1,
                "disk_read": 0.34246397018432617,
                "disk_write": 2.7774486541748047,
                "disk_used": 3.7994155883789062,
                "disk_free": 24.202659606933594,
                "virtual_used": 1.0609016418457031,
                "virtual_free": 2.686054229736328,
                "sample": 1
            }
        ],
        "response_time": 0.018864154815673828
    },
    "replaceOneUnstruct": {
        "baseline": {
            "cpu_util": 0.0,
            "disk_read": 0.34246397018432617,
            "disk_write": 2.7774486541748047,
            "disk_used": 3.7994155883789062,
            "disk_free": 24.202659606933594,
            "virtual_used": 1.0609016418457031,
            "virtual_free": 2.686054229736328
        },
        "samples": [
            {
                "cpu_util": 0.0,
                "disk_read": 0.34246397018432617,
                "disk_write": 2.777467727661133,
                "disk_used": 3.7994155883789062,
                "disk_free": 24.202659606933594,
                "virtual_used": 1.0608940124511719,
                "virtual_free": 2.6860618591308594,
                "sample": 1
            }
        ],
        "response_time": 0.0037543773651123047
    }
}