{
    "delete": {
        "baseline": {
            "cpu_util": 4.8,
            "disk_read": 12.483009338378906,
            "disk_write": 5.685575485229492,
            "disk_used": 4.061748504638672,
            "disk_free": 23.940326690673828,
            "virtual_used": 1.0403022766113281,
            "virtual_free": 0.8255653381347656
        },
        "samples": [
            {
                "cpu_util": 0.0,
                "disk_read": 12.483009338378906,
                "disk_write": 5.685579299926758,
                "disk_used": 4.061748504638672,
                "disk_free": 23.940326690673828,
                "virtual_used": 1.0402870178222656,
                "virtual_free": 0.8255805969238281,
                "sample": 1
            }
        ],
        "response_time": 0.0016045570373535156
    },
    "create": {
        "baseline": {
            "cpu_util": 5.0,
            "disk_read": 12.483009338378906,
            "disk_write": 5.685579299926758,
            "disk_used": 4.061748504638672,
            "disk_free": 23.940326690673828,
            "virtual_used": 1.0402870178222656,
            "virtual_free": 0.8255805969238281
        },
        "samples": [
            {
                "cpu_util": 5.0,
                "disk_read": 12.483009338378906,
                "disk_write": 5.685747146606445,
                "disk_used": 4.061756134033203,
                "disk_free": 23.940319061279297,
                "virtual_used": 1.0402870178222656,
                "virtual_free": 0.8255805969238281,
                "sample": 1
            }
        ],
        "response_time": 0.024999618530273438
    },
    "readManyStruct": {
        "baseline": {
            "cpu_util": 4.8,
            "disk_read": 12.483009338378906,
            "disk_write": 5.685811996459961,
            "disk_used": 4.061756134033203,
            "disk_free": 23.940319061279297,
            "virtual_used": 1.0402870178222656,
            "virtual_free": 0.8255805969238281
        },
        "samples": [
            {
                "cpu_util": 4.8,
                "disk_read": 12.483009338378906,
                "disk_write": 5.685811996459961,
                "disk_used": 4.061756134033203,
                "disk_free": 23.940319061279297,
                "virtual_used": 1.0402870178222656,
                "virtual_free": 0.8255805969238281,
                "sample": 1
            }
        ],
        "response_time": 7.390975952148438e-05
    }
}