{
    "delete": {
        "baseline": {
            "cpu_util": 0.0,
            "disk_read": 12.483039855957031,
            "disk_write": 5.95048713684082,
            "disk_used": 4.036277770996094,
            "disk_free": 23.965797424316406,
            "virtual_used": 1.0067100524902344,
            "virtual_free": 0.8591575622558594
        },
        "samples": [
            {
                "cpu_util": 9.5,
                "disk_read": 12.483039855957031,
                "disk_write": 5.950490951538086,
                "disk_used": 4.036277770996094,
                "disk_free": 23.965797424316406,
                "virtual_used": 1.0067100524902344,
                "virtual_free": 0.8591575622558594,
                "sample": 1
            }
        ],
        "response_time": 0.0011467933654785156
    },
    "create": {
        "baseline": {
            "cpu_util": 0.0,
            "disk_read": 12.483039855957031,
            "disk_write": 5.950490951538086,
            "disk_used": 4.036277770996094,
            "disk_free": 23.965797424316406,
            "virtual_used": 1.0067100524902344,
            "virtual_free": 0.8591575622558594
        },
        "samples": [
            {
                "cpu_util": 5.0,
                "disk_read": 12.483039855957031,
                "disk_write": 5.95067024230957,
                "disk_used": 4.036285400390625,
                "disk_free": 23.965789794921875,
                "virtual_used": 1.0067100524902344,
                "virtual_free": 0.8591575622558594,
                "sample": 1
            }
        ],
        "response_time": 0.019110918045043945
    },
    "replaceOneStruct": {
        "baseline": {
            "cpu_util": 0.0,
            "disk_read": 12.483039855957031,
            "disk_write": 5.95067024230957,
            "disk_used": 4.036285400390625,
            "disk_free": 23.965789794921875,
            "virtual_used": 1.0067100524902344,
            "virtual_free": 0.8591575622558594
        },
        "samples": [
            {
                "cpu_util": 9.5,
                "disk_read": 12.483039855957031,
                "disk_write": 5.950674057006836,
                "disk_used": 4.036285400390625,
                "disk_free": 23.965789794921875,
                "virtual_used": 1.0066604614257812,
                "virtual_free": 0.8592071533203125,
                "sample": 1
            }
        ],
        "response_time": 0.0018513202667236328
    }
}