{
    "delete": {
        "baseline": {
            "cpu_util": 0.0,
            "disk_read": 53.64996385574341,
            "disk_write": 7.088972091674805,
            "disk_used": 5.8899383544921875,
            "disk_free": 22.112136840820312,
            "virtual_used": 1.0458335876464844,
            "virtual_free": 0.8200302124023438
        },
        "samples": [
            {
                "cpu_util": 0.0,
                "disk_read": 53.64996385574341,
                "disk_write": 7.08897590637207,
                "disk_used": 5.8899383544921875,
                "disk_free": 22.112136840820312,
                "virtual_used": 1.0458335876464844,
                "virtual_free": 0.8200302124023438,
                "sample": 1
            }
        ],
        "response_time": 0.0008969306945800781
    },
    "create": {
        "baseline": {
            "cpu_util": 0.0,
            "disk_read": 53.64996385574341,
            "disk_write": 7.08897590637207,
            "disk_used": 5.8899383544921875,
            "disk_free": 22.112136840820312,
            "virtual_used": 1.0458335876464844,
            "virtual_free": 0.8200302124023438
        },
        "samples": [
            {
                "cpu_util": 5.0,
                "disk_read": 53.64996385574341,
                "disk_write": 7.08915901184082,
                "disk_used": 5.889949798583984,
                "disk_free": 22.112125396728516,
                "virtual_used": 1.0458106994628906,
                "virtual_free": 0.8200531005859375,
                "sample": 1
            }
        ],
        "response_time": 0.01963949203491211
    },
    "readOneStruct": {
        "baseline": {
            "cpu_util": 0.0,
            "disk_read": 53.64996385574341,
            "disk_write": 7.08915901184082,
            "disk_used": 5.889949798583984,
            "disk_free": 22.112125396728516,
            "virtual_used": 1.0458030700683594,
            "virtual_free": 0.8200607299804688
        },
        "samples": [
            {
                "cpu_util": 4.8,
                "disk_read": 53.64996385574341,
                "disk_write": 7.08915901184082,
                "disk_used": 5.889949798583984,
                "disk_free": 22.112125396728516,
                "virtual_used": 1.0458030700683594,
                "virtual_free": 0.8200607299804688,
                "sample": 1
            }
        ],
        "response_time": 0.0018532276153564453
    }
}