{
    "delete": {
        "baseline": {
            "cpu_util": 4.8,
            "disk_read": 53.64996385574341,
            "disk_write": 7.08934211730957,
            "disk_used": 5.889965057373047,
            "disk_free": 22.112110137939453,
            "virtual_used": 1.0457077026367188,
            "virtual_free": 0.8201560974121094
        },
        "samples": [
            {
                "cpu_util": 5.0,
                "disk_read": 53.64996385574341,
                "disk_write": 7.08940315246582,
                "disk_used": 5.889972686767578,
                "disk_free": 22.112102508544922,
                "virtual_used": 1.0457077026367188,
                "virtual_free": 0.8201560974121094,
                "sample": 1
            }
        ],
        "response_time": 0.0008497238159179688
    },
    "create": {
        "baseline": {
            "cpu_util": 0.0,
            "disk_read": 53.64996385574341,
            "disk_write": 7.08940315246582,
            "disk_used": 5.889972686767578,
            "disk_free": 22.112102508544922,
            "virtual_used": 1.0457077026367188,
            "virtual_free": 0.8201560974121094
        },
        "samples": [
            {
                "cpu_util": 0.0,
                "disk_read": 53.64996385574341,
                "disk_write": 7.089605331420898,
                "disk_used": 5.889980316162109,
                "disk_free": 22.11209487915039,
                "virtual_used": 1.0457077026367188,
                "virtual_free": 0.8201560974121094,
                "sample": 1
            }
        ],
        "response_time": 0.020404338836669922
    },
    "readOneStruct": {
        "baseline": {
            "cpu_util": 4.8,
            "disk_read": 53.64996385574341,
            "disk_write": 7.089605331420898,
            "disk_used": 5.889980316162109,
            "disk_free": 22.11209487915039,
            "virtual_used": 1.0457077026367188,
            "virtual_free": 0.8201560974121094
        },
        "samples": [
            {
                "cpu_util": 0.0,
                "disk_read": 53.64996385574341,
                "disk_write": 7.089605331420898,
                "disk_used": 5.889980316162109,
                "disk_free": 22.11209487915039,
                "virtual_used": 1.0457077026367188,
                "virtual_free": 0.8201560974121094,
                "sample": 1
            }
        ],
        "response_time": 0.002340555191040039
    }
}