{
    "delete": {
        "baseline": {
            "cpu_util": 0.0,
            "disk_read": 0.4450836181640625,
            "disk_write": 3.429105758666992,
            "disk_used": 3.858379364013672,
            "disk_free": 24.143695831298828,
            "virtual_used": 0.904266357421875,
            "virtual_free": 0.9616012573242188
        },
        "samples": [
            {
                "cpu_util": 0.0,
                "disk_read": 0.4450836181640625,
                "disk_write": 3.429109573364258,
                "disk_used": 3.858379364013672,
                "disk_free": 24.143695831298828,
                "virtual_used": 0.904266357421875,
                "virtual_free": 0.9616012573242188,
                "sample": 1
            }
        ],
        "response_time": 0.001087188720703125
    },
    "create": {
        "baseline": {
            "cpu_util": 0.0,
            "disk_read": 0.4450836181640625,
            "disk_write": 3.429109573364258,
            "disk_used": 3.858379364013672,
            "disk_free": 24.143695831298828,
            "virtual_used": 0.9042205810546875,
            "virtual_free": 0.9616470336914062
        },
        "samples": [
            {
                "cpu_util": 54.5,
                "disk_read": 0.4450836181640625,
                "disk_write": 3.429349899291992,
                "disk_used": 3.8583908081054688,
                "disk_free": 24.14368438720703,
                "virtual_used": 0.9032669067382812,
                "virtual_free": 0.9626007080078125,
                "sample": 1
            }
        ],
        "response_time": 0.12066507339477539
    },
    "insertManyThenDeleteManyStruct": {
        "baseline": {
            "cpu_util": 0.0,
            "disk_read": 0.4450836181640625,
            "disk_write": 3.4298458099365234,
            "disk_used": 3.8583908081054688,
            "disk_free": 24.14368438720703,
            "virtual_used": 0.9034957885742188,
            "virtual_free": 0.962371826171875
        },
        "samples": [
            {
                "cpu_util": 51.9,
                "disk_read": 0.4450836181640625,
                "disk_write": 3.4298458099365234,
                "disk_used": 3.8583908081054688,
                "disk_free": 24.14368438720703,
                "virtual_used": 0.9039764404296875,
                "virtual_free": 0.9618911743164062,
                "sample": 1
            },
            {
                "cpu_util": 55.0,
                "disk_read": 0.4450836181640625,
                "disk_write": 3.4298458099365234,
                "disk_used": 3.8583908081054688,
                "disk_free": 24.14368438720703,
                "virtual_used": 0.9259300231933594,
                "virtual_free": 0.9399375915527344,
                "sample": 2
            },
            {
                "cpu_util": 50.0,
                "disk_read": 0.4450836181640625,
                "disk_write": 3.4318599700927734,
                "disk_used": 3.8612899780273438,
                "disk_free": 24.140785217285156,
                "virtual_used": 0.9286270141601562,
                "virtual_free": 0.9372406005859375,
                "sample": 3
            },
            {
                "cpu_util": 55.0,
                "disk_read": 0.4450836181640625,
                "disk_write": 3.4343624114990234,
                "disk_used": 3.8612899780273438,
                "disk_free": 24.140785217285156,
                "virtual_used": 0.9292793273925781,
                "virtual_free": 0.9365882873535156,
                "sample": 4
            },
            {
                "cpu_util": 50.0,
                "disk_read": 0.4450836181640625,
                "disk_write": 3.4352588653564453,
                "disk_used": 3.861492156982422,
                "disk_free": 24.140583038330078,
                "virtual_used": 0.9288482666015625,
                "virtual_free": 0.9370193481445312,
                "sample": 5
            },
            {
                "cpu_util": 23.8,
                "disk_read": 0.4450836181640625,
                "disk_write": 3.436136245727539,
                "disk_used": 3.861713409423828,
                "disk_free": 24.140361785888672,
                "virtual_used": 0.9280166625976562,
                "virtual_free": 0.9378509521484375,
                "sample": 6
            }
        ],
        "response_time": 1.3656930923461914
    }
}