{
    "delete": {
        "baseline": {
            "cpu_util": 0.0,
            "disk_read": 0.34246397018432617,
            "disk_write": 2.775083541870117,
            "disk_used": 3.7993125915527344,
            "disk_free": 24.202762603759766,
            "virtual_used": 1.0617942810058594,
            "virtual_free": 2.685161590576172
        },
        "samples": [
            {
                "cpu_util": 0.0,
                "disk_read": 0.34246397018432617,
                "disk_write": 2.775087356567383,
                "disk_used": 3.7993125915527344,
                "disk_free": 24.202762603759766,
                "virtual_used": 1.0617904663085938,
                "virtual_free": 2.6851654052734375,
                "sample": 1
            }
        ],
        "response_time": 0.0007913112640380859
    },
    "create": {
        "baseline": {
            "cpu_util": 0.0,
            "disk_read": 0.34246397018432617,
            "disk_write": 2.775087356567383,
            "disk_used": 3.7993125915527344,
            "disk_free": 24.202762603759766,
            "virtual_used": 1.0617904663085938,
            "virtual_free": 2.6851654052734375
        },
        "samples": [
            {
                "cpu_util": 5.0,
                "disk_read": 0.34246397018432617,
                "disk_write": 2.7753467559814453,
                "disk_used": 3.7993240356445312,
                "disk_free": 24.20275115966797,
                "virtual_used": 1.0616798400878906,
                "virtual_free": 2.6852760314941406,
                "sample": 1
            }
        ],
        "response_time": 0.019671916961669922
    },
    "updateManyUnstruct": {
        "baseline": {
            "cpu_util": 0.0,
            "disk_read": 0.34246397018432617,
            "disk_write": 2.7753467559814453,
            "disk_used": 3.7993240356445312,
            "disk_free": 24.20275115966797,
            "virtual_used": 1.0616683959960938,
            "virtual_free": 2.6852874755859375
        },
        "samples": [
            {
                "cpu_util": 5.0,
                "disk_read": 0.34246397018432617,
                "disk_write": 2.7754764556884766,
                "disk_used": 3.7993240356445312,
                "disk_free": 24.20275115966797,
                "virtual_used": 1.0615730285644531,
                "virtual_free": 2.685382843017578,
                "sample": 1
            }
        ],
        "response_time": 0.008493185043334961
    }
}