{
    "delete": {
        "baseline": {
            "cpu_util": 0.0,
            "disk_read": 0.3494758605957031,
            "disk_write": 4.010839462280273,
            "disk_used": 3.8913421630859375,
            "disk_free": 24.110733032226562,
            "virtual_used": 1.1544456481933594,
            "virtual_free": 2.5925216674804688
        },
        "samples": [
            {
                "cpu_util": 0.0,
                "disk_read": 0.3494758605957031,
                "disk_write": 4.010881423950195,
                "disk_used": 3.8913421630859375,
                "disk_free": 24.110733032226562,
                "virtual_used": 1.1544380187988281,
                "virtual_free": 2.592529296875,
                "sample": 1
            }
        ],
        "response_time": 0.0008447170257568359
    },
    "create": {
        "baseline": {
            "cpu_util": 0.0,
            "disk_read": 0.3494758605957031,
            "disk_write": 4.010881423950195,
            "disk_used": 3.891345977783203,
            "disk_free": 24.110729217529297,
            "virtual_used": 1.1544380187988281,
            "virtual_free": 2.592529296875
        },
        "samples": [
            {
                "cpu_util": 4.8,
                "disk_read": 0.3494758605957031,
                "disk_write": 4.01103401184082,
                "disk_used": 3.8913536071777344,
                "disk_free": 24.110721588134766,
                "virtual_used": 1.1546630859375,
                "virtual_free": 2.592304229736328,
                "sample": 1
            }
        ],
        "response_time": 0.017941951751708984
    },
    "updateManyStruct": {
        "baseline": {
            "cpu_util": 0.0,
            "disk_read": 0.3494758605957031,
            "disk_write": 4.01103401184082,
            "disk_used": 3.8913536071777344,
            "disk_free": 24.110721588134766,
            "virtual_used": 1.1546630859375,
            "virtual_free": 2.592304229736328
        },
        "samples": [
            {
                "cpu_util": 9.5,
                "disk_read": 0.3494758605957031,
                "disk_write": 4.011072158813477,
                "disk_used": 3.8913536071777344,
                "disk_free": 24.110721588134766,
                "virtual_used": 1.1546630859375,
                "virtual_free": 2.592304229736328,
                "sample": 1
            }
        ],
        "response_time": 0.002260923385620117
    }
}