{
    "delete": {
        "baseline": {
            "cpu_util": 0.0,
            "disk_read": 16.93899393081665,
            "disk_write": 5.019063949584961,
            "disk_used": 3.8848609924316406,
            "disk_free": 24.11721420288086,
            "virtual_used": 1.1046295166015625,
            "virtual_free": 0.7612380981445312
        },
        "samples": [
            {
                "cpu_util": 0.0,
                "disk_read": 16.93899393081665,
                "disk_write": 5.019067764282227,
                "disk_used": 3.8848609924316406,
                "disk_free": 24.11721420288086,
                "virtual_used": 1.1046295166015625,
                "virtual_free": 0.7612380981445312,
                "sample": 1
            }
        ],
        "response_time": 0.0009491443634033203
    },
    "create": {
        "baseline": {
            "cpu_util": 0.0,
            "disk_read": 16.93899393081665,
            "disk_write": 5.019067764282227,
            "disk_used": 3.8848609924316406,
            "disk_free": 24.11721420288086,
            "virtual_used": 1.1046295166015625,
            "virtual_free": 0.7612380981445312
        },
        "samples": [
            {
                "cpu_util": 80.0,
                "disk_read": 16.93899393081665,
                "disk_write": 5.019067764282227,
                "disk_used": 3.888324737548828,
                "disk_free": 24.113750457763672,
                "virtual_used": 1.1019210815429688,
                "virtual_free": 0.763946533203125,
                "sample": 1
            },
            {
                "cpu_util": 50.0,
                "disk_read": 16.93899393081665,
                "disk_write": 5.019735336303711,
                "disk_used": 3.8883323669433594,
                "disk_free": 24.11374282836914,
                "virtual_used": 1.1058311462402344,
                "virtual_free": 0.7600364685058594,
                "sample": 2
            },
            {
                "cpu_util": 52.4,
                "disk_read": 16.93899393081665,
                "disk_write": 5.022165298461914,
                "disk_used": 3.8883323669433594,
                "disk_free": 24.11374282836914,
                "virtual_used": 1.1041488647460938,
                "virtual_free": 0.76171875,
                "sample": 3
            },
            {
                "cpu_util": 90.9,
                "disk_read": 16.93899393081665,
                "disk_write": 5.02391242980957,
                "disk_used": 3.891124725341797,
                "disk_free": 24.110950469970703,
                "virtual_used": 1.1219329833984375,
                "virtual_free": 0.7439346313476562,
                "sample": 4
            }
        ],
        "response_time": 1.1954858303070068
    },
    "aggregateStruct": {
        "baseline": {
            "cpu_util": 0.0,
            "disk_read": 16.93899393081665,
            "disk_write": 5.02391242980957,
            "disk_used": 3.8933563232421875,
            "disk_free": 24.108718872070312,
            "virtual_used": 1.1195564270019531,
            "virtual_free": 0.7463111877441406
        },
        "samples": [
            {
                "cpu_util": 28.6,
                "disk_read": 16.93899393081665,
                "disk_write": 5.02391242980957,
                "disk_used": 3.8933563232421875,
                "disk_free": 24.108718872070312,
                "virtual_used": 1.119537353515625,
                "virtual_free": 0.7463302612304688,
                "sample": 1
            }
        ],
        "response_time": 0.052278757095336914
    }
}