{
    "delete": {
        "baseline": {
            "cpu_util": 0.0,
            "disk_read": 12.483036041259766,
            "disk_write": 5.919557571411133,
            "disk_used": 4.010326385498047,
            "disk_free": 23.991748809814453,
            "virtual_used": 1.0265121459960938,
            "virtual_free": 0.83935546875
        },
        "samples": [
            {
                "cpu_util": 0.0,
                "disk_read": 12.483036041259766,
                "disk_write": 5.919561386108398,
                "disk_used": 4.010326385498047,
                "disk_free": 23.991748809814453,
                "virtual_used": 1.0265121459960938,
                "virtual_free": 0.83935546875,
                "sample": 1
            }
        ],
        "response_time": 0.0010099411010742188
    },
    "create": {
        "baseline": {
            "cpu_util": 0.0,
            "disk_read": 12.483036041259766,
            "disk_write": 5.919561386108398,
            "disk_used": 4.010326385498047,
            "disk_free": 23.991748809814453,
            "virtual_used": 1.0265121459960938,
            "virtual_free": 0.83935546875
        },
        "samples": [
            {
                "cpu_util": 9.5,
                "disk_read": 12.483036041259766,
                "disk_write": 5.919767379760742,
                "disk_used": 4.010337829589844,
                "disk_free": 23.991737365722656,
                "virtual_used": 1.0264930725097656,
                "virtual_free": 0.8393745422363281,
                "sample": 1
            }
        ],
        "response_time": 0.019329309463500977
    },
    "aggregateStruct": {
        "baseline": {
            "cpu_util": 0.0,
            "disk_read": 12.483036041259766,
            "disk_write": 5.919767379760742,
            "disk_used": 4.010337829589844,
            "disk_free": 23.991737365722656,
            "virtual_used": 1.0264701843261719,
            "virtual_free": 0.8393974304199219
        },
        "samples": [
            {
                "cpu_util": 4.8,
                "disk_read": 12.483036041259766,
                "disk_write": 5.919767379760742,
                "disk_used": 4.010337829589844,
                "disk_free": 23.991737365722656,
                "virtual_used": 1.0247344970703125,
                "virtual_free": 0.8411331176757812,
                "sample": 1
            }
        ],
        "response_time": 0.001367330551147461
    }
}