{
    "delete": {
        "baseline": {
            "cpu_util": 4.8,
            "disk_read": 12.483036041259766,
            "disk_write": 5.919984817504883,
            "disk_used": 4.010353088378906,
            "disk_free": 23.991722106933594,
            "virtual_used": 1.0246772766113281,
            "virtual_free": 0.8411903381347656
        },
        "samples": [
            {
                "cpu_util": 0.0,
                "disk_read": 12.483036041259766,
                "disk_write": 5.919988632202148,
                "disk_used": 4.010353088378906,
                "disk_free": 23.991722106933594,
                "virtual_used": 1.0246772766113281,
                "virtual_free": 0.8411903381347656,
                "sample": 1
            }
        ],
        "response_time": 0.0009839534759521484
    },
    "create": {
        "baseline": {
            "cpu_util": 0.0,
            "disk_read": 12.483036041259766,
            "disk_write": 5.919988632202148,
            "disk_used": 4.010353088378906,
            "disk_free": 23.991722106933594,
            "virtual_used": 1.0246772766113281,
            "virtual_free": 0.8411903381347656
        },
        "samples": [
            {
                "cpu_util": 4.8,
                "disk_read": 12.483036041259766,
                "disk_write": 5.920164108276367,
                "disk_used": 4.0103607177734375,
                "disk_free": 23.991714477539062,
                "virtual_used": 1.0246620178222656,
                "virtual_free": 0.8412055969238281,
                "sample": 1
            }
        ],
        "response_time": 0.020000696182250977
    },
    "aggregateStruct": {
        "baseline": {
            "cpu_util": 4.8,
            "disk_read": 12.483036041259766,
            "disk_write": 5.920164108276367,
            "disk_used": 4.0103607177734375,
            "disk_free": 23.991714477539062,
            "virtual_used": 1.024658203125,
            "virtual_free": 0.8412094116210938
        },
        "samples": [
            {
                "cpu_util": 4.8,
                "disk_read": 12.483036041259766,
                "disk_write": 5.920164108276367,
                "disk_used": 4.0103607177734375,
                "disk_free": 23.991714477539062,
                "virtual_used": 1.0246391296386719,
                "virtual_free": 0.8412284851074219,
                "sample": 1
            }
        ],
        "response_time": 0.0013322830200195312
    }
}