{
    "delete": {
        "baseline": {
            "cpu_util": 0.0,
            "disk_read": 0.3510246276855469,
            "disk_write": 3.004812240600586,
            "disk_used": 3.983623504638672,
            "disk_free": 24.018451690673828,
            "virtual_used": 1.00128173828125,
            "virtual_free": 0.8645858764648438
        },
        "samples": [
            {
                "cpu_util": 0.0,
                "disk_read": 0.3510246276855469,
                "disk_write": 3.0048160552978516,
                "disk_used": 3.9836273193359375,
                "disk_free": 24.018447875976562,
                "virtual_used": 1.0012779235839844,
                "virtual_free": 0.8645896911621094,
                "sample": 1
            }
        ],
        "response_time": 0.0010216236114501953
    },
    "create": {
        "baseline": {
            "cpu_util": 5.3,
            "disk_read": 0.3510246276855469,
            "disk_write": 3.0048160552978516,
            "disk_used": 3.9836273193359375,
            "disk_free": 24.018447875976562,
            "virtual_used": 1.0012779235839844,
            "virtual_free": 0.8645896911621094
        },
        "samples": [
            {
                "cpu_util": 5.0,
                "disk_read": 0.3510246276855469,
                "disk_write": 3.0050830841064453,
                "disk_used": 3.9836349487304688,
                "disk_free": 24.01844024658203,
                "virtual_used": 1.0011863708496094,
                "virtual_free": 0.8646812438964844,
                "sample": 1
            }
        ],
        "response_time": 0.029484033584594727
    },
    "insertOneThenUpdateTimestampUnstruct": {
        "baseline": {
            "cpu_util": 0.0,
            "disk_read": 0.3510246276855469,
            "disk_write": 3.0050830841064453,
            "disk_used": 3.9836349487304688,
            "disk_free": 24.01844024658203,
            "virtual_used": 1.0011863708496094,
            "virtual_free": 0.8646812438964844
        },
        "samples": [
            {
                "cpu_util": 0.0,
                "disk_read": 0.3510246276855469,
                "disk_write": 3.005086898803711,
                "disk_used": 3.9836349487304688,
                "disk_free": 24.01844024658203,
                "virtual_used": 1.0011863708496094,
                "virtual_free": 0.8646812438964844,
                "sample": 1
            }
        ],
        "response_time": 0.002100229263305664
    }
}