{
    "delete": {
        "baseline": {
            "cpu_util": 0.0,
            "disk_read": 0.3399085998535156,
            "disk_write": 1.7696704864501953,
            "disk_used": 3.909088134765625,
            "disk_free": 24.092987060546875,
            "virtual_used": 1.3724899291992188,
            "virtual_free": 2.3744773864746094
        },
        "samples": [
            {
                "cpu_util": 45.0,
                "disk_read": 0.3399085998535156,
                "disk_write": 1.7697391510009766,
                "disk_used": 3.914398193359375,
                "disk_free": 24.087677001953125,
                "virtual_used": 1.3780097961425781,
                "virtual_free": 2.36895751953125,
                "sample": 1
            }
        ],
        "response_time": 0.0008823871612548828
    },
    "create": {
        "baseline": {
            "cpu_util": 9.5,
            "disk_read": 0.3399085998535156,
            "disk_write": 1.7698040008544922,
            "disk_used": 4.019092559814453,
            "disk_free": 23.982982635498047,
            "virtual_used": 1.3747444152832031,
            "virtual_free": 2.372222900390625
        },
        "samples": [
            {
                "cpu_util": 50.8,
                "disk_read": 0.3399085998535156,
                "disk_write": 1.7698040008544922,
                "disk_used": 4.019092559814453,
                "disk_free": 23.982982635498047,
                "virtual_used": 1.3748130798339844,
                "virtual_free": 2.3721542358398438,
                "sample": 1
            },
            {
                "cpu_util": 59.3,
                "disk_read": 0.3399085998535156,
                "disk_write": 1.7698040008544922,
                "disk_used": 4.019092559814453,
                "disk_free": 23.982982635498047,
                "virtual_used": 1.3819847106933594,
                "virtual_free": 2.3649826049804688,
                "sample": 2
            },
            {
                "cpu_util": 47.4,
                "disk_read": 0.3399085998535156,
                "disk_write": 1.7736148834228516,
                "disk_used": 4.019100189208984,
                "disk_free": 23.982975006103516,
                "virtual_used": 1.3852920532226562,
                "virtual_free": 2.361675262451172,
                "sample": 3
            },
            {
                "cpu_util": 52.6,
                "disk_read": 0.3399085998535156,
                "disk_write": 1.7786388397216797,
                "disk_used": 4.019100189208984,
                "disk_free": 23.982975006103516,
                "virtual_used": 1.3882942199707031,
                "virtual_free": 2.358673095703125,
                "sample": 4
            }
        ],
        "response_time": 1.155688762664795
    },
    "replaceOneUnstruct": {
        "baseline": {
            "cpu_util": 0.0,
            "disk_read": 0.3399085998535156,
            "disk_write": 1.7793598175048828,
            "disk_used": 4.019100189208984,
            "disk_free": 23.982975006103516,
            "virtual_used": 1.3804740905761719,
            "virtual_free": 2.3664932250976562
        },
        "samples": [
            {
                "cpu_util": 50.0,
                "disk_read": 0.3399085998535156,
                "disk_write": 1.7793636322021484,
                "disk_used": 4.019100189208984,
                "disk_free": 23.982975006103516,
                "virtual_used": 1.3804740905761719,
                "virtual_free": 2.3664932250976562,
                "sample": 1
            }
        ],
        "response_time": 0.08844804763793945
    }
}