{
    "delete": {
        "baseline": {
            "cpu_util": 0.0,
            "disk_read": 0.34622669219970703,
            "disk_write": 2.8105907440185547,
            "disk_used": 3.8817672729492188,
            "disk_free": 24.12030792236328,
            "virtual_used": 0.9357147216796875,
            "virtual_free": 0.9301528930664062
        },
        "samples": [
            {
                "cpu_util": 0.0,
                "disk_read": 0.34622669219970703,
                "disk_write": 2.8105945587158203,
                "disk_used": 3.8817672729492188,
                "disk_free": 24.12030792236328,
                "virtual_used": 0.9357070922851562,
                "virtual_free": 0.9301605224609375,
                "sample": 1
            }
        ],
        "response_time": 0.0008664131164550781
    },
    "create": {
        "baseline": {
            "cpu_util": 4.8,
            "disk_read": 0.34622669219970703,
            "disk_write": 2.8105945587158203,
            "disk_used": 3.8817672729492188,
            "disk_free": 24.12030792236328,
            "virtual_used": 0.9357070922851562,
            "virtual_free": 0.9301605224609375
        },
        "samples": [
            {
                "cpu_util": 9.5,
                "disk_read": 0.34622669219970703,
                "disk_write": 2.810850143432617,
                "disk_used": 3.8817787170410156,
                "disk_free": 24.120296478271484,
                "virtual_used": 0.9365310668945312,
                "virtual_free": 0.9293365478515625,
                "sample": 1
            }
        ],
        "response_time": 0.018759965896606445
    },
    "insertManyUnstruct": {
        "baseline": {
            "cpu_util": 0.0,
            "disk_read": 0.34622669219970703,
            "disk_write": 2.810850143432617,
            "disk_used": 3.8817787170410156,
            "disk_free": 24.120296478271484,
            "virtual_used": 0.9365310668945312,
            "virtual_free": 0.9293365478515625
        },
        "samples": [
            {
                "cpu_util": 51.2,
                "disk_read": 0.34622669219970703,
                "disk_write": 2.810850143432617,
                "disk_used": 3.8817787170410156,
                "disk_free": 24.120296478271484,
                "virtual_used": 0.9365310668945312,
                "virtual_free": 0.9293365478515625,
                "sample": 1
            },
            {
                "cpu_util": 57.1,
                "disk_read": 0.34622669219970703,
                "disk_write": 2.8113346099853516,
                "disk_used": 3.8817787170410156,
                "disk_free": 24.120296478271484,
                "virtual_used": 0.929229736328125,
                "virtual_free": 0.9366378784179688,
                "sample": 2
            },
            {
                "cpu_util": 59.1,
                "disk_read": 0.34622669219970703,
                "disk_write": 2.815340042114258,
                "disk_used": 3.882232666015625,
                "disk_free": 24.119842529296875,
                "virtual_used": 0.9322280883789062,
                "virtual_free": 0.9336395263671875,
                "sample": 3
            },
            {
                "cpu_util": 80.0,
                "disk_read": 0.34622669219970703,
                "disk_write": 2.8191890716552734,
                "disk_used": 3.887096405029297,
                "disk_free": 24.114978790283203,
                "virtual_used": 0.9350318908691406,
                "virtual_free": 0.9308357238769531,
                "sample": 4
            },
            {
                "cpu_util": 4.5,
                "disk_read": 0.34622669219970703,
                "disk_write": 2.8203983306884766,
                "disk_used": 3.892780303955078,
                "disk_free": 24.109294891357422,
                "virtual_used": 0.9318351745605469,
                "virtual_free": 0.9340324401855469,
                "sample": 5
            }
        ],
        "response_time": 1.0763156414031982
    }
}