{
    "delete": {
        "baseline": {
            "cpu_util": 4.8,
            "disk_read": 0.34246397018432617,
            "disk_write": 2.9669017791748047,
            "disk_used": 3.7998733520507812,
            "disk_free": 24.20220184326172,
            "virtual_used": 1.0982208251953125,
            "virtual_free": 2.6487350463867188
        },
        "samples": [
            {
                "cpu_util": 0.0,
                "disk_read": 0.34246397018432617,
                "disk_write": 2.9669055938720703,
                "disk_used": 3.799877166748047,
                "disk_free": 24.202198028564453,
                "virtual_used": 1.0982093811035156,
                "virtual_free": 2.6487464904785156,
                "sample": 1
            }
        ],
        "response_time": 0.0010967254638671875
    },
    "create": {
        "baseline": {
            "cpu_util": 0.0,
            "disk_read": 0.34246397018432617,
            "disk_write": 2.9669055938720703,
            "disk_used": 3.799877166748047,
            "disk_free": 24.202198028564453,
            "virtual_used": 1.0982093811035156,
            "virtual_free": 2.6487464904785156
        },
        "samples": [
            {
                "cpu_util": 5.0,
                "disk_read": 0.34246397018432617,
                "disk_write": 2.9670848846435547,
                "disk_used": 3.799884796142578,
                "disk_free": 24.202190399169922,
                "virtual_used": 1.0981864929199219,
                "virtual_free": 2.6487693786621094,
                "sample": 1
            }
        ],
        "response_time": 0.012191295623779297
    },
    "readOneUnstruct": {
        "baseline": {
            "cpu_util": 0.0,
            "disk_read": 0.34246397018432617,
            "disk_write": 2.9670848846435547,
            "disk_used": 3.799884796142578,
            "disk_free": 24.202190399169922,
            "virtual_used": 1.0981864929199219,
            "virtual_free": 2.6487693786621094
        },
        "samples": [
            {
                "cpu_util": 4.8,
                "disk_read": 0.34246397018432617,
                "disk_write": 2.9670848846435547,
                "disk_used": 3.799884796142578,
                "disk_free": 24.202190399169922,
                "virtual_used": 1.0981864929199219,
                "virtual_free": 2.6487693786621094,
                "sample": 1
            }
        ],
        "response_time": 0.0016851425170898438
    }
}