{
    "delete": {
        "baseline": {
            "cpu_util": 0.0,
            "disk_read": 0.34246397018432617,
            "disk_write": 2.966714859008789,
            "disk_used": 3.7998619079589844,
            "disk_free": 24.202213287353516,
            "virtual_used": 1.0982513427734375,
            "virtual_free": 2.6487045288085938
        },
        "samples": [
            {
                "cpu_util": 0.0,
                "disk_read": 0.34246397018432617,
                "disk_write": 2.9667186737060547,
                "disk_used": 3.7998619079589844,
                "disk_free": 24.202213287353516,
                "virtual_used": 1.0982475280761719,
                "virtual_free": 2.6487083435058594,
                "sample": 1
            }
        ],
        "response_time": 0.00086212158203125
    },
    "create": {
        "baseline": {
            "cpu_util": 5.0,
            "disk_read": 0.34246397018432617,
            "disk_write": 2.9667186737060547,
            "disk_used": 3.7998619079589844,
            "disk_free": 24.202213287353516,
            "virtual_used": 1.0982475280761719,
            "virtual_free": 2.6487083435058594
        },
        "samples": [
            {
                "cpu_util": 4.8,
                "disk_read": 0.34246397018432617,
                "disk_write": 2.9669017791748047,
                "disk_used": 3.7998695373535156,
                "disk_free": 24.202205657958984,
                "virtual_used": 1.0982208251953125,
                "virtual_free": 2.6487350463867188,
                "sample": 1
            }
        ],
        "response_time": 0.012344837188720703
    },
    "readOneUnstruct": {
        "baseline": {
            "cpu_util": 0.0,
            "disk_read": 0.34246397018432617,
            "disk_write": 2.9669017791748047,
            "disk_used": 3.7998695373535156,
            "disk_free": 24.202205657958984,
            "virtual_used": 1.0982208251953125,
            "virtual_free": 2.6487350463867188
        },
        "samples": [
            {
                "cpu_util": 0.0,
                "disk_read": 0.34246397018432617,
                "disk_write": 2.9669017791748047,
                "disk_used": 3.7998695373535156,
                "disk_free": 24.202205657958984,
                "virtual_used": 1.0982208251953125,
                "virtual_free": 2.6487350463867188,
                "sample": 1
            }
        ],
        "response_time": 0.0018649101257324219
    }
}