{
    "delete": {
        "baseline": {
            "cpu_util": 52.6,
            "disk_read": 1.4435906410217285,
            "disk_write": 28.667573928833008,
            "disk_used": 5.047676086425781,
            "disk_free": 22.95439910888672,
            "virtual_used": 2.9902687072753906,
            "virtual_free": 0.756683349609375
        },
        "samples": [
            {
                "cpu_util": 52.4,
                "disk_read": 1.4435906410217285,
                "disk_write": 28.667577743530273,
                "disk_used": 5.047676086425781,
                "disk_free": 22.95439910888672,
                "virtual_used": 2.9902687072753906,
                "virtual_free": 0.756683349609375,
                "sample": 1
            }
        ],
        "response_time": 0.0009531974792480469
    },
    "create": {
        "baseline": {
            "cpu_util": 50.0,
            "disk_read": 1.4435906410217285,
            "disk_write": 28.667604446411133,
            "disk_used": 5.047676086425781,
            "disk_free": 22.95439910888672,
            "virtual_used": 2.990264892578125,
            "virtual_free": 0.7566871643066406
        },
        "samples": [
            {
                "cpu_util": 52.6,
                "disk_read": 1.4435906410217285,
                "disk_write": 28.667753219604492,
                "disk_used": 5.0476837158203125,
                "disk_free": 22.954391479492188,
                "virtual_used": 2.990253448486328,
                "virtual_free": 0.7566986083984375,
                "sample": 1
            }
        ],
        "response_time": 0.01972651481628418
    },
    "updateManyStruct": {
        "baseline": {
            "cpu_util": 50.0,
            "disk_read": 1.4435906410217285,
            "disk_write": 28.66777992248535,
            "disk_used": 5.0476837158203125,
            "disk_free": 22.954391479492188,
            "virtual_used": 2.9902496337890625,
            "virtual_free": 0.7567024230957031
        },
        "samples": [
            {
                "cpu_util": 52.4,
                "disk_read": 1.4435906410217285,
                "disk_write": 28.66779899597168,
                "disk_used": 5.0476837158203125,
                "disk_free": 22.954391479492188,
                "virtual_used": 2.990245819091797,
                "virtual_free": 0.7567062377929688,
                "sample": 1
            }
        ],
        "response_time": 0.001318216323852539
    }
}