{
    "delete": {
        "baseline": {
            "cpu_util": 0.0,
            "disk_read": 0.5024027824401855,
            "disk_write": 5.114984512329102,
            "disk_used": 3.9561691284179688,
            "disk_free": 24.04590606689453,
            "virtual_used": 1.0170021057128906,
            "virtual_free": 0.8488655090332031
        },
        "samples": [
            {
                "cpu_util": 0.0,
                "disk_read": 0.5024027824401855,
                "disk_write": 5.115026473999023,
                "disk_used": 3.9561691284179688,
                "disk_free": 24.04590606689453,
                "virtual_used": 1.017242431640625,
                "virtual_free": 0.8486251831054688,
                "sample": 1
            }
        ],
        "response_time": 0.0009243488311767578
    },
    "create": {
        "baseline": {
            "cpu_util": 0.0,
            "disk_read": 0.5024027824401855,
            "disk_write": 5.115060806274414,
            "disk_used": 3.961109161376953,
            "disk_free": 24.040966033935547,
            "virtual_used": 1.0195465087890625,
            "virtual_free": 0.8463211059570312
        },
        "samples": [
            {
                "cpu_util": 9.5,
                "disk_read": 0.5024027824401855,
                "disk_write": 5.11528205871582,
                "disk_used": 3.9611167907714844,
                "disk_free": 24.040958404541016,
                "virtual_used": 1.0194625854492188,
                "virtual_free": 0.846405029296875,
                "sample": 1
            }
        ],
        "response_time": 0.028659582138061523
    },
    "insertManyStruct": {
        "baseline": {
            "cpu_util": 0.0,
            "disk_read": 0.5024027824401855,
            "disk_write": 5.115350723266602,
            "disk_used": 3.96112060546875,
            "disk_free": 24.04095458984375,
            "virtual_used": 1.0194473266601562,
            "virtual_free": 0.8464202880859375
        },
        "samples": [
            {
                "cpu_util": 52.0,
                "disk_read": 0.5024027824401855,
                "disk_write": 5.115350723266602,
                "disk_used": 3.96112060546875,
                "disk_free": 24.04095458984375,
                "virtual_used": 1.0194473266601562,
                "virtual_free": 0.8464202880859375,
                "sample": 1
            },
            {
                "cpu_util": 52.2,
                "disk_read": 0.5024027824401855,
                "disk_write": 5.115350723266602,
                "disk_used": 3.96112060546875,
                "disk_free": 24.04095458984375,
                "virtual_used": 1.0317192077636719,
                "virtual_free": 0.8341484069824219,
                "sample": 2
            },
            {
                "cpu_util": 50.0,
                "disk_read": 0.5024027824401855,
                "disk_write": 5.117361068725586,
                "disk_used": 3.9611968994140625,
                "disk_free": 24.040878295898438,
                "virtual_used": 1.0257453918457031,
                "virtual_free": 0.8401222229003906,
                "sample": 3
            },
            {
                "cpu_util": 47.6,
                "disk_read": 0.5024027824401855,
                "disk_write": 5.119630813598633,
                "disk_used": 3.9615631103515625,
                "disk_free": 24.040512084960938,
                "virtual_used": 1.0271873474121094,
                "virtual_free": 0.8386802673339844,
                "sample": 4
            }
        ],
        "response_time": 1.1501338481903076
    }
}