{
    "delete": {
        "baseline": {
            "cpu_util": 0.0,
            "disk_read": 0.34986066818237305,
            "disk_write": 6.057855606079102,
            "disk_used": 4.45013427734375,
            "disk_free": 23.55194091796875,
            "virtual_used": 2.7781982421875,
            "virtual_free": 0.9687576293945312
        },
        "samples": [
            {
                "cpu_util": 0.0,
                "disk_read": 0.34986066818237305,
                "disk_write": 6.057859420776367,
                "disk_used": 4.45013427734375,
                "disk_free": 23.55194091796875,
                "virtual_used": 2.7781982421875,
                "virtual_free": 0.9687576293945312,
                "sample": 1
            }
        ],
        "response_time": 0.0008709430694580078
    },
    "create": {
        "baseline": {
            "cpu_util": 0.0,
            "disk_read": 0.34986066818237305,
            "disk_write": 6.057859420776367,
            "disk_used": 4.45013427734375,
            "disk_free": 23.55194091796875,
            "virtual_used": 2.7781982421875,
            "virtual_free": 0.9687576293945312
        },
        "samples": [
            {
                "cpu_util": 52.0,
                "disk_read": 0.34986066818237305,
                "disk_write": 6.057859420776367,
                "disk_used": 4.45013427734375,
                "disk_free": 23.55194091796875,
                "virtual_used": 2.7818031311035156,
                "virtual_free": 0.9651527404785156,
                "sample": 1
            },
            {
                "cpu_util": 50.0,
                "disk_read": 0.34986066818237305,
                "disk_write": 6.057859420776367,
                "disk_used": 4.45013427734375,
                "disk_free": 23.55194091796875,
                "virtual_used": 2.7933311462402344,
                "virtual_free": 0.9536247253417969,
                "sample": 2
            },
            {
                "cpu_util": 52.0,
                "disk_read": 0.34986066818237305,
                "disk_write": 6.057859420776367,
                "disk_used": 4.45013427734375,
                "disk_free": 23.55194091796875,
                "virtual_used": 2.786174774169922,
                "virtual_free": 0.9607810974121094,
                "sample": 3
            },
            {
                "cpu_util": 50.0,
                "disk_read": 0.34986066818237305,
                "disk_write": 6.057859420776367,
                "disk_used": 4.45013427734375,
                "disk_free": 23.55194091796875,
                "virtual_used": 2.7936248779296875,
                "virtual_free": 0.9533309936523438,
                "sample": 4
            },
            {
                "cpu_util": 54.2,
                "disk_read": 0.34986066818237305,
                "disk_write": 6.057859420776367,
                "disk_used": 4.45013427734375,
                "disk_free": 23.55194091796875,
                "virtual_used": 2.8260421752929688,
                "virtual_free": 0.9209136962890625,
                "sample": 5
            },
            {
                "cpu_util": 57.1,
                "disk_read": 0.34986066818237305,
                "disk_write": 6.157480239868164,
                "disk_used": 4.450141906738281,
                "disk_free": 23.55193328857422,
                "virtual_used": 2.850078582763672,
                "virtual_free": 0.8968772888183594,
                "sample": 6
            },
            {
                "cpu_util": 52.4,
                "disk_read": 0.34986066818237305,
                "disk_write": 6.161710739135742,
                "disk_used": 4.450141906738281,
                "disk_free": 23.55193328857422,
                "virtual_used": 2.8525352478027344,
                "virtual_free": 0.8944206237792969,
                "sample": 7
            },
            {
                "cpu_util": 52.2,
                "disk_read": 0.34986066818237305,
                "disk_write": 6.166879653930664,
                "disk_used": 4.450141906738281,
                "disk_free": 23.55193328857422,
                "virtual_used": 2.8660049438476562,
                "virtual_free": 0.880950927734375,
                "sample": 8
            },
            {
                "cpu_util": 47.6,
                "disk_read": 0.34986066818237305,
                "disk_write": 6.169042587280273,
                "disk_used": 4.450141906738281,
                "disk_free": 23.55193328857422,
                "virtual_used": 2.8405494689941406,
                "virtual_free": 0.9064064025878906,
                "sample": 9
            },
            {
                "cpu_util": 100.0,
                "disk_read": 0.34986066818237305,
                "disk_write": 6.17268180847168,
                "disk_used": 4.458202362060547,
                "disk_free": 23.543872833251953,
                "virtual_used": 2.8599472045898438,
                "virtual_free": 0.8870086669921875,
                "sample": 10
            },
            {
                "cpu_util": 57.9,
                "disk_read": 0.34986066818237305,
                "disk_write": 6.175760269165039,
                "disk_used": 4.467018127441406,
                "disk_free": 23.535057067871094,
                "virtual_used": 2.8783950805664062,
                "virtual_free": 0.868560791015625,
                "sample": 11
            },
            {
                "cpu_util": 57.9,
                "disk_read": 0.34986066818237305,
                "disk_write": 6.176774978637695,
                "disk_used": 4.467021942138672,
                "disk_free": 23.535053253173828,
                "virtual_used": 2.866741180419922,
                "virtual_free": 0.8802146911621094,
                "sample": 12
            },
            {
                "cpu_util": 52.4,
                "disk_read": 0.34986066818237305,
                "disk_write": 6.182363510131836,
                "disk_used": 4.467021942138672,
                "disk_free": 23.535053253173828,
                "virtual_used": 2.8673667907714844,
                "virtual_free": 0.8795890808105469,
                "sample": 13
            },
            {
                "cpu_util": 57.7,
                "disk_read": 0.34986066818237305,
                "disk_write": 6.18574333190918,
                "disk_used": 4.467021942138672,
                "disk_free": 23.535053253173828,
                "virtual_used": 2.9048614501953125,
                "virtual_free": 0.8420944213867188,
                "sample": 14
            },
            {
                "cpu_util": 57.9,
                "disk_read": 0.34986066818237305,
                "disk_write": 6.188871383666992,
                "disk_used": 4.4670257568359375,
                "disk_free": 23.535049438476562,
                "virtual_used": 2.8705825805664062,
                "virtual_free": 0.876373291015625,
                "sample": 15
            },
            {
                "cpu_util": 100.0,
                "disk_read": 0.34986066818237305,
                "disk_write": 6.191984176635742,
                "disk_used": 4.482975006103516,
                "disk_free": 23.519100189208984,
                "virtual_used": 2.8825531005859375,
                "virtual_free": 0.8644027709960938,
                "sample": 16
            },
            {
                "cpu_util": 61.5,
                "disk_read": 0.34986066818237305,
                "disk_write": 6.195287704467773,
                "disk_used": 4.4868621826171875,
                "disk_free": 23.515213012695312,
                "virtual_used": 2.904296875,
                "virtual_free": 0.8426589965820312,
                "sample": 17
            },
            {
                "cpu_util": 52.4,
                "disk_read": 0.34986066818237305,
                "disk_write": 6.199026107788086,