{
    "delete": {
        "baseline": {
            "cpu_util": 0.0,
            "disk_read": 0.3498568534851074,
            "disk_write": 5.66773796081543,
            "disk_used": 4.052898406982422,
            "disk_free": 23.949176788330078,
            "virtual_used": 2.717803955078125,
            "virtual_free": 1.0291519165039062
        },
        "samples": [
            {
                "cpu_util": 0.0,
                "disk_read": 0.3498568534851074,
                "disk_write": 5.667791366577148,
                "disk_used": 4.0529022216796875,
                "disk_free": 23.949172973632812,
                "virtual_used": 2.7178001403808594,
                "virtual_free": 1.0291557312011719,
                "sample": 1
            }
        ],
        "response_time": 0.0008547306060791016
    },
    "create": {
        "baseline": {
            "cpu_util": 0.0,
            "disk_read": 0.3498568534851074,
            "disk_write": 5.667791366577148,
            "disk_used": 4.0529022216796875,
            "disk_free": 23.949172973632812,
            "virtual_used": 2.7180137634277344,
            "virtual_free": 1.0289421081542969
        },
        "samples": [
            {
                "cpu_util": 52.0,
                "disk_read": 0.3498568534851074,
                "disk_write": 5.667791366577148,
                "disk_used": 4.0529022216796875,
                "disk_free": 23.949172973632812,
                "virtual_used": 2.7180137634277344,
                "virtual_free": 1.0289421081542969,
                "sample": 1
            },
            {
                "cpu_util": 50.0,
                "disk_read": 0.3498568534851074,
                "disk_write": 5.667791366577148,
                "disk_used": 4.0529022216796875,
                "disk_free": 23.949172973632812,
                "virtual_used": 2.7180137634277344,
                "virtual_free": 1.0289421081542969,
                "sample": 2
            },
            {
                "cpu_util": 51.3,
                "disk_read": 0.3498568534851074,
                "disk_write": 5.667791366577148,
                "disk_used": 4.0529022216796875,
                "disk_free": 23.949172973632812,
                "virtual_used": 2.7030868530273438,
                "virtual_free": 1.0438690185546875,
                "sample": 3
            },
            {
                "cpu_util": 52.0,
                "disk_read": 0.3498568534851074,
                "disk_write": 5.667791366577148,
                "disk_used": 4.0529022216796875,
                "disk_free": 23.949172973632812,
                "virtual_used": 2.7030715942382812,
                "virtual_free": 1.04388427734375,
                "sample": 4
            },
            {
                "cpu_util": 52.0,
                "disk_read": 0.3498568534851074,
                "disk_write": 5.667791366577148,
                "disk_used": 4.0529022216796875,
                "disk_free": 23.949172973632812,
                "virtual_used": 2.742137908935547,
                "virtual_free": 1.0048179626464844,
                "sample": 5
            },
            {
                "cpu_util": 47.6,
                "disk_read": 0.3498568534851074,
                "disk_write": 5.670896530151367,
                "disk_used": 4.052909851074219,
                "disk_free": 23.94916534423828,
                "virtual_used": 2.7131805419921875,
                "virtual_free": 1.0337753295898438,
                "sample": 6
            },
            {
                "cpu_util": 54.2,
                "disk_read": 0.3498568534851074,
                "disk_write": 5.677312850952148,
                "disk_used": 4.052909851074219,
                "disk_free": 23.94916534423828,
                "virtual_used": 2.7424697875976562,
                "virtual_free": 1.004486083984375,
                "sample": 7
            },
            {
                "cpu_util": 47.4,
                "disk_read": 0.3498568534851074,
                "disk_write": 5.679803848266602,
                "disk_used": 4.052909851074219,
                "disk_free": 23.94916534423828,
                "virtual_used": 2.706401824951172,
                "virtual_free": 1.0405540466308594,
                "sample": 8
            },
            {
                "cpu_util": 52.2,
                "disk_read": 0.3498568534851074,
                "disk_write": 5.686140060424805,
                "disk_used": 4.052909851074219,
                "disk_free": 23.94916534423828,
                "virtual_used": 2.709705352783203,
                "virtual_free": 1.0372505187988281,
                "sample": 9
            },
            {
                "cpu_util": 100.0,
                "disk_read": 0.3498568534851074,
                "disk_write": 5.686716079711914,
                "disk_used": 4.059032440185547,
                "disk_free": 23.943042755126953,
                "virtual_used": 2.7181015014648438,
                "virtual_free": 1.0288543701171875,
                "sample": 10
            },
            {
                "cpu_util": 100.0,
                "disk_read": 0.3498568534851074,
                "disk_write": 5.721685409545898,
                "disk_used": 4.073612213134766,
                "disk_free": 23.928462982177734,
                "virtual_used": 2.7241783142089844,
                "virtual_free": 1.0227775573730469,
                "sample": 11
            },
            {
                "cpu_util": 50.0,
                "disk_read": 0.3498568534851074,
                "disk_write": 5.727083206176758,
                "disk_used": 4.073612213134766,
                "disk_free": 23.928462982177734,
                "virtual_used": 2.725574493408203,
                "virtual_free": 1.0213813781738281,
                "sample": 12
            },
            {
                "cpu_util": 52.4,
                "disk_read": 0.3498568534851074,
                "disk_write": 5.729246139526367,
                "disk_used": 4.073616027832031,
                "disk_free": 23.92845916748047,
                "virtual_used": 2.7215614318847656,
                "virtual_free": 1.0253944396972656,
                "sample": 13
            },
            {
                "cpu_util": 52.4,
                "disk_read": 0.3498568534851074,
                "disk_write": 5.733102798461914,
                "disk_used": 4.073616027832031,
                "disk_free": 23.92845916748047,
                "virtual_used": 2.7241249084472656,
                "virtual_free": 1.0228309631347656,
                "sample": 14
            },
            {
                "cpu_util": 54.5,
                "disk_read": 0.3498568534851074,
                "disk_write": 5.73863410949707,
                "disk_used": 4.073616027832031,
                "disk_free": 23.92845916748047,
                "virtual_used": 2.7503280639648438,
                "virtual_free": 0.9966278076171875,
                "sample": 15
            },
            {
                "cpu_util": 100.0,
                "disk_read": 0.3498568534851074,
                "disk_write": 5.740137100219727,
                "disk_used": 4.083045959472656,
                "disk_free": 23.919029235839844,
                "virtual_used": 2.7220077514648438,
                "virtual_free": 1.0249481201171875,
                "sample": 16
            },
            {
                "cpu_util": 100.0,
                "disk_read": 0.3498568534851074,
                "disk_write": 5.757879257202148,
                "disk_used": 4.094738006591797,
                "disk_free": 23.907337188720703,
                "virtual_used": 2.729961395263672,
                "virtual_free": 1.0169944763183594,
                "sample": 17
            },
            {
                "cpu_util": 57.1,
                "disk_read": 0.3498568534851074,
                "disk_write": 5.773397445678711,