{
    "delete": {
        "baseline": {
            "cpu_util": 9.5,
            "disk_read": 0.3399085998535156,
            "disk_write": 1.021280288696289,
            "disk_used": 3.745319366455078,
            "disk_free": 24.256755828857422,
            "virtual_used": 1.0959548950195312,
            "virtual_free": 2.651012420654297
        },
        "samples": [
            {
                "cpu_util": 0.0,
                "disk_read": 0.3399085998535156,
                "disk_write": 1.0212841033935547,
                "disk_used": 3.745319366455078,
                "disk_free": 24.256755828857422,
                "virtual_used": 1.0703468322753906,
                "virtual_free": 2.6766204833984375,
                "sample": 1
            }
        ],
        "response_time": 0.001432180404663086
    },
    "create": {
        "baseline": {
            "cpu_util": 0.0,
            "disk_read": 0.3399085998535156,
            "disk_write": 1.0212841033935547,
            "disk_used": 3.745319366455078,
            "disk_free": 24.256755828857422,
            "virtual_used": 1.0703468322753906,
            "virtual_free": 2.6766204833984375
        },
        "samples": [
            {
                "cpu_util": 51.4,
                "disk_read": 0.3399085998535156,
                "disk_write": 1.0212841033935547,
                "disk_used": 3.745319366455078,
                "disk_free": 24.256755828857422,
                "virtual_used": 1.0708274841308594,
                "virtual_free": 2.6761398315429688,
                "sample": 1
            },
            {
                "cpu_util": 54.2,
                "disk_read": 0.3399085998535156,
                "disk_write": 1.0212841033935547,
                "disk_used": 3.745319366455078,
                "disk_free": 24.256755828857422,
                "virtual_used": 1.0938720703125,
                "virtual_free": 2.653095245361328,
                "sample": 2
            },
            {
                "cpu_util": 52.2,
                "disk_read": 0.3399085998535156,
                "disk_write": 1.0241069793701172,
                "disk_used": 3.745330810546875,
                "disk_free": 24.256744384765625,
                "virtual_used": 1.0839614868164062,
                "virtual_free": 2.663005828857422,
                "sample": 3
            },
            {
                "cpu_util": 52.4,
                "disk_read": 0.3399085998535156,
                "disk_write": 1.0300617218017578,
                "disk_used": 3.745330810546875,
                "disk_free": 24.256744384765625,
                "virtual_used": 1.0875892639160156,
                "virtual_free": 2.6593780517578125,
                "sample": 4
            }
        ],
        "response_time": 1.093355655670166
    },
    "insertOneUnstruct": {
        "baseline": {
            "cpu_util": 4.8,
            "disk_read": 0.3399085998535156,
            "disk_write": 1.0309696197509766,
            "disk_used": 3.745330810546875,
            "disk_free": 24.256744384765625,
            "virtual_used": 1.0875282287597656,
            "virtual_free": 2.6594390869140625
        },
        "samples": [
            {
                "cpu_util": 0.0,
                "disk_read": 0.3399085998535156,
                "disk_write": 1.0309734344482422,
                "disk_used": 3.745330810546875,
                "disk_free": 24.256744384765625,
                "virtual_used": 1.0875282287597656,
                "virtual_free": 2.6594390869140625,
                "sample": 1
            }
        ],
        "response_time": 0.0008988380432128906
    }
}