{
    "delete": {
        "baseline": {
            "cpu_util": 0.0,
            "disk_read": 0.3482065200805664,
            "disk_write": 4.085485458374023,
            "disk_used": 3.7798995971679688,
            "disk_free": 24.22217559814453,
            "virtual_used": 1.1040115356445312,
            "virtual_free": 2.6429481506347656
        },
        "samples": [
            {
                "cpu_util": 0.0,
                "disk_read": 0.3482065200805664,
                "disk_write": 4.085546493530273,
                "disk_used": 3.7799034118652344,
                "disk_free": 24.222171783447266,
                "virtual_used": 1.1040115356445312,
                "virtual_free": 2.6429481506347656,
                "sample": 1
            }
        ],
        "response_time": 0.0008895397186279297
    },
    "create": {
        "baseline": {
            "cpu_util": 0.0,
            "disk_read": 0.3482065200805664,
            "disk_write": 4.085546493530273,
            "disk_used": 3.7799034118652344,
            "disk_free": 24.222171783447266,
            "virtual_used": 1.1040115356445312,
            "virtual_free": 2.6429481506347656
        },
        "samples": [
            {
                "cpu_util": 9.5,
                "disk_read": 0.3482065200805664,
                "disk_write": 4.085718154907227,
                "disk_used": 3.7799110412597656,
                "disk_free": 24.222164154052734,
                "virtual_used": 1.1039810180664062,
                "virtual_free": 2.6429786682128906,
                "sample": 1
            }
        ],
        "response_time": 0.02376580238342285
    },
    "insertOneStruct": {
        "baseline": {
            "cpu_util": 0.0,
            "disk_read": 0.3482065200805664,
            "disk_write": 4.085721969604492,
            "disk_used": 3.7799110412597656,
            "disk_free": 24.222164154052734,
            "virtual_used": 1.1039810180664062,
            "virtual_free": 2.6429786682128906
        },
        "samples": [
            {
                "cpu_util": 0.0,
                "disk_read": 0.3482065200805664,
                "disk_write": 4.085721969604492,
                "disk_used": 3.7799110412597656,
                "disk_free": 24.222164154052734,
                "virtual_used": 1.1039810180664062,
                "virtual_free": 2.6429786682128906,
                "sample": 1
            }
        ],
        "response_time": 0.0013275146484375
    }
}