{
    "delete": {
        "baseline": {
            "cpu_util": 0.0,
            "disk_read": 0.3494758605957031,
            "disk_write": 3.8390941619873047,
            "disk_used": 3.882221221923828,
            "disk_free": 24.119853973388672,
            "virtual_used": 1.2015800476074219,
            "virtual_free": 2.5453872680664062
        },
        "samples": [
            {
                "cpu_util": 0.0,
                "disk_read": 0.3494758605957031,
                "disk_write": 3.8390941619873047,
                "disk_used": 3.882221221923828,
                "disk_free": 24.119853973388672,
                "virtual_used": 1.1946868896484375,
                "virtual_free": 2.5522804260253906,
                "sample": 1
            }
        ],
        "response_time": 0.0007290840148925781
    },
    "create": {
        "baseline": {
            "cpu_util": 0.0,
            "disk_read": 0.3494758605957031,
            "disk_write": 3.8390941619873047,
            "disk_used": 3.882221221923828,
            "disk_free": 24.119853973388672,
            "virtual_used": 1.1899642944335938,
            "virtual_free": 2.5570030212402344
        },
        "samples": [
            {
                "cpu_util": 5.3,
                "disk_read": 0.3494758605957031,
                "disk_write": 3.839265823364258,
                "disk_used": 3.8822288513183594,
                "disk_free": 24.11984634399414,
                "virtual_used": 1.1824417114257812,
                "virtual_free": 2.564525604248047,
                "sample": 1
            }
        ],
        "response_time": 0.028393983840942383
    },
    "insertOneStruct": {
        "baseline": {
            "cpu_util": 0.0,
            "disk_read": 0.3494758605957031,
            "disk_write": 3.8393383026123047,
            "disk_used": 3.8822288513183594,
            "disk_free": 24.11984634399414,
            "virtual_used": 1.1823959350585938,
            "virtual_free": 2.5645713806152344
        },
        "samples": [
            {
                "cpu_util": 0.0,
                "disk_read": 0.3494758605957031,
                "disk_write": 3.8393421173095703,
                "disk_used": 3.8822288513183594,
                "disk_free": 24.11984634399414,
                "virtual_used": 1.1826362609863281,
                "virtual_free": 2.5643310546875,
                "sample": 1
            }
        ],
        "response_time": 0.0007216930389404297
    }
}