{
    "delete": {
        "baseline": {
            "cpu_util": 13.6,
            "disk_read": 0.7332415580749512,
            "disk_write": 14.545236587524414,
            "disk_used": 3.8531036376953125,
            "disk_free": 24.148971557617188,
            "virtual_used": 1.4811744689941406,
            "virtual_free": 2.2657814025878906
        },
        "samples": [
            {
                "cpu_util": 0.0,
                "disk_read": 0.7332415580749512,
                "disk_write": 14.54524040222168,
                "disk_used": 3.8531036376953125,
                "disk_free": 24.148971557617188,
                "virtual_used": 1.4811744689941406,
                "virtual_free": 2.2657814025878906,
                "sample": 1
            }
        ],
        "response_time": 0.0009055137634277344
    },
    "create": {
        "baseline": {
            "cpu_util": 0.0,
            "disk_read": 0.7332415580749512,
            "disk_write": 14.54524040222168,
            "disk_used": 3.8531036376953125,
            "disk_free": 24.148971557617188,
            "virtual_used": 1.4811744689941406,
            "virtual_free": 2.2657814025878906
        },
        "samples": [
            {
                "cpu_util": 31.8,
                "disk_read": 0.7332415580749512,
                "disk_write": 14.545732498168945,
                "disk_used": 3.8531150817871094,
                "disk_free": 24.14896011352539,
                "virtual_used": 1.4802513122558594,
                "virtual_free": 2.266704559326172,
                "sample": 1
            }
        ],
        "response_time": 0.08454155921936035
    },
    "insertOneStruct": {
        "baseline": {
            "cpu_util": 0.0,
            "disk_read": 0.7332415580749512,
            "disk_write": 14.545907974243164,
            "disk_used": 3.8531150817871094,
            "disk_free": 24.14896011352539,
            "virtual_used": 1.4802284240722656,
            "virtual_free": 2.2667274475097656
        },
        "samples": [
            {
                "cpu_util": 9.1,
                "disk_read": 0.7332415580749512,
                "disk_write": 14.54591178894043,
                "disk_used": 3.8531150817871094,
                "disk_free": 24.14896011352539,
                "virtual_used": 1.48046875,
                "virtual_free": 2.2664871215820312,
                "sample": 1
            }
        ],
        "response_time": 0.0007534027099609375
    }
}