{
    "delete": {
        "baseline": {
            "cpu_util": 0.0,
            "disk_read": 0.35185956954956055,
            "disk_write": 13.26817512512207,
            "disk_used": 4.757572174072266,
            "disk_free": 23.244503021240234,
            "virtual_used": 2.8168678283691406,
            "virtual_free": 0.9300880432128906
        },
        "samples": [
            {
                "cpu_util": 0.0,
                "disk_read": 0.35185956954956055,
                "disk_write": 13.268178939819336,
                "disk_used": 4.757575988769531,
                "disk_free": 23.24449920654297,
                "virtual_used": 2.816864013671875,
                "virtual_free": 0.9300918579101562,
                "sample": 1
            }
        ],
        "response_time": 0.0010340213775634766
    },
    "create": {
        "baseline": {
            "cpu_util": 0.0,
            "disk_read": 0.35185956954956055,
            "disk_write": 13.268178939819336,
            "disk_used": 4.757575988769531,
            "disk_free": 23.24449920654297,
            "virtual_used": 2.816864013671875,
            "virtual_free": 0.9300918579101562
        },
        "samples": [
            {
                "cpu_util": 50.0,
                "disk_read": 0.35185956954956055,
                "disk_write": 13.268178939819336,
                "disk_used": 4.757575988769531,
                "disk_free": 23.24449920654297,
                "virtual_used": 2.816864013671875,
                "virtual_free": 0.9300918579101562,
                "sample": 1
            },
            {
                "cpu_util": 52.0,
                "disk_read": 0.35185956954956055,
                "disk_write": 13.268178939819336,
                "disk_used": 4.757575988769531,
                "disk_free": 23.24449920654297,
                "virtual_used": 2.8243141174316406,
                "virtual_free": 0.9226417541503906,
                "sample": 2
            },
            {
                "cpu_util": 50.0,
                "disk_read": 0.35185956954956055,
                "disk_write": 13.268178939819336,
                "disk_used": 4.757575988769531,
                "disk_free": 23.24449920654297,
                "virtual_used": 2.8007850646972656,
                "virtual_free": 0.9461708068847656,
                "sample": 3
            },
            {
                "cpu_util": 50.0,
                "disk_read": 0.35185956954956055,
                "disk_write": 13.268178939819336,
                "disk_used": 4.757575988769531,
                "disk_free": 23.24449920654297,
                "virtual_used": 2.8087158203125,
                "virtual_free": 0.9382400512695312,
                "sample": 4
            },
            {
                "cpu_util": 51.3,
                "disk_read": 0.35185956954956055,
                "disk_write": 13.268274307250977,
                "disk_used": 4.757575988769531,
                "disk_free": 23.24449920654297,
                "virtual_used": 2.8163795471191406,
                "virtual_free": 0.9305763244628906,
                "sample": 5
            },
            {
                "cpu_util": 54.2,
                "disk_read": 0.35185956954956055,
                "disk_write": 13.268274307250977,
                "disk_used": 4.757575988769531,
                "disk_free": 23.24449920654297,
                "virtual_used": 2.873340606689453,
                "virtual_free": 0.8736152648925781,
                "sample": 6
            },
            {
                "cpu_util": 50.0,
                "disk_read": 0.35186338424682617,
                "disk_write": 13.270280838012695,
                "disk_used": 4.7575836181640625,
                "disk_free": 23.244491577148438,
                "virtual_used": 2.8659095764160156,
                "virtual_free": 0.8810462951660156,
                "sample": 7
            },
            {
                "cpu_util": 54.5,
                "disk_read": 0.35186338424682617,
                "disk_write": 13.277868270874023,
                "disk_used": 4.7575836181640625,
                "disk_free": 23.244491577148438,
                "virtual_used": 2.882537841796875,
                "virtual_free": 0.8644180297851562,
                "sample": 8
            },
            {
                "cpu_util": 71.4,
                "disk_read": 0.35186338424682617,
                "disk_write": 13.280889511108398,
                "disk_used": 4.758583068847656,
                "disk_free": 23.243492126464844,
                "virtual_used": 2.8643531799316406,
                "virtual_free": 0.8826026916503906,
                "sample": 9
            },
            {
                "cpu_util": 100.0,
                "disk_read": 0.35186338424682617,
                "disk_write": 13.283636093139648,
                "disk_used": 4.773349761962891,
                "disk_free": 23.22872543334961,
                "virtual_used": 2.865020751953125,
                "virtual_free": 0.8819351196289062,
                "sample": 10
            },
            {
                "cpu_util": 68.0,
                "disk_read": 0.35189390182495117,
                "disk_write": 13.382928848266602,
                "disk_used": 4.776153564453125,
                "disk_free": 23.225921630859375,
                "virtual_used": 2.863628387451172,
                "virtual_free": 0.8833274841308594,
                "sample": 11
            },
            {
                "cpu_util": 59.1,
                "disk_read": 0.35189390182495117,
                "disk_write": 13.382928848266602,
                "disk_used": 4.2886199951171875,
                "disk_free": 23.713455200195312,
                "virtual_used": 2.8568801879882812,
                "virtual_free": 0.89007568359375,
                "sample": 12
            },
            {
                "cpu_util": 52.6,
                "disk_read": 0.35189390182495117,
                "disk_write": 13.388528823852539,
                "disk_used": 4.2886199951171875,
                "disk_free": 23.713455200195312,
                "virtual_used": 2.856647491455078,
                "virtual_free": 0.8903083801269531,
                "sample": 13
            },
            {
                "cpu_util": 100.0,
                "disk_read": 0.35189390182495117,
                "disk_write": 13.392400741577148,
                "disk_used": 4.294647216796875,
                "disk_free": 23.707427978515625,
                "virtual_used": 2.8643112182617188,
                "virtual_free": 0.8826446533203125,
                "sample": 14
            },
            {
                "cpu_util": 85.7,
                "disk_read": 0.35189390182495117,
                "disk_write": 13.394010543823242,
                "disk_used": 4.072559356689453,
                "disk_free": 23.929515838623047,
                "virtual_used": 2.86407470703125,
                "virtual_free": 0.8828811645507812,
                "sample": 15
            },
            {
                "cpu_util": 73.7,
                "disk_read": 0.35189390182495117,
                "disk_write": 13.39811897277832,
                "disk_used": 3.7803802490234375,
                "disk_free": 24.221694946289062,
                "virtual_used": 2.609844207763672,
                "virtual_free": 1.1371116638183594,
                "sample": 16
            },
            {
                "cpu_util": 50.0,
                "disk_read": 0.35189390182495117,
                "disk_write": 13.402425765991211,
                "disk_used": 3.7803802490234375,
                "disk_free": 24.221694946289062,
                "virtual_used": 2.631267547607422,
                "virtual_free": 1.1156883239746094,
                "sample": 17
            },
            {
                "cpu_util": 52.4,
                "disk_read": 0.35189390182495117,