{
    "delete": {
        "baseline": {
            "cpu_util": 0.0,
            "disk_read": 53.620033740997314,
            "disk_write": 5.933298110961914,
            "disk_used": 5.880790710449219,
            "disk_free": 22.12128448486328,
            "virtual_used": 0.9742507934570312,
            "virtual_free": 0.8916130065917969
        },
        "samples": [
            {
                "cpu_util": 0.0,
                "disk_read": 53.620033740997314,
                "disk_write": 5.93330192565918,
                "disk_used": 5.880790710449219,
                "disk_free": 22.12128448486328,
                "virtual_used": 0.9742431640625,
                "virtual_free": 0.8916206359863281,
                "sample": 1
            }
        ],
        "response_time": 0.0009052753448486328
    },
    "create": {
        "baseline": {
            "cpu_util": 0.0,
            "disk_read": 53.620033740997314,
            "disk_write": 5.93330192565918,
            "disk_used": 5.880790710449219,
            "disk_free": 22.12128448486328,
            "virtual_used": 0.9742431640625,
            "virtual_free": 0.8916206359863281
        },
        "samples": [
            {
                "cpu_util": 28.6,
                "disk_read": 53.620033740997314,
                "disk_write": 5.933465957641602,
                "disk_used": 5.88079833984375,
                "disk_free": 22.12127685546875,
                "virtual_used": 0.9705848693847656,
                "virtual_free": 0.8952789306640625,
                "sample": 1
            }
        ],
        "response_time": 0.07617998123168945
    },
    "insertManyStruct": {
        "baseline": {
            "cpu_util": 0.0,
            "disk_read": 53.620033740997314,
            "disk_write": 5.933958053588867,
            "disk_used": 5.88079833984375,
            "disk_free": 22.12127685546875,
            "virtual_used": 0.9709968566894531,
            "virtual_free": 0.894866943359375
        },
        "samples": [
            {
                "cpu_util": 50.0,
                "disk_read": 53.620033740997314,
                "disk_write": 5.933958053588867,
                "disk_used": 5.88079833984375,
                "disk_free": 22.12127685546875,
                "virtual_used": 0.9726791381835938,
                "virtual_free": 0.8931846618652344,
                "sample": 1
            },
            {
                "cpu_util": 59.1,
                "disk_read": 53.620033740997314,
                "disk_write": 5.934614181518555,
                "disk_used": 5.88079833984375,
                "disk_free": 22.12127685546875,
                "virtual_used": 0.9704971313476562,
                "virtual_free": 0.8953666687011719,
                "sample": 2
            },
            {
                "cpu_util": 70.0,
                "disk_read": 53.620033740997314,
                "disk_write": 5.938199996948242,
                "disk_used": 5.884029388427734,
                "disk_free": 22.118045806884766,
                "virtual_used": 0.9818344116210938,
                "virtual_free": 0.8840293884277344,
                "sample": 3
            }
        ],
        "response_time": 0.8245182037353516
    }
}